aqs id,Date_local,latitude_x,longitude_x,Avg temp Centrigrade,sunshine minutes,pm2.5_conc
01-073-0023,1/1/2016,33.553056,-86.815,4.3,,8.8
01-073-0023,1/4/2016,33.553056,-86.815,3.4,,6.6
01-073-0023,1/7/2016,33.553056,-86.815,7.6,,7.9
01-073-0023,1/10/2016,33.553056,-86.815,5.3,,1.9
01-073-0023,1/13/2016,33.553056,-86.815,4.9,,9.1
01-073-0023,1/16/2016,33.553056,-86.815,9.7,,5.8
01-073-0023,1/19/2016,33.553056,-86.815,-2.3,,5.3
01-073-0023,1/22/2016,33.553056,-86.815,7.5,,4.4
01-073-0023,1/25/2016,33.553056,-86.815,6.7,,8.9
01-073-0023,1/28/2016,33.553056,-86.815,5.2,,5.7
01-073-0023,1/31/2016,33.553056,-86.815,16.3,,4.6
01-073-0023,2/3/2016,33.553056,-86.815,16.2,,2.7
01-073-0023,2/6/2016,33.553056,-86.815,4.3,,10.1
01-073-0023,2/9/2016,33.553056,-86.815,2.7,,4.5
01-073-0023,2/12/2016,33.553056,-86.815,9.5,,12.5
01-073-0023,2/27/2016,33.553056,-86.815,7.2,,8.1
01-073-0023,3/1/2016,33.553056,-86.815,16.5,,9.7
01-073-0023,3/7/2016,33.553056,-86.815,15,,11.2
01-073-0023,3/10/2016,33.553056,-86.815,21.9,,7
01-073-0023,3/13/2016,33.553056,-86.815,18.9,,7.6
01-073-0023,3/16/2016,33.553056,-86.815,22.3,,12.4
01-073-0023,3/19/2016,33.553056,-86.815,15.8,,11.2
01-073-0023,3/22/2016,33.553056,-86.815,10.8,,15.4
01-073-0023,3/25/2016,33.553056,-86.815,14.7,,12.5
01-073-0023,3/28/2016,33.553056,-86.815,16.8,,7
01-073-0023,3/31/2016,33.553056,-86.815,19.9,,9.3
01-073-0023,4/3/2016,33.553056,-86.815,14,,6.3
01-073-0023,4/6/2016,33.553056,-86.815,15.7,,12.2
01-073-0023,4/9/2016,33.553056,-86.815,12.2,,5.3
01-073-0023,4/12/2016,33.553056,-86.815,15.7,,6.3
01-073-0023,4/15/2016,33.553056,-86.815,16.8,,6
01-073-0023,4/18/2016,33.553056,-86.815,18.3,,19.4
01-073-0023,4/21/2016,33.553056,-86.815,20.4,,8.5
01-073-0023,,33.553056,-86.815,19.4,,10.9
01-073-0023,4/27/2016,33.553056,-86.815,23.4,,8.4
01-073-0023,4/30/2016,33.553056,-86.815,22,,10.7
01-073-0023,5/3/2016,33.553056,-86.815,20,,6.2
01-073-0023,5/6/2016,33.553056,-86.815,15,,7.4
01-073-0023,5/9/2016,33.553056,-86.815,21.2,,9.8
01-073-0023,5/12/2016,33.553056,-86.815,24.8,,15.2
01-073-0023,5/15/2016,33.553056,-86.815,16,,5.8
01-073-0023,5/18/2016,33.553056,-86.815,22.7,,11.6
01-073-0023,5/21/2016,33.553056,-86.815,22.9,,8.8
01-073-0023,5/24/2016,33.553056,-86.815,22.9,,23
01-073-0023,5/27/2016,33.553056,-86.815,26.7,,13.6
01-073-0023,5/30/2016,33.553056,-86.815,26.5,,15.4
01-073-0023,6/2/2016,33.553056,-86.815,26.2,,19.9
01-073-0023,6/5/2016,33.553056,-86.815,24.3,,5.2
01-073-0023,6/8/2016,33.553056,-86.815,24.6,,7.4
01-073-0023,6/10/2016,33.553056,-86.815,26.8,,19.4
01-073-0023,6/11/2016,33.553056,-86.815,27.5,,22
01-073-0023,6/17/2016,33.553056,-86.815,26,,14.3
01-073-0023,6/20/2016,33.553056,-86.815,26.3,,11.1
01-073-0023,6/23/2016,33.553056,-86.815,29,,14.4
01-073-0023,6/26/2016,33.553056,-86.815,28.7,,16.3
01-073-0023,6/29/2016,33.553056,-86.815,27.8,,12.9
01-073-0023,7/2/2016,33.553056,-86.815,29.9,,15
01-073-0023,7/5/2016,33.553056,-86.815,29.4,,8.9
01-073-0023,7/8/2016,33.553056,-86.815,31.6,,12.9
01-073-0023,7/11/2016,33.553056,-86.815,26,,10.3
01-073-0023,7/14/2016,33.553056,-86.815,27,,9.4
01-073-0023,7/17/2016,33.553056,-86.815,27.2,,8.1
01-073-0023,7/20/2016,33.553056,-86.815,28.6,,18.2
01-073-0023,7/23/2016,33.553056,-86.815,28,,19.4
01-073-0023,7/26/2016,33.553056,-86.815,28.7,,10.3
01-073-0023,7/29/2016,33.553056,-86.815,27.2,,10.5
01-073-0023,8/1/2016,33.553056,-86.815,28.8,,12.1
01-073-0023,9/15/2016,33.553056,-86.815,28.1,,15.9
01-073-0023,9/18/2016,33.553056,-86.815,25.5,,4.7
01-073-0023,9/21/2016,33.553056,-86.815,28,,12.8
01-073-0023,9/24/2016,33.553056,-86.815,29,,19.8
01-073-0023,9/27/2016,33.553056,-86.815,24.7,,15.6
01-073-0023,9/30/2016,33.553056,-86.815,17.8,,8.4
01-073-0023,10/3/2016,33.553056,-86.815,22.3,,11.8
01-073-0023,10/6/2016,33.553056,-86.815,24.3,,9.1
01-073-0023,10/9/2016,33.553056,-86.815,19.5,,6.2
01-073-0023,10/12/2016,33.553056,-86.815,19.9,,16
01-073-0023,10/15/2016,33.553056,-86.815,23.2,,13.6
01-073-0023,11/20/2016,33.553056,-86.815,6.5,,4.7
01-073-0023,11/23/2016,33.553056,-86.815,13.4,,13.2
01-073-0023,11/26/2016,33.553056,-86.815,8.3,,11.5
01-073-0023,11/29/2016,33.553056,-86.815,16.9,,9.9
01-073-0023,12/2/2016,33.553056,-86.815,7.5,,13.1
01-073-0023,12/5/2016,33.553056,-86.815,10.3,,5.6
01-073-0023,12/14/2016,33.553056,-86.815,10.7,,6.8
01-073-0023,12/17/2016,33.553056,-86.815,14.8,,9.6
01-073-0023,12/20/2016,33.553056,-86.815,4.2,,12.5
01-073-0023,12/23/2016,33.553056,-86.815,11,,10.8
01-073-0023,12/26/2016,33.553056,-86.815,20.5,,8.9
01-073-0023,12/29/2016,33.553056,-86.815,15.2,,3.4
01-073-0023,1/1/2017,33.553056,-86.815,12.4,,4.1
01-073-0023,1/4/2017,33.553056,-86.815,10,,6.8
01-073-0023,1/7/2017,33.553056,-86.815,-4.6,,8.5
01-073-0023,1/10/2017,33.553056,-86.815,9,,12.1
01-073-0023,1/13/2017,33.553056,-86.815,19.5,,7.6
01-073-0023,1/16/2017,33.553056,-86.815,16.3,0,13.4
01-073-0023,1/19/2017,33.553056,-86.815,16.4,,6.3
01-073-0023,1/22/2017,33.553056,-86.815,14.9,,3.4
01-073-0023,1/25/2017,33.553056,-86.815,14.3,,6.9
01-073-0023,1/28/2017,33.553056,-86.815,5.1,,3.8
01-073-0023,2/3/2017,33.553056,-86.815,7,,4.5
01-073-0023,2/6/2017,33.553056,-86.815,12.5,,11.3
01-073-0023,2/9/2017,33.553056,-86.815,10.4,,4.2
01-073-0023,2/12/2017,33.553056,-86.815,20.7,,11.8
01-073-0023,3/23/2017,33.553056,-86.815,17,,20.7
01-073-0023,3/26/2017,33.553056,-86.815,18.1,,7.1
01-073-0023,3/29/2017,33.553056,-86.815,22.4,,12
01-073-0023,4/1/2017,33.553056,-86.815,17.4,,6.6
01-073-0023,4/4/2017,33.553056,-86.815,21.3,,7.7
01-073-0023,4/7/2017,33.553056,-86.815,13.4,,4.3
01-073-0023,4/10/2017,33.553056,-86.815,20,,11.4
01-073-0023,4/13/2017,33.553056,-86.815,21.8,,17.8
01-073-0023,4/16/2017,33.553056,-86.815,22.5,,6.6
01-073-0023,4/19/2017,33.553056,-86.815,23.7,,17.3
01-073-0023,4/22/2017,33.553056,-86.815,24,,7.7
01-073-0023,4/25/2017,33.553056,-86.815,18.4,,5.8
01-073-0023,4/28/2017,,-86.815,23.3,,15.1
01-073-0023,5/1/2017,33.553056,-86.815,20.4,,4.5
01-073-0023,5/4/2017,33.553056,-86.815,18.4,,2.5
01-073-0023,5/7/2017,33.553056,-86.815,18.3,,7.4
01-073-0023,5/10/2017,33.553056,-86.815,24,,18.8
01-073-0023,5/13/2017,33.553056,-86.815,21.1,,7.4
01-073-0023,5/16/2017,33.553056,-86.815,24.7,0,18.1
01-073-0023,5/19/2017,33.553056,-86.815,27.4,,10.5
01-073-0023,5/22/2017,33.553056,-86.815,23,,9.1
01-073-0023,5/25/2017,33.553056,-86.815,16.9,,4.5
01-073-0023,5/28/2017,33.553056,-86.815,24.8,,6.2
01-073-0023,5/31/2017,33.553056,-86.815,24.2,,13.3
01-073-0023,6/3/2017,33.553056,-86.815,24.3,,11
01-073-0023,6/6/2017,33.553056,-86.815,22.5,,5.3
01-073-0023,6/9/2017,33.553056,-86.815,22.4,,9.7
01-073-0023,6/12/2017,33.553056,-86.815,27.5,,6
01-073-0023,6/15/2017,33.553056,-86.815,26,,9.6
01-073-0023,6/18/2017,33.553056,-86.815,26.3,,5.4
01-073-0023,6/21/2017,33.553056,-86.815,23.2,,4.7
01-073-0023,6/24/2017,33.553056,-86.815,24.8,,6.2
01-073-0023,6/27/2017,33.553056,-86.815,24.5,,11.3
01-073-0023,6/30/2017,33.553056,-86.815,24.7,,7.6
01-073-0023,7/3/2017,33.553056,-86.815,27.3,,15.1
01-073-0023,7/6/2017,33.553056,-86.815,26.9,,6.8
01-073-0023,7/9/2017,33.553056,-86.815,27.1,,9.6
01-073-0023,7/12/2017,33.553056,-86.815,26.7,,7.9
01-073-0023,7/15/2017,33.553056,-86.815,25.4,,12.2
01-073-0023,7/18/2017,33.553056,-86.815,26.9,,10.8
01-073-0023,7/21/2017,33.553056,-86.815,30.1,,15.6
01-073-0023,7/24/2017,33.553056,-86.815,26,,10.5
01-073-0023,7/27/2017,33.553056,-86.815,28.7,,19.2
01-073-0023,7/30/2017,33.553056,-86.815,25,,9.8
01-073-0023,8/2/2017,33.553056,-86.815,25.7,,17.9
01-073-0023,8/5/2017,33.553056,-86.815,26.3,,14.2
01-073-0023,8/11/2017,33.553056,-86.815,24.9,,6.4
01-073-0023,8/14/2017,33.553056,-86.815,27,,8.9
01-073-0023,8/17/2017,33.553056,-86.815,28.4,,9.2
01-073-0023,8/20/2017,33.553056,-86.815,28.4,,16.5
01-073-0023,8/23/2017,33.553056,-86.815,25.8,,7.2
01-073-0023,8/26/2017,33.553056,-86.815,26.2,,11.7
01-073-0023,8/29/2017,33.553056,-86.815,23.7,,14.5
01-073-0023,9/1/2017,33.553056,-86.815,24.2,,3.6
01-073-0023,9/4/2017,33.553056,-86.815,23.7,,16.9
01-073-0023,9/7/2017,33.553056,-86.815,18.1,,8.7
01-073-0023,9/10/2017,33.553056,-86.815,21.5,,6.3
01-073-0023,9/13/2017,,-86.815,16.4,,8
01-073-0023,9/16/2017,33.553056,-86.815,24.5,,14.2
01-073-0023,9/19/2017,33.553056,-86.815,24.5,,11.6
01-073-0023,9/22/2017,33.553056,-86.815,26.2,,18.9
01-073-0023,9/25/2017,33.553056,-86.815,25.4,,12.4
01-073-0023,10/1/2017,33.553056,-86.815,22,,6.1
01-073-0023,10/4/2017,33.553056,-86.815,22.5,,12.4
01-073-0023,10/7/2017,33.553056,-86.815,24.5,,6
01-073-0023,10/10/2017,33.553056,-86.815,26.1,,8.6
01-073-0023,10/13/2017,33.553056,-86.815,21.9,,13.8
01-073-0023,10/16/2017,33.553056,-86.815,17.1,,2.9
01-073-0023,10/19/2017,33.553056,-86.815,16.1,,15.8
01-073-0023,10/22/2017,33.553056,-86.815,21.6,,6.4
01-073-0023,10/25/2017,33.553056,-86.815,10.9,,8.1
01-073-0023,10/28/2017,33.553056,-86.815,11.5,,0.5
01-073-0023,10/31/2017,33.553056,-86.815,14.5,,13.9
01-073-0023,11/3/2017,33.553056,-86.815,21.2,,10.9
01-073-0023,11/6/2017,33.553056,-86.815,21,,12
01-073-0023,11/9/2017,33.553056,-86.815,11,,7.1
01-073-0023,11/12/2017,33.553056,-86.815,13.3,,8.9
01-073-0023,11/15/2017,33.553056,-86.815,11.9,,22.9
01-073-0023,11/18/2017,33.553056,-86.815,17.9,,6.4
01-073-0023,11/21/2017,33.553056,-86.815,9.1,,17.2
01-073-0023,11/24/2017,33.553056,-86.815,8.4,,21.6
01-073-0023,11/27/2017,33.553056,-86.815,8.4,,17.7
01-073-0023,11/30/2017,33.553056,-86.815,15.8,,14.8
01-073-0023,12/3/2017,33.553056,-86.815,11.4,,24.1
01-073-0023,12/6/2017,33.553056,-86.815,6.5,,5.8
01-073-0023,12/9/2017,33.553056,-86.815,0.9,,6.1
01-073-0023,12/15/2017,33.553056,-86.815,3.5,,13.5
01-073-0023,12/18/2017,33.553056,-86.815,10.7,,13
01-073-0023,12/21/2017,33.553056,-86.815,13,,4.7
01-073-0023,12/24/2017,33.553056,-86.815,7.7,,2.4
01-073-0023,12/27/2017,33.553056,-86.815,4,,9.4
01-073-0023,12/30/2017,33.553056,-86.815,3.5,,14.4
01-073-0023,1/2/2018,33.553056,-86.815,-6.2,,10.7
01-073-0023,1/26/2018,33.553056,-86.815,8.4,,22.3
01-073-0023,1/29/2018,33.553056,-86.815,10.7,,6.2
01-073-0023,2/1/2018,33.553056,-86.815,13.3,,8.6
01-073-0023,2/4/2018,33.553056,-86.815,9.2,,10.1
01-073-0023,2/7/2018,33.553056,-86.815,12.6,,5.9
01-073-0023,2/10/2018,33.553056,-86.815,14.8,,3.2
01-073-0023,2/13/2018,33.553056,-86.815,10.3,,11.4
01-073-0023,2/16/2018,33.553056,-86.815,18.8,,4.4
01-073-0023,2/19/2018,33.553056,-86.815,17.9,,6.2
01-073-0023,2/22/2018,33.553056,-86.815,23.2,,9.6
01-073-0023,2/25/2018,33.553056,-86.815,15.8,,5.3
01-073-0023,2/28/2018,33.553056,-86.815,17,,6.5
01-073-0023,3/3/2018,33.553056,-86.815,9.9,,5
01-073-0023,3/6/2018,33.553056,-86.815,16,,5.2
01-073-0023,3/9/2018,33.553056,-86.815,7.4,,16.8
01-073-0023,3/12/2018,33.553056,-86.815,8.7,,4.5
01-073-0023,3/15/2018,33.553056,-86.815,9,,13.8
01-073-0023,3/18/2018,33.553056,-86.815,18,,12.7
01-073-0023,3/21/2018,33.553056,-86.815,7.3,,7.8
01-073-0023,3/24/2018,33.553056,-86.815,18.3,,10.5
01-073-0023,3/27/2018,33.553056,-86.815,13.2,,8.6
01-073-0023,3/30/2018,33.553056,-86.815,14.6,,5.7
01-073-0023,4/2/2018,33.553056,-86.815,20.8,,15.9
01-073-0023,4/5/2018,33.553056,-86.815,10.5,,10
01-073-0023,4/8/2018,33.553056,-86.815,7.1,,6.7
01-073-0023,4/11/2018,33.553056,-86.815,13.9,,11.7
01-073-0023,4/14/2018,33.553056,-86.815,21,,6.5
01-073-0023,4/17/2018,33.553056,-86.815,13.5,,9.2
01-073-0023,4/20/2018,33.553056,-86.815,12.2,,12.8
01-073-0023,4/23/2018,33.553056,-86.815,17.5,,6.6
01-073-0023,4/26/2018,33.553056,-86.815,15.4,,6.8
01-073-0023,4/29/2018,33.553056,-86.815,16.5,,6.3
01-073-0023,5/2/2018,33.553056,-86.815,23.3,,13.1
01-073-0023,5/5/2018,33.553056,-86.815,21.6,,14.3
01-073-0023,5/8/2018,33.553056,-86.815,22.5,,16.8
01-073-0023,5/11/2018,33.553056,-86.815,25.3,,17.5
01-073-0023,5/14/2018,33.553056,-86.815,26.8,,24.9
01-073-0023,5/17/2018,33.553056,-86.815,21.9,,6.3
01-073-0023,5/20/2018,33.553056,-86.815,26.4,,15.2
01-073-0023,5/23/2018,33.553056,-86.815,24.9,,9.8
01-073-0023,5/26/2018,33.553056,-86.815,23.8,,4.3
01-073-0023,5/29/2018,33.553056,-86.815,22,,5
01-073-0023,6/1/2018,33.553056,-86.815,26.5,,5.9
01-073-0023,6/4/2018,33.553056,-86.815,24.2,,8.3
01-073-0023,6/7/2018,33.553056,-86.815,25.9,,18.8
01-073-0023,6/10/2018,33.553056,-86.815,25.3,,8.3
01-073-0023,6/13/2018,33.553056,-86.815,23.7,,3.3
01-073-0023,6/16/2018,33.553056,-86.815,27.9,,11.3
01-073-0023,6/19/2018,33.553056,-86.815,27.9,,22.5
01-073-0023,6/22/2018,33.553056,-86.815,24.9,,6.6
01-073-0023,6/25/2018,33.553056,-86.815,26.7,,5
01-073-0023,7/1/2018,33.553056,-86.815,27.2,,9.3
01-073-0023,7/4/2018,33.553056,-86.815,27.9,,13.8
01-073-0023,7/7/2018,33.553056,-86.815,25.4,,7.3
01-073-0023,7/10/2018,33.553056,-86.815,28,,16.7
01-073-0023,7/13/2018,33.553056,-86.815,27.9,,11.9
01-073-0023,7/19/2018,33.553056,-86.815,27.2,,7
01-073-0023,7/22/2018,33.553056,-86.815,27.5,,7.3
01-073-0023,7/25/2018,33.553056,-86.815,27,,13
01-073-0023,7/28/2018,33.553056,-86.815,27.6,,10.3
01-073-0023,7/31/2018,33.553056,-86.815,26.8,,8.2
01-073-0023,8/5/2018,33.553056,-86.815,27.8,,8.8
01-073-0023,8/6/2018,33.553056,-86.815,27.9,,3.2
01-073-0023,8/9/2018,33.553056,-86.815,25.9,,5.4
01-073-0023,8/12/2018,33.553056,-86.815,27.4,,9.7
01-073-0023,8/15/2018,33.553056,-86.815,28.5,,12.4
01-073-0023,8/18/2018,33.553056,-86.815,26.2,,5.6
01-073-0023,8/21/2018,33.553056,-86.815,26.3,,8.3
01-073-0023,8/24/2018,33.553056,-86.815,24.9,,15.2
01-073-0023,8/27/2018,33.553056,-86.815,28.2,,14.8
01-073-0023,8/30/2018,33.553056,-86.815,26.5,,3.8
01-073-0023,9/5/2018,33.553056,-86.815,26.3,,9.9
01-073-0023,9/8/2018,33.553056,-86.815,28,,9.3
01-073-0023,9/11/2018,33.553056,-86.815,24.2,,8.4
01-073-0023,9/14/2018,33.553056,-86.815,27.4,,8.7
01-073-0023,9/20/2018,33.553056,-86.815,29,,16.1
01-073-0023,9/23/2018,33.553056,-86.815,27.1,,9
01-073-0023,9/26/2018,33.553056,-86.815,24.3,,6.1
01-073-0023,9/29/2018,33.553056,-86.815,23.5,,12.1
01-073-0023,10/2/2018,33.553056,-86.815,25.5,,8.3
01-073-0023,10/5/2018,33.553056,-86.815,26.2,,15.9
01-073-0023,10/8/2018,33.553056,-86.815,26.2,,6.7
01-073-0023,10/11/2018,33.553056,-86.815,22.8,,5.4
01-073-0023,10/14/2018,33.553056,-86.815,21.9,,7.1
01-073-0023,10/17/2018,33.553056,-86.815,16.9,,4.7
01-073-0023,10/20/2018,33.553056,-86.815,19.4,,8
01-073-0023,10/23/2018,33.553056,-86.815,13.9,,18.3
01-073-0023,10/26/2018,33.553056,-86.815,12.9,,0.9
01-073-0023,10/29/2018,33.553056,-86.815,16.9,,12.1
01-073-0023,11/2/2018,33.553056,-86.815,12.9,,5.9
01-073-0023,11/4/2018,33.553056,-86.815,14.4,,7.3
01-073-0023,12/10/2018,33.553056,-86.815,3.7,,9.1
01-073-0023,12/13/2018,33.553056,-86.815,10.7,,9.1
01-073-0023,12/16/2018,33.553056,-86.815,10.2,,5.2
01-073-0023,12/19/2018,33.553056,-86.815,8.8,,17.9
01-073-0023,12/22/2018,33.553056,-86.815,5.5,,7.9
01-073-0023,12/25/2018,33.553056,-86.815,6,,9.6
01-073-0023,12/28/2018,33.553056,-86.815,15.5,0,4.9
01-073-0023,12/31/2018,33.553056,-86.815,18.8,,5.5
01-073-0023,1/3/2019,33.553056,-86.815,10.9,,5.329167
01-073-0023,1/6/2019,33.553056,-86.815,9.3,,15.570833
01-073-0023,1/9/2019,33.553056,-86.815,10,,3.070833
01-073-0023,1/12/2019,33.553056,-86.815,9.2,,10.675
01-073-0023,1/15/2019,33.553056,-86.815,3.8,,12.3875
01-073-0023,1/18/2019,33.553056,-86.815,11.7,,15.708333
01-073-0023,1/21/2019,33.553056,-86.815,-0.1,,6.083333
01-073-0023,1/24/2019,33.553056,-86.815,5.2,,7.0625
01-073-0023,1/27/2019,33.553056,-86.815,5.4,,17
01-073-0023,1/30/2019,33.553056,-86.815,-0.6,,8.170833
01-073-0023,2/2/2019,33.553056,-86.815,11.1,,13.204167
01-073-0023,2/5/2019,33.553056,-86.815,18,,9.945833
01-073-0023,2/8/2019,33.553056,-86.815,10.4,,5.2875
01-073-0023,2/11/2019,33.553056,-86.815,12.7,,12.604167
01-073-0023,2/14/2019,33.553056,-86.815,9.3,,10.5625
01-073-0023,2/17/2019,33.553056,-86.815,13,,11.0125
01-073-0023,2/20/2019,33.553056,-86.815,10.2,,6.491667
01-073-0023,2/23/2019,33.553056,-86.815,17.4,,9.866667
01-073-0023,2/26/2019,33.553056,-86.815,13.3,,9.470833
01-073-0023,3/1/2019,33.553056,-86.815,16.8,,5.9875
01-073-0023,3/4/2019,33.553056,-86.815,2.4,,10.095833
01-073-0023,3/7/2019,33.553056,-86.815,5.3,,16.316667
01-073-0023,3/10/2019,33.553056,-86.815,18.3,,7.166667
01-073-0023,3/13/2019,33.553056,-86.815,18.8,,7.95
01-073-0023,3/16/2019,33.553056,-86.815,9.7,,3.816667
01-073-0023,3/19/2019,33.553056,-86.815,9.3,,9.208333
01-073-0023,3/22/2019,33.553056,-86.815,12.2,,8.320833
01-073-0023,3/25/2019,33.553056,-86.815,17.9,,12.620833
01-073-0023,3/28/2019,33.553056,-86.815,15.9,,9.795833
01-073-0023,3/31/2019,33.553056,-86.815,10.4,,6.0375
01-073-0023,4/3/2019,33.553056,-86.815,13.6,,16.191667
01-073-0023,4/6/2019,33.553056,-86.815,19.2,,14.041667
01-073-0023,4/9/2019,33.553056,-86.815,21,,6.3375
01-073-0023,4/12/2019,33.553056,-86.815,22.3,,7.883333
01-073-0023,4/15/2019,33.553056,-86.815,12.1,,6.941667
01-073-0023,4/18/2019,33.553056,-86.815,21.9,,9.120833
01-073-0023,4/21/2019,33.553056,-86.815,13.9,,10.0875
01-073-0023,4/24/2019,33.553056,-86.815,21.5,,15.095652
01-073-0023,4/27/2019,33.553056,-86.815,17,,11.416667
01-073-0023,4/30/2019,33.553056,-86.815,22.7,,17.966667
01-073-0023,5/6/2019,33.553056,-86.815,19.9,,9.795833
01-073-0023,5/9/2019,33.553056,-86.815,22.7,,6.875
01-073-0023,5/12/2019,33.553056,-86.815,20.7,,4.766667
01-073-0023,5/15/2019,33.553056,-86.815,18.3,,16.4875
01-073-0023,5/18/2019,33.553056,-86.815,24.8,,14.008333
01-073-0023,5/21/2019,33.553056,-86.815,25.9,,13.108333
01-073-0023,5/24/2019,33.553056,-86.815,26.9,,18.395833
01-073-0023,5/27/2019,33.553056,-86.815,28.1,,21.4625
01-073-0023,5/30/2019,33.553056,-86.815,27,,13.280952
01-073-0023,6/5/2019,33.553056,-86.815,27.4,,17.775
01-073-0023,6/8/2019,33.553056,-86.815,24.5,,6.475
01-073-0023,6/11/2019,33.553056,-86.815,23,,6.408333
01-073-0023,6/14/2019,33.553056,-86.815,21.8,,11.666667
01-073-0023,6/17/2019,33.553056,-86.815,27,,7.6
01-073-0023,6/20/2019,33.553056,-86.815,27.2,,6.620833
01-073-0023,6/23/2019,33.553056,-86.815,25.4,,15.208333
01-073-0023,6/26/2019,33.553056,-86.815,27,,11.120833
01-073-0023,6/29/2019,33.553056,-86.815,25.8,,10.470833
01-073-0023,7/2/2019,33.553056,-86.815,29.7,,13.654167
01-073-0023,7/5/2019,33.553056,-86.815,29.5,,15.1875
01-073-0023,7/8/2019,33.553056,-86.815,27,,8.808333
01-073-0023,7/11/2019,33.553056,-86.815,29,,9.795833
01-073-0023,7/14/2019,33.553056,-86.815,27,,11.666667
01-073-0023,7/17/2019,33.553056,-86.815,28.1,,10.579167
01-073-0023,7/20/2019,33.553056,-86.815,26.4,,5.929167
01-073-0023,7/23/2019,33.553056,-86.815,25.8,,6.333333
01-073-0023,7/26/2019,33.553056,-86.815,26.2,,15.304167
01-073-0023,7/29/2019,33.553056,-86.815,27.9,,18.766667
01-073-0023,8/1/2019,33.553056,-86.815,25.4,,13.383333
01-073-0023,8/4/2019,33.553056,-86.815,25.9,,8.895833
01-073-0023,8/7/2019,33.553056,-86.815,28.8,,14.2
01-073-0023,8/10/2019,33.553056,-86.815,27.8,,8.575
01-073-0023,8/13/2019,33.553056,-86.815,31.5,,12.920833
01-073-0023,8/16/2019,33.553056,-86.815,28.2,,7.8375
01-073-0023,8/19/2019,33.553056,-86.815,30.2,,12.695833
01-073-0023,8/22/2019,33.553056,-86.815,27,,14.775
01-073-0023,8/25/2019,33.553056,-86.815,25,,6.558333
01-073-0023,8/28/2019,33.553056,-86.815,25.9,,7.304167
01-073-0023,8/31/2019,33.553056,-86.815,26.8,,12.404167
01-073-0023,9/3/2019,33.553056,-86.815,27.7,,12.708333
01-073-0023,9/6/2019,33.553056,-86.815,24.8,,8.770833
01-073-0023,9/9/2019,33.553056,-86.815,27.8,,16.965217
01-073-0023,9/12/2019,33.553056,-86.815,28.2,,16.925
01-073-0023,9/15/2019,33.553056,-86.815,28.3,,15.166667
01-073-0023,9/18/2019,33.553056,-86.815,29.2,,17.5625
01-073-0023,9/21/2019,33.553056,-86.815,25.4,,8.575
01-073-0023,9/24/2019,33.553056,-86.815,28,,9.0625
01-073-0023,9/27/2019,33.553056,-86.815,28.8,,18.7625
01-073-0023,9/30/2019,33.553056,-86.815,29,,18.2625
01-073-0023,10/3/2019,33.553056,-86.815,30.4,,22.35
01-073-0023,10/6/2019,33.553056,-86.815,24.3,,9.645833
01-073-0023,10/9/2019,33.553056,-86.815,21.7,,10.391667
01-073-0023,10/12/2019,33.553056,-86.815,18.4,,4.845833
01-073-0023,10/15/2019,33.553056,-86.815,19.9,,8.670833
01-073-0023,10/18/2019,33.553056,-86.815,12.7,,7.7
01-073-0023,10/24/2019,33.553056,-86.815,14.9,,11.133333
01-073-0023,10/27/2019,33.553056,-86.815,15.9,,5.720833
01-073-0023,10/30/2019,33.553056,-86.815,21,,4.8375
01-073-0023,11/2/2019,33.553056,-86.815,7,,8.858333
01-073-0023,11/5/2019,33.553056,-86.815,15,,14.904167
01-073-0023,11/8/2019,33.553056,-86.815,8.8,,9.4625
01-073-0023,11/11/2019,33.553056,-86.815,12.6,,14.729167
01-073-0023,11/14/2019,33.553056,-86.815,5.4,,12.125
01-073-0023,11/17/2019,33.553056,-86.815,8.7,,17.4125
01-073-0023,11/20/2019,33.553056,-86.815,10.9,,13.041667
01-073-0023,11/23/2019,33.553056,-86.815,16.3,,6.595833
01-073-0023,11/26/2019,33.553056,-86.815,12.9,,11.125
01-073-0023,11/29/2019,33.553056,-86.815,12.3,,7.625
01-073-0023,12/2/2019,33.553056,-86.815,6,,3.258333
01-073-0023,12/5/2019,33.553056,-86.815,9.2,,17.091667
01-073-0023,12/8/2019,33.553056,-86.815,14.7,,16.141667
01-073-0023,12/11/2019,33.553056,-86.815,3.8,,6.766667
01-073-0023,12/14/2019,33.553056,-86.815,9.3,,10.825
01-073-0023,12/17/2019,33.553056,-86.815,10.7,,4.433333
01-073-0023,12/20/2019,33.553056,-86.815,6.2,,13.5
01-073-0023,12/23/2019,33.553056,-86.815,11.4,,2.591667
01-073-0023,12/26/2019,33.553056,-86.815,14.7,,8.8375
01-073-0023,12/29/2019,33.553056,-86.815,19.6,,4.679167
01-073-0023,1/4/2020,33.553056,-86.815,12.7,,5.341667
01-073-0023,1/10/2020,33.553056,-86.815,18,,10.558333
01-073-0023,1/16/2020,33.553056,-86.815,16.7,,6.354167
01-073-0023,1/28/2020,33.553056,-86.815,8.1,0,17.675
01-073-0023,2/3/2020,33.553056,-86.815,15.5,,7.0375
01-073-0023,2/9/2020,33.553056,-86.815,8.2,,9.291667
01-073-0023,2/15/2020,33.553056,-86.815,5,,8.125
01-073-0023,2/21/2020,33.553056,-86.815,3.3,,9.95
01-073-0023,2/27/2020,33.553056,-86.815,4.6,,4.841667
01-073-0023,3/4/2020,33.553056,-86.815,14.5,,9.716667
01-073-0023,3/10/2020,33.553056,-86.815,17,,6.458333
01-073-0023,3/16/2020,33.553056,-86.815,15,,10.5
01-073-0023,3/25/2020,33.553056,-86.815,19.8,,7.6125
01-073-0023,3/28/2020,33.553056,-86.815,24.1,,14.545833
01-073-0023,4/3/2020,33.553056,-86.815,16,,14.75
01-073-0023,4/9/2020,33.553056,-86.815,21.5,,7.2625
01-073-0023,4/15/2020,33.553056,-86.815,9.8,,7.9875
01-073-0023,4/21/2020,33.553056,-86.815,16.9,,9.354167
01-073-0023,4/27/2020,33.553056,-86.815,14.3,,8.029167
01-073-0023,5/3/2020,33.553056,-86.815,22.9,,8.933333
01-073-0023,5/9/2020,33.553056,-86.815,12.5,,5.666667
01-073-0023,5/15/2020,33.553056,-86.815,24.5,,10.833333
01-073-0023,5/21/2020,33.553056,-86.815,20.3,,8.6
01-073-0023,5/29/2020,33.553056,-86.815,24.2,,13.554167
01-073-0023,6/2/2020,33.553056,-86.815,26.7,,12.0625
01-073-0023,6/8/2020,33.553056,-86.815,26.7,,6.208333
01-073-0023,6/14/2020,33.553056,-86.815,26.1,,13.329167
01-073-0023,6/20/2020,33.553056,-86.815,27.7,,17.358333
01-073-0023,6/26/2020,33.553056,-86.815,23.2,,35.066667
01-073-0023,7/2/2020,33.553056,-86.815,26.3,,7.55
01-073-0023,7/8/2020,33.553056,-86.815,25.8,,8.2
01-073-0023,7/14/2020,33.553056,-86.815,27.7,,15.233333
01-073-0023,7/20/2020,33.553056,-86.815,28.8,,13.754167
01-073-0023,7/26/2020,33.553056,-86.815,26.3,,6.4375
01-073-0023,8/1/2020,33.553056,-86.815,26.8,,9.825
01-073-0023,8/7/2020,33.553056,-86.815,26.9,,15.683333
01-073-0023,8/13/2020,33.553056,-86.815,27.7,,11.3
01-073-0023,8/19/2020,33.553056,-86.815,27,,10.804167
01-073-0023,8/25/2020,33.553056,-86.815,25.6,,3.995833
01-073-0023,8/31/2020,33.553056,-86.815,26.3,,7.045833
01-073-0023,9/6/2020,33.553056,-86.815,24.1,,10.375
01-073-0023,9/12/2020,33.553056,-86.815,27.5,,7.941667
01-073-0023,9/18/2020,33.553056,-86.815,23.7,,12.233333
01-073-0023,9/24/2020,33.553056,-86.815,19.2,,7.308333
01-073-0023,9/30/2020,33.553056,-86.815,17,,8.586957
01-073-0023,10/6/2020,33.553056,-86.815,19.7,,21.583333
01-073-0023,10/9/2020,33.553056,-86.815,21.9,,17.0375
01-073-0023,10/13/2020,33.553056,-86.815,21.9,,7.075
01-073-0023,10/15/2020,33.553056,-86.815,21,,17.116667
01-073-0023,10/18/2020,33.553056,-86.815,17.7,,10.475
01-073-0023,10/21/2020,33.553056,-86.815,22,,12.3875
01-073-0023,10/24/2020,33.553056,-86.815,20.6,,7.216667
01-073-0023,10/27/2020,33.553056,-86.815,20.8,,11.825
01-073-0023,10/30/2020,33.553056,-86.815,11.7,,10
01-073-0023,11/3/2020,33.553056,-86.815,9.5,,17.479167
01-073-0023,11/5/2020,33.553056,-86.815,14,,23.841667
01-073-0023,11/8/2020,33.553056,-86.815,21.1,,7.129167
01-073-0023,11/11/2020,33.553056,-86.815,22.8,,5.6625
01-073-0023,11/14/2020,33.553056,-86.815,15.5,,17.3375
01-073-0023,11/17/2020,33.553056,-86.815,9.6,,11.282609
01-073-0023,11/20/2020,33.553056,-86.815,14.5,,14.25
01-073-0023,11/24/2020,33.553056,-86.815,10.2,,11.4875
01-073-0023,11/26/2020,33.553056,-86.815,16.7,,9.4
01-073-0023,12/2/2020,33.553056,-86.815,3,,18.545833
01-073-0023,12/5/2020,33.553056,-86.815,6.8,,9.920833
01-073-0023,12/8/2020,33.553056,-86.815,3.4,,18.575
01-073-0023,12/11/2020,33.553056,-86.815,11.4,,24.616667
01-073-0023,12/15/2020,33.553056,-86.815,4.8,,10.008333
01-073-0023,12/17/2020,33.553056,-86.815,3.1,,14.979167
01-073-0023,12/20/2020,33.553056,-86.815,10.8,,9.7125
01-073-0023,12/23/2020,33.553056,-86.815,10.4,,11.766667
01-073-0023,12/29/2020,33.553056,-86.815,9.3,,15.108333
01-103-0011,8/1/2020,34.530717,-86.967536,24.9,,5.916667
01-103-0011,8/4/2020,34.530717,-86.967536,24.9,,10.729167
01-103-0011,8/7/2020,34.530717,-86.967536,26,,11.216667
01-103-0011,8/10/2020,,-86.967536,28.8,,14.4
01-103-0011,8/13/2020,34.530717,-86.967536,26.7,,8.420833
01-103-0011,8/16/2020,34.530717,-86.967536,25.8,,14.391667
01-103-0011,8/19/2020,34.530717,-86.967536,23.8,,7.916667
01-103-0011,8/22/2020,34.530717,-86.967536,22.4,,7.208333
01-103-0011,8/25/2020,34.530717,-86.967536,24,,4.725
01-103-0011,8/28/2020,34.530717,-86.967536,25.2,,4.583333
01-103-0011,8/31/2020,34.530717,-86.967536,24.2,,6.783333
01-103-0011,9/3/2020,34.530717,-86.967536,27.4,,20.075
01-103-0011,9/6/2020,34.530717,-86.967536,21.6,,7.441667
01-103-0011,9/9/2020,34.530717,-86.967536,23.5,3,10.233333
01-103-0011,9/12/2020,34.530717,-86.967536,26.1,,6.075
01-103-0011,9/15/2020,34.530717,-86.967536,23.4,,9.2625
01-103-0011,9/18/2020,34.530717,-86.967536,20.6,,11.883333
01-103-0011,9/21/2020,34.530717,-86.967536,17.6,,4.491667
01-103-0011,9/24/2020,34.530717,-86.967536,15.9,,3.966667
01-103-0011,9/27/2020,34.530717,-86.967536,20.6,,10.0125
01-103-0011,9/30/2020,34.530717,-86.967536,16.1,,5.358333
01-103-0011,10/3/2020,34.530717,-86.967536,12.4,,5.279167
01-103-0011,10/6/2020,34.530717,-86.967536,16.5,,13.220833
01-103-0011,10/9/2020,34.530717,-86.967536,20.6,,17.795833
01-103-0011,10/12/2020,34.530717,-86.967536,22.6,,9.920833
01-103-0011,10/15/2020,34.530717,-86.967536,18.7,,10.233333
01-103-0011,10/18/2020,34.530717,-86.967536,16.3,,8.825
01-103-0011,10/21/2020,34.530717,-86.967536,19.9,,9.25
01-103-0011,10/24/2020,34.530717,-86.967536,14.9,,4.6
01-103-0011,10/27/2020,34.530717,-86.967536,18.8,,10.595833
01-103-0011,10/30/2020,34.530717,-86.967536,9.6,,9.895833
01-103-0011,11/2/2020,34.530717,-86.967536,5.6,,7.1
01-103-0011,11/5/2020,34.530717,-86.967536,11.5,,13.220833
01-103-0011,11/8/2020,34.530717,-86.967536,20.1,,6.108333
01-103-0011,11/11/2020,34.530717,-86.967536,19.1,,7.4375
01-103-0011,11/14/2020,34.530717,-86.967536,13.5,,13.25
01-103-0011,11/17/2020,34.530717,-86.967536,7.6,,6.833333
01-103-0011,11/20/2020,34.530717,-86.967536,11.6,,13.145833
01-103-0011,11/23/2020,34.530717,-86.967536,6.9,,5.4
01-103-0011,11/26/2020,34.530717,-86.967536,9.4,,7.983333
01-103-0011,11/29/2020,34.530717,-86.967536,8,,10.125
01-103-0011,12/2/2020,34.530717,-86.967536,0,,7.8
01-103-0011,12/5/2020,34.530717,-86.967536,4.9,,9.7125
01-103-0011,12/8/2020,34.530717,-86.967536,0.9,,18.316667
01-103-0011,12/11/2020,34.530717,-86.967536,9.8,,14.145833
01-103-0011,12/14/2020,34.530717,-86.967536,4.3,,6.841667
01-103-0011,12/17/2020,34.530717,-86.967536,1.2,,12.820833
01-103-0011,12/20/2020,34.530717,-86.967536,6.9,,9.441667
01-103-0011,12/23/2020,34.530717,-86.967536,10.2,,6.320833
01-103-0011,12/26/2020,34.530717,-86.967536,-0.2,,4.816667
01-103-0011,12/29/2020,34.530717,-86.967536,7.4,,13.920833
01-113-0003,9/19/2017,32.437028,-84.999653,27.5,,21.1
01-113-0003,9/22/2017,32.437028,-84.999653,27.2,,18.9
01-113-0003,9/25/2017,32.437028,-84.999653,27.2,,14.4
01-113-0003,9/28/2017,32.437028,-84.999653,28.2,,18.7
01-113-0003,10/1/2017,32.437028,-84.999653,22.7,,11.7
01-113-0003,10/4/2017,32.437028,-84.999653,24.1,,13.9
01-113-0003,10/13/2017,32.437028,-84.999653,26.3,,16.3
01-113-0003,10/19/2017,32.437028,-84.999653,18.8,,15.7
01-113-0003,10/22/2017,32.437028,-84.999653,23.4,,12
01-113-0003,10/25/2017,32.437028,-84.999653,14,,9.3
01-113-0003,10/28/2017,32.437028,-84.999653,16.5,,7.9
01-113-0003,10/31/2017,32.437028,-84.999653,14.8,,12.6
01-113-0003,11/24/2017,32.437028,-84.999653,12.7,,16
01-113-0003,11/27/2017,32.437028,-84.999653,10.6,,11.7
01-113-0003,11/30/2017,32.437028,-84.999653,17.7,,18.4
01-113-0003,12/3/2017,32.437028,-84.999653,16.1,,23.6
01-113-0003,12/6/2017,32.437028,-84.999653,10,,6.3
01-113-0003,12/9/2017,32.437028,-84.999653,4.5,,6.1
01-113-0003,12/12/2017,32.437028,-84.999653,9.5,,13.6
01-113-0003,12/15/2017,32.437028,-84.999653,6.8,,18.8
01-113-0003,12/18/2017,32.437028,-84.999653,16,,15.7
01-113-0003,12/21/2017,32.437028,-84.999653,15.1,,9.7
01-113-0003,12/24/2017,32.437028,-84.999653,12.4,,5.4
01-113-0003,12/27/2017,32.437028,-84.999653,8.1,,10.5
01-113-0003,12/30/2017,32.437028,-84.999653,7.6,,12.4
01-113-0003,1/2/2018,32.437028,-84.999653,-1.4,,12.2
01-113-0003,1/5/2018,32.437028,-84.999653,0.5,,11.5
01-113-0003,1/8/2018,32.437028,-84.999653,6.4,,9.9
01-113-0003,1/11/2018,32.437028,-84.999653,19.1,,11.1
01-113-0003,1/14/2018,32.437028,-84.999653,2,,8.6
01-113-0003,1/17/2018,32.437028,-84.999653,-2.5,,24.5
01-113-0003,1/20/2018,32.437028,-84.999653,7.3,,15.7
01-113-0003,1/23/2018,32.437028,-84.999653,14,,10.5
01-113-0003,1/26/2018,32.437028,-84.999653,10.6,,27.8
01-113-0003,1/29/2018,32.437028,-84.999653,14.1,,5.7
01-113-0003,2/1/2018,32.437028,-84.999653,11.3,,18
01-113-0003,2/4/2018,32.437028,-84.999653,12.1,,8.8
01-113-0003,2/7/2018,32.437028,-84.999653,17.1,,11
01-113-0003,2/10/2018,32.437028,-84.999653,16.7,,10.4
01-113-0003,2/13/2018,32.437028,-84.999653,15.3,,8.1
01-113-0003,2/19/2018,32.437028,-84.999653,21.7,,17.1
01-113-0003,2/22/2018,32.437028,-84.999653,23.2,,17.5
01-113-0003,2/25/2018,32.437028,-84.999653,20.1,,5.5
01-113-0003,2/28/2018,32.437028,-84.999653,17.9,,10.1
01-113-0003,3/3/2018,32.437028,-84.999653,14.5,,6
01-113-0003,3/6/2018,32.437028,-84.999653,15.3,,13.7
01-113-0003,3/9/2018,32.437028,-84.999653,9.4,,14.5
01-113-0003,,32.437028,-84.999653,10.7,,20.7
01-113-0003,,32.437028,-84.999653,21,,11.2
01-113-0003,,32.437028,-84.999653,10.8,,5.1
01-113-0003,,32.437028,-84.999653,17.7,,18.3
01-113-0003,,32.437028,-84.999653,15.6,,10.2
01-113-0003,,32.437028,-84.999653,14.5,,33.8
01-113-0003,4/8/2018,32.437028,-84.999653,10.8,,4.7
01-113-0003,4/11/2018,32.437028,-84.999653,17.3,,8.9
01-113-0003,4/14/2018,32.437028,-84.999653,24.7,,11.7
01-113-0003,4/17/2018,32.437028,-84.999653,16.1,,9.1
01-113-0003,4/20/2018,32.437028,-84.999653,15.8,,10.7
01-113-0003,4/23/2018,32.437028,-84.999653,22,,6
01-113-0003,4/26/2018,32.437028,-84.999653,16.6,,8.5
01-113-0003,4/29/2018,32.437028,-84.999653,19.6,,5.2
01-113-0003,5/2/2018,32.437028,-84.999653,23.1,,11.5
01-113-0003,5/5/2018,32.437028,-84.999653,24,,14.7
01-113-0003,5/8/2018,32.437028,-84.999653,24.2,,11.7
01-113-0003,5/11/2018,32.437028,-84.999653,26.8,,13.5
01-113-0003,5/14/2018,32.437028,-84.999653,27.6,,18.6
01-113-0003,5/17/2018,32.437028,-84.999653,25,,8.7
01-113-0003,5/20/2018,32.437028,-84.999653,25.4,,10.1
01-113-0003,5/26/2018,32.437028,-84.999653,25.4,,6.2
01-113-0003,5/29/2018,32.437028,-84.999653,25.5,,4.2
01-113-0003,6/1/2018,32.437028,-84.999653,27.3,,6.7
01-113-0003,6/4/2018,32.437028,-84.999653,27.3,,9.5
01-113-0003,6/7/2018,32.437028,-84.999653,28.1,,13.3
01-113-0003,6/13/2018,32.437028,-84.999653,25.5,,9.4
01-113-0003,6/16/2018,32.437028,-84.999653,26.3,,9
01-113-0003,6/19/2018,32.437028,-84.999653,30.3,,17.2
01-113-0003,6/22/2018,32.437028,-84.999653,27.3,,8.6
01-113-0003,6/25/2018,32.437028,-84.999653,28.9,,6.7
01-113-0003,6/28/2018,32.437028,-84.999653,25.9,,8
01-113-0003,7/1/2018,32.437028,-84.999653,25.9,,5.5
01-113-0003,7/4/2018,32.437028,-84.999653,28,,9.5
01-113-0003,7/7/2018,32.437028,-84.999653,26.4,,7
01-113-0003,7/10/2018,32.437028,-84.999653,29.4,,11.9
01-113-0003,7/13/2018,32.437028,-84.999653,28.5,,14
01-113-0003,7/16/2018,32.437028,-84.999653,28.3,,7.5
01-113-0003,7/19/2018,32.437028,-84.999653,27.6,,9.4
01-113-0003,7/22/2018,32.437028,-84.999653,27.9,,10.4
01-113-0003,7/25/2018,32.437028,-84.999653,28.3,,9.1
01-113-0003,7/28/2018,32.437028,-84.999653,29.9,,12
01-113-0003,7/31/2018,32.437028,-84.999653,24.9,,6.3
01-113-0003,8/3/2018,32.437028,-84.999653,26.9,,7
01-113-0003,8/6/2018,32.437028,-84.999653,30.4,,8.3
01-113-0003,8/9/2018,32.437028,-84.999653,27.8,,6.2
01-113-0003,8/12/2018,32.437028,-84.999653,28.7,,10.3
01-113-0003,8/15/2018,32.437028,-84.999653,28.8,,12.9
01-113-0003,9/2/2018,32.437028,-84.999653,27.8,,3.6
01-113-0003,9/5/2018,32.437028,-84.999653,27.5,,6.7
01-113-0003,9/8/2018,32.437028,-84.999653,28,,6.3
01-113-0003,9/11/2018,32.437028,-84.999653,27.6,,6
01-113-0003,9/14/2018,32.437028,-84.999653,30.4,,13.3
01-113-0003,9/17/2018,32.437028,-84.999653,29.6,,7
01-113-0003,9/20/2018,32.437028,-84.999653,29.8,,11
01-113-0003,9/23/2018,32.437028,-84.999653,27.2,,7.7
01-113-0003,9/26/2018,32.437028,-84.999653,26,,4.3
01-113-0003,9/29/2018,32.437028,-84.999653,27.2,,5.5
01-113-0003,10/2/2018,32.437028,-84.999653,26.3,,7.2
01-113-0003,10/5/2018,32.437028,-84.999653,27.9,,14
01-113-0003,10/8/2018,32.437028,-84.999653,25,,7.1
01-113-0003,10/11/2018,32.437028,-84.999653,25.5,,4.4
01-113-0003,10/14/2018,32.437028,-84.999653,22.9,,12.5
01-113-0003,10/17/2018,32.437028,-84.999653,23.7,,5
01-113-0003,10/20/2018,32.437028,-84.999653,20.8,,8.8
01-113-0003,10/23/2018,32.437028,-84.999653,18.2,,8.1
01-113-0003,10/26/2018,32.437028,-84.999653,15.5,,4.4
01-113-0003,10/29/2018,32.437028,-84.999653,18.5,,7.7
01-113-0003,11/16/2018,32.437028,-84.999653,4.9,,8.5
01-113-0003,11/19/2018,32.437028,-84.999653,13.9,,15.5
01-113-0003,11/22/2018,32.437028,-84.999653,9.3,,11.8
01-113-0003,11/25/2018,32.437028,-84.999653,11.9,,8.5
01-113-0003,12/1/2018,32.437028,-84.999653,17,,4.5
01-113-0003,12/4/2018,32.437028,-84.999653,9.4,,4.5
01-113-0003,12/13/2018,32.437028,-84.999653,9.9,,10.8
01-113-0003,12/16/2018,32.437028,-84.999653,11.4,,3.2
01-113-0003,12/19/2018,32.437028,-84.999653,12.1,,11.5
01-113-0003,12/22/2018,32.437028,-84.999653,8.2,,6
01-113-0003,12/25/2018,32.437028,-84.999653,8.5,,14.4
01-113-0003,12/28/2018,32.437028,-84.999653,18.7,,4.1
01-113-0003,12/31/2018,32.437028,-84.999653,18.9,,5.5
01-113-0003,1/3/2019,32.437028,-84.999653,16.4,,3.375
01-113-0003,1/6/2019,32.437028,-84.999653,13.2,,7.083333
01-113-0003,1/9/2019,32.437028,-84.999653,11.9,,2.625
01-113-0003,1/12/2019,32.437028,-84.999653,9.9,,9.125
01-113-0003,1/15/2019,32.437028,-84.999653,6,,8.541667
01-113-0003,1/18/2019,32.437028,-84.999653,13.3,,13.875
01-113-0003,1/21/2019,32.437028,-84.999653,3.6,,5.25
01-113-0003,1/24/2019,32.437028,-84.999653,8.2,,4.208333
01-113-0003,1/27/2019,32.437028,-84.999653,6.9,,16.25
01-113-0003,1/30/2019,32.437028,-84.999653,2.6,,5
01-113-0003,2/2/2019,32.437028,-84.999653,15.1,,9.5
01-113-0003,2/5/2019,32.437028,-84.999653,17.2,,9.166667
01-113-0003,2/8/2019,32.437028,-84.999653,15.6,,3.583333
01-113-0003,2/11/2019,32.437028,-84.999653,11.5,,9.375
01-113-0003,2/14/2019,32.437028,-84.999653,9.8,,15.583333
01-113-0003,2/17/2019,32.437028,-84.999653,17.8,,8.833333
01-113-0003,2/20/2019,32.437028,-84.999653,10.6,,8.416667
01-113-0003,2/23/2019,32.437028,-84.999653,17,,9.75
01-113-0003,2/26/2019,32.437028,-84.999653,16.9,,10.958333
01-113-0003,3/1/2019,32.437028,-84.999653,18.9,,4.333333
01-113-0003,3/7/2019,32.437028,-84.999653,9.2,,19.458333
01-113-0003,3/10/2019,32.437028,-84.999653,17.6,,9.166667
01-113-0003,3/13/2019,32.437028,-84.999653,18.1,,8.583333
01-113-0003,3/16/2019,32.437028,-84.999653,11.5,,3
01-113-0003,3/19/2019,32.437028,-84.999653,12.6,,16
01-113-0003,3/22/2019,32.437028,-84.999653,14.5,,8.625
01-113-0003,3/25/2019,32.437028,-84.999653,17.2,,15.958333
01-113-0003,3/28/2019,32.437028,-84.999653,13.9,,18.5
01-113-0003,3/31/2019,32.437028,-84.999653,14.1,,4.541667
01-113-0003,4/3/2019,32.437028,-84.999653,15.4,,13.541667
01-113-0003,4/6/2019,32.437028,-84.999653,19.8,,8.666667
01-113-0003,4/9/2019,32.437028,-84.999653,21.4,,4.875
01-113-0003,4/12/2019,32.437028,-84.999653,23.4,,7.125
01-113-0003,4/15/2019,32.437028,-84.999653,16,,3.625
01-113-0003,4/18/2019,32.437028,-84.999653,22.5,,13.875
01-113-0003,4/21/2019,32.437028,-84.999653,16.8,,4.166667
01-113-0003,4/24/2019,32.437028,-84.999653,22.8,,8.875
01-113-0003,4/27/2019,32.437028,-84.999653,19.4,,7.75
01-113-0003,4/30/2019,32.437028,-84.999653,24.7,,16.708333
01-113-0003,5/3/2019,32.437028,-84.999653,25.4,,9.583333
01-113-0003,5/6/2019,32.437028,-84.999653,22.8,,5.291667
01-113-0003,5/9/2019,32.437028,-84.999653,24.3,,6.083333
01-113-0003,5/12/2019,32.437028,-84.999653,22.1,,4.333333
01-113-0003,5/15/2019,32.437028,-84.999653,17.8,,8
01-113-0003,5/18/2019,32.437028,-84.999653,26.5,,12.416667
01-113-0003,5/21/2019,32.437028,-84.999653,27.8,,12.916667
01-113-0003,5/24/2019,32.437028,-84.999653,28.8,,12.208333
01-113-0003,5/30/2019,32.437028,-84.999653,29.1,,11
01-113-0003,6/2/2019,32.437028,-84.999653,28.2,,17.875
01-113-0003,6/5/2019,32.437028,-84.999653,27.7,,22.375
01-113-0003,6/8/2019,32.437028,-84.999653,24,,5.291667
01-113-0003,6/11/2019,32.437028,-84.999653,27.3,,9.958333
01-113-0003,6/14/2019,32.437028,-84.999653,24.1,,9.333333
01-113-0003,6/17/2019,32.437028,-84.999653,29.1,,7.5
01-113-0003,6/20/2019,32.437028,-84.999653,28.1,,6.416667
01-113-0003,6/23/2019,32.437028,-84.999653,28.5,,14.375
01-113-0003,6/26/2019,32.437028,-84.999653,28.6,,10.583333
01-113-0003,6/29/2019,32.437028,-84.999653,26.8,,6.541667
01-113-0003,7/2/2019,32.437028,-84.999653,31.3,,12.5
01-113-0003,7/5/2019,32.437028,-84.999653,28.7,,12.958333
01-113-0003,7/8/2019,32.437028,-84.999653,28.7,,8.166667
01-113-0003,7/11/2019,32.437028,-84.999653,28.2,,5.583333
01-113-0003,7/14/2019,32.437028,-84.999653,28.2,,14
01-113-0003,7/17/2019,32.437028,-84.999653,30.4,,13.875
01-113-0003,7/20/2019,32.437028,-84.999653,26.1,,5.458333
01-113-0003,7/23/2019,32.437028,-84.999653,26.5,,5.416667
01-113-0003,7/26/2019,32.437028,-84.999653,27.9,,8.875
01-113-0003,8/1/2019,32.437028,-84.999653,27.7,,10.541667
01-113-0003,8/22/2019,32.437028,-84.999653,29.3,,6.916667
01-113-0003,8/25/2019,32.437028,-84.999653,24.6,,5.458333
01-113-0003,8/28/2019,32.437028,-84.999653,28.5,,6.958333
01-113-0003,8/31/2019,32.437028,-84.999653,27.5,,6.916667
01-113-0003,9/3/2019,32.437028,-84.999653,29.4,,7.625
01-113-0003,9/6/2019,32.437028,-84.999653,27.9,,8.791667
01-113-0003,9/9/2019,32.437028,-84.999653,28.8,,10.714286
01-113-0003,9/12/2019,32.437028,-84.999653,30,,19.833333
01-113-0003,9/15/2019,32.437028,-84.999653,29.4,,9.333333
01-113-0003,9/18/2019,32.437028,-84.999653,30.8,,13.541667
01-113-0003,9/21/2019,32.437028,-84.999653,26.5,,6.583333
01-113-0003,9/24/2019,32.437028,-84.999653,28.3,,11.75
01-113-0003,9/27/2019,32.437028,-84.999653,30.3,3,13.583333
01-113-0003,9/30/2019,32.437028,-84.999653,29.1,,9.5
01-113-0003,10/3/2019,32.437028,-84.999653,30.1,,15.708333
01-113-0003,10/6/2019,32.437028,-84.999653,25.8,,7.272727
01-113-0003,10/9/2019,32.437028,-84.999653,24.4,,8.291667
01-113-0003,10/12/2019,32.437028,-84.999653,23.4,,10.166667
01-113-0003,10/15/2019,32.437028,-84.999653,21.8,,5.041667
01-113-0003,10/18/2019,32.437028,-84.999653,15.7,,5.708333
01-113-0003,10/21/2019,32.437028,-84.999653,21.1,,7.208333
01-113-0003,10/24/2019,32.437028,-84.999653,16.7,,8.25
01-113-0003,10/27/2019,32.437028,-84.999653,20.8,,3.875
01-113-0003,10/30/2019,32.437028,-84.999653,23,,5.041667
01-113-0003,11/2/2019,32.437028,-84.999653,11.6,,9.5
01-113-0003,11/5/2019,32.437028,-84.999653,18.1,,11.458333
01-113-0003,11/8/2019,32.437028,-84.999653,13.7,,4.166667
01-113-0003,11/11/2019,32.437028,-84.999653,14.5,,17.666667
01-113-0003,11/14/2019,32.437028,-84.999653,6.9,,8.625
01-113-0003,11/17/2019,32.437028,-84.999653,15.2,,11.833333
01-113-0003,11/20/2019,32.437028,-84.999653,12.3,,12.666667
01-113-0003,11/23/2019,32.437028,-84.999653,17.5,,8.208333
01-113-0003,11/26/2019,32.437028,-84.999653,12.6,,12
01-113-0003,11/29/2019,32.437028,-84.999653,14.3,,11.5
01-113-0003,12/2/2019,32.437028,-84.999653,8.3,,3.458333
01-113-0003,12/5/2019,32.437028,-84.999653,10.9,,13
01-113-0003,12/8/2019,32.437028,-84.999653,15,,9.291667
01-113-0003,12/11/2019,32.437028,-84.999653,9,,2.875
01-113-0003,12/14/2019,32.437028,-84.999653,10.3,,8.791667
01-113-0003,12/17/2019,32.437028,-84.999653,14.2,,3.666667
01-113-0003,12/26/2019,32.437028,-84.999653,15,,8.875
01-113-0003,12/29/2019,32.437028,-84.999653,21.5,,3.666667
01-113-0003,1/4/2020,32.437028,-84.999653,14.6,,1.75
01-113-0003,1/7/2020,32.437028,-84.999653,12.4,,5.75
01-113-0003,1/10/2020,32.437028,-84.999653,18.4,,9.625
01-113-0003,1/13/2020,32.437028,-84.999653,19.7,,4.333333
01-113-0003,1/16/2020,32.437028,-84.999653,19.1,,2.541667
01-113-0003,1/19/2020,32.437028,-84.999653,11.5,,1.166667
01-113-0003,1/22/2020,32.437028,-84.999653,5.3,,7.458333
01-113-0003,1/25/2020,32.437028,-84.999653,8.6,,4.708333
01-113-0003,1/28/2020,32.437028,-84.999653,9.7,,7.458333
01-113-0003,1/31/2020,32.437028,-84.999653,8.5,,5.541667
01-113-0003,2/3/2020,32.437028,-84.999653,10.5,,8.083333
01-113-0003,2/6/2020,32.437028,-84.999653,19,,3.708333
01-113-0003,2/9/2020,32.437028,-84.999653,9.7,,5.291667
01-113-0003,2/12/2020,32.437028,-84.999653,20.6,,5.125
01-113-0003,2/15/2020,32.437028,-84.999653,9.2,,7.416667
01-113-0003,2/18/2020,32.437028,-84.999653,16.6,,6.333333
01-113-0003,2/21/2020,32.437028,-84.999653,6.4,,5.875
01-113-0003,2/24/2020,32.437028,-84.999653,12.1,,11.791667
01-113-0003,2/27/2020,32.437028,-84.999653,7.5,,4.125
01-113-0003,3/1/2020,32.437028,-84.999653,11.2,,16.583333
01-113-0003,3/4/2020,32.437028,-84.999653,15,,5
01-113-0003,3/7/2020,32.437028,-84.999653,10.4,,6.583333
01-113-0003,3/10/2020,32.437028,-84.999653,17.3,,11.291667
01-113-0003,3/13/2020,32.437028,-84.999653,21.5,,7.333333
01-113-0003,3/16/2020,32.437028,-84.999653,19.4,,18.875
01-113-0003,3/19/2020,32.437028,-84.999653,23.1,,17
01-113-0003,3/22/2020,32.437028,-84.999653,16.4,,6.833333
01-113-0003,3/25/2020,32.437028,-84.999653,24.2,,8.875
01-113-0003,3/28/2020,32.437028,-84.999653,24.9,,11.916667
01-113-0003,3/31/2020,32.437028,-84.999653,18.1,,11.875
01-113-0003,4/3/2020,32.437028,-84.999653,17.9,,23.666667
01-113-0003,4/6/2020,32.437028,-84.999653,19.5,,19.791667
01-113-0003,4/9/2020,32.437028,-84.999653,23.5,,7.958333
01-113-0003,4/12/2020,32.437028,-84.999653,18.7,,22.083333
01-113-0003,4/15/2020,32.437028,-84.999653,14.9,,6.583333
01-113-0003,4/18/2020,32.437028,-84.999653,21.9,,8.791667
01-113-0003,4/21/2020,32.437028,-84.999653,19.2,,8.5
01-113-0003,4/24/2020,32.437028,-84.999653,20.4,,5.083333
01-113-0003,4/27/2020,32.437028,-84.999653,17.5,,4.75
01-113-0003,4/30/2020,32.437028,-84.999653,17.3,,2.833333
01-113-0003,5/3/2020,32.437028,-84.999653,22.5,,9
01-113-0003,5/6/2020,32.437028,-84.999653,22.1,,3.958333
01-113-0003,5/9/2020,32.437028,-84.999653,16.4,,4.916667
01-113-0003,5/12/2020,32.437028,-84.999653,18.5,,9.333333
01-113-0003,5/15/2020,32.437028,-84.999653,23.5,,9.041667
01-113-0003,5/21/2020,32.437028,-84.999653,20.8,,6.666667
01-113-0003,5/24/2020,32.437028,-84.999653,25.5,,5.333333
01-113-0003,5/27/2020,32.437028,-84.999653,23.6,,3.916667
01-113-0003,5/30/2020,32.437028,-84.999653,27.2,,7
01-113-0003,6/2/2020,32.437028,-84.999653,26.1,,7.583333
01-113-0003,6/5/2020,32.437028,-84.999653,25.2,,6.083333
01-113-0003,6/8/2020,32.437028,-84.999653,27.9,,5.875
01-113-0003,6/11/2020,32.437028,-84.999653,27.1,,7.375
01-113-0003,6/14/2020,32.437028,-84.999653,25.4,,11.25
01-113-0003,6/17/2020,32.437028,-84.999653,21.9,,6.083333
01-113-0003,6/20/2020,32.437028,-84.999653,28.7,,12.375
01-113-0003,6/23/2020,32.437028,-84.999653,26.9,,6
01-113-0003,6/26/2020,32.437028,-84.999653,26.6,,34.958333
01-113-0003,6/29/2020,32.437028,-84.999653,28.4,,7
01-113-0003,7/2/2020,32.437028,-84.999653,27.4,,8
01-113-0003,7/5/2020,32.437028,-84.999653,28.6,,10.375
01-113-0003,7/8/2020,32.437028,-84.999653,27.7,,6.75
01-113-0003,7/11/2020,32.437028,-84.999653,30.6,,8.875
01-113-0003,7/14/2020,32.437028,-84.999653,30.4,,10.208333
01-113-0003,7/17/2020,32.437028,-84.999653,30.3,,10.916667
01-113-0003,7/20/2020,32.437028,-84.999653,29.6,,9.875
01-113-0003,7/23/2020,32.437028,-84.999653,27.8,,4.791667
01-113-0003,7/26/2020,32.437028,-84.999653,26.9,,5.208333
01-113-0003,7/29/2020,32.437028,-84.999653,26.2,,5.375
01-113-0003,8/1/2020,32.437028,-84.999653,29,,12.208333
01-113-0003,8/4/2020,32.437028,-84.999653,28.3,,9.708333
01-113-0003,8/7/2020,32.437028,-84.999653,29.1,,14.416667
01-113-0003,8/10/2020,32.437028,-84.999653,28.3,,10.75
01-113-0003,8/13/2020,32.437028,-84.999653,28.4,,9.916667
01-113-0003,8/16/2020,32.437028,-84.999653,28.6,,8.166667
01-113-0003,8/19/2020,32.437028,-84.999653,27.2,,8
01-113-0003,8/22/2020,32.437028,-84.999653,26.5,,5.333333
01-113-0003,8/25/2020,32.437028,-84.999653,27.1,,8.541667
01-113-0003,8/28/2020,32.437028,-84.999653,27.4,,4.875
01-113-0003,8/31/2020,32.437028,-84.999653,28.4,,5.791667
01-113-0003,9/6/2020,32.437028,-84.999653,27.1,,6.291667
01-113-0003,9/9/2020,32.437028,-84.999653,26.7,,7.875
01-113-0003,9/12/2020,32.437028,-84.999653,28.4,,5.208333
01-113-0003,9/15/2020,32.437028,-84.999653,26,,7.458333
01-113-0003,9/18/2020,32.437028,-84.999653,25,,4.916667
01-113-0003,9/21/2020,32.437028,-84.999653,19.5,,4.166667
01-113-0003,9/24/2020,32.437028,-84.999653,21.5,,7.625
01-113-0003,9/27/2020,32.437028,-84.999653,23.9,,8.416667
01-113-0003,9/30/2020,32.437028,-84.999653,18.2,,6.541667
01-113-0003,10/9/2020,32.437028,-84.999653,22.8,,11.708333
01-113-0003,10/12/2020,32.437028,-84.999653,24.5,,6.333333
01-113-0003,10/15/2020,32.437028,-84.999653,22.8,,16.666667
01-113-0003,10/18/2020,32.437028,-84.999653,18.8,,7.75
01-113-0003,10/21/2020,32.437028,-84.999653,23.3,,8.041667
01-113-0003,10/24/2020,32.437028,-84.999653,21.9,,4.583333
01-113-0003,10/27/2020,32.437028,-84.999653,23.1,,8.708333
01-113-0003,10/30/2020,32.437028,-84.999653,14.6,,4.291667
01-113-0003,11/2/2020,32.437028,-84.999653,12.2,,5.541667
01-113-0003,11/5/2020,32.437028,-84.999653,17.2,,13.75
01-113-0003,11/8/2020,32.437028,-84.999653,21.5,,4.791667
01-113-0003,11/11/2020,32.437028,-84.999653,24.6,,5.416667
01-113-0003,11/14/2020,32.437028,-84.999653,17.2,,12.875
01-113-0003,11/17/2020,32.437028,-84.999653,12.7,,9.25
01-113-0003,11/20/2020,32.437028,-84.999653,15.5,,9.791667
01-113-0003,11/23/2020,32.437028,-84.999653,14.5,,5.666667
01-113-0003,11/26/2020,32.437028,-84.999653,20.2,,6.166667
01-113-0003,11/29/2020,32.437028,-84.999653,14.6,,6.708333
01-113-0003,12/2/2020,32.437028,-84.999653,5.5,,12.75
01-113-0003,12/5/2020,32.437028,-84.999653,8.9,,10.541667
01-113-0003,12/8/2020,32.437028,-84.999653,6.3,,10.208333
01-113-0003,12/11/2020,32.437028,-84.999653,11.9,,21.458333
01-113-0003,12/14/2020,32.437028,-84.999653,14.4,,2.041667
01-113-0003,12/17/2020,32.437028,-84.999653,4.6,,10.166667
01-113-0003,12/20/2020,32.437028,-84.999653,10.8,,11.25
01-113-0003,12/23/2020,32.437028,-84.999653,11.8,,12.666667
01-113-0003,12/26/2020,32.437028,-84.999653,2.3,,9.5
01-113-0003,12/29/2020,32.437028,-84.999653,13.4,,15.166667
02-110-0004,1/1/2016,58.388497,-134.567237,3.8,,2.208333
02-110-0004,1/7/2016,58.388497,-134.567237,-5.9,,23.217391
02-110-0004,1/13/2016,58.388497,-134.567237,2.1,,16.25
02-110-0004,1/19/2016,58.388497,-134.567237,0.9,,12.166667
02-110-0004,1/25/2016,58.388497,-134.567237,4,,4.833333
02-110-0004,1/31/2016,58.388497,-134.567237,-0.4,,26.047619
02-110-0004,2/3/2016,58.388497,-134.567237,0.5,,12.291667
02-110-0004,2/6/2016,58.388497,-134.567237,2.3,,8.173913
02-110-0004,2/12/2016,58.388497,-134.567237,5,,5.125
02-110-0004,2/24/2016,58.388497,-134.567237,3.4,,6.541667
02-110-0004,3/1/2016,58.388497,-134.567237,0.8,,13.25
02-110-0004,3/7/2016,58.388497,-134.567237,4.1,,7.26087
02-110-0004,3/13/2016,58.388497,-134.567237,3.6,,13.5
02-110-0004,3/19/2016,58.388497,-134.567237,4.6,,3.875
02-110-0004,3/25/2016,58.388497,-134.567237,7.6,,0.782609
02-110-0004,3/31/2016,58.388497,-134.567237,6.6,,5.25
02-110-0004,4/6/2016,58.388497,-134.567237,6.5,,2.291667
02-110-0004,4/12/2016,58.388497,-134.567237,7,,4.083333
02-110-0004,4/24/2016,58.388497,-134.567237,7.6,,1.318182
02-110-0004,4/30/2016,58.388497,-134.567237,6.2,,1.217391
02-110-0004,5/6/2016,58.388497,-134.567237,7.6,,0
02-110-0004,5/12/2016,58.388497,-134.567237,14.2,,4.173913
02-110-0004,6/1/2016,58.388497,-134.567237,11.3,,1.208333
02-110-0004,6/5/2016,58.388497,-134.567237,10.6,,6.375
02-110-0004,6/11/2016,58.388497,-134.567237,14.7,,0.869565
02-110-0004,6/17/2016,58.388497,-134.567237,17.5,,0.708333
02-110-0004,6/23/2016,58.388497,-134.567237,17.3,,9.619048
02-110-0004,6/29/2016,58.388497,-134.567237,16.6,,6.541667
02-110-0004,7/8/2016,58.388497,-134.567237,17.4,,5.708333
02-110-0004,7/11/2016,58.388497,-134.567237,15.2,,7.681818
02-110-0004,7/17/2016,58.388497,-134.567237,17.4,,8.291667
02-110-0004,7/23/2016,58.388497,-134.567237,13.1,,0.041667
02-110-0004,7/29/2016,58.388497,-134.567237,13.7,,0.5
02-110-0004,8/4/2016,58.388497,-134.567237,14,,2.5
02-110-0004,8/16/2016,58.388497,-134.567237,13.6,,0.041667
02-110-0004,10/9/2016,58.388497,-134.567237,4.1,,12.083333
02-110-0004,10/15/2016,58.388497,-134.567237,4.6,,8.208333
02-110-0004,10/21/2016,58.388497,-134.567237,6,,4.916667
02-110-0004,10/27/2016,58.388497,-134.567237,2.5,,15.291667
02-110-0004,11/2/2016,58.388497,-134.567237,5.3,,2.416667
02-110-0004,11/8/2016,58.388497,-134.567237,7.6,,1.583333
02-110-0004,11/14/2016,58.388497,-134.567237,6,,2.041667
02-110-0004,11/23/2016,58.388497,-134.567237,-1.5,,13.125
02-110-0004,11/26/2016,58.388497,-134.567237,2.5,,2.541667
02-110-0004,12/2/2016,58.388497,-134.567237,4.6,,1.541667
02-110-0004,12/8/2016,58.388497,-134.567237,-7.2,,22.291667
02-110-0004,12/14/2016,58.388497,-134.567237,-9,,20.5
02-110-0004,12/21/2016,58.388497,-134.567237,2.4,,3.208333
02-110-0004,12/26/2016,58.388497,-134.567237,0.3,,10.125
02-110-0004,1/1/2017,58.388497,-134.567237,-5,,36.5
02-110-0004,1/7/2017,58.388497,-134.567237,-4.8,,10.8
02-110-0004,1/13/2017,58.388497,-134.567237,2.3,,0.3
02-110-0004,1/19/2017,58.388497,-134.567237,1.4,,4.3
02-110-0004,1/22/2017,58.388497,-134.567237,-5.8,,13.4
02-110-0004,1/25/2017,58.388497,-134.567237,4.7,,0
02-110-0004,1/31/2017,58.388497,-134.567237,-3.6,,7.8
02-110-0004,2/6/2017,58.388497,-134.567237,-2,,5.4
02-110-0004,2/12/2017,58.388497,-134.567237,2.4,,2.4
02-110-0004,2/18/2017,58.388497,-134.567237,1.3,,9.9
02-110-0004,2/24/2017,58.388497,-134.567237,-3.5,,9.1
02-110-0004,3/2/2017,58.388497,-134.567237,-2.3,,2.5
02-110-0004,3/8/2017,58.388497,-134.567237,-7.9,,6
02-110-0004,3/14/2017,58.388497,-134.567237,-3.2,,5.2
02-110-0004,3/20/2017,58.388497,-134.567237,1.6,,2.2
02-110-0004,3/26/2017,58.388497,-134.567237,1.4,,2.7
02-110-0004,3/31/2017,58.388497,-134.567237,4.1,,1.2
02-110-0004,4/5/2017,58.388497,-134.567237,7.9,,0.3
02-110-0004,4/7/2017,58.388497,-134.567237,3.2,,6.6
02-110-0004,4/13/2017,58.388497,-134.567237,9.7,,-1
02-110-0004,4/19/2017,58.388497,-134.567237,3.8,,1.5
02-110-0004,4/25/2017,58.388497,-134.567237,9.1,,-1
02-110-0004,5/1/2017,58.388497,-134.567237,6,,1
02-110-0004,5/13/2017,58.388497,-134.567237,9.1,,1.9
02-110-0004,5/19/2017,58.388497,-134.567237,9.3,,0.7
02-110-0004,5/27/2017,58.388497,-134.567237,9.2,,14
02-110-0004,5/31/2017,58.388497,-134.567237,12,,6.2
02-110-0004,6/12/2017,58.388497,-134.567237,9,,0.1
02-110-0004,6/18/2017,58.388497,-134.567237,11.1,,2.8
02-110-0004,6/24/2017,58.388497,-134.567237,13.2,,3
02-110-0004,7/1/2017,58.388497,-134.567237,11.4,,0.7
02-110-0004,7/6/2017,58.388497,-134.567237,14.2,,6
02-110-0004,7/12/2017,58.388497,-134.567237,11.5,,2.1
02-110-0004,7/18/2017,58.388497,-134.567237,13.7,,0.3
02-110-0004,7/24/2017,58.388497,-134.567237,13.5,,3.1
02-110-0004,7/30/2017,58.388497,-134.567237,13.8,,1
02-110-0004,8/5/2017,58.388497,-134.567237,16.8,,8.4
02-110-0004,8/11/2017,58.388497,-134.567237,16,,7.3
02-110-0004,8/17/2017,58.388497,-134.567237,12.1,,-0.5
02-110-0004,8/23/2017,58.388497,-134.567237,11.7,,1.7
02-110-0004,9/4/2017,58.388497,-134.567237,12.1,,2.2
02-110-0004,9/10/2017,58.388497,-134.567237,10.8,,2.2
02-110-0004,9/16/2017,58.388497,-134.567237,10,,4.5
02-110-0004,9/22/2017,58.388497,-134.567237,10.1,,0.4
02-110-0004,9/28/2017,58.388497,-134.567237,12.3,,17.5
02-110-0004,10/4/2017,58.388497,-134.567237,8,,2.1
02-110-0004,10/10/2017,58.388497,-134.567237,5.2,,5.2
02-110-0004,10/16/2017,58.388497,-134.567237,6.3,,0
02-110-0004,10/22/2017,58.388497,-134.567237,4.2,,5
02-110-0004,10/28/2017,58.388497,-134.567237,6.4,,9.2
02-110-0004,11/3/2017,58.388497,-134.567237,-1.6,,14.2
02-110-0004,11/10/2017,58.388497,-134.567237,-1.1,,6.4
02-110-0004,11/15/2017,58.388497,-134.567237,-2.9,,10.9
02-110-0004,11/22/2017,58.388497,-134.567237,-7.4,,12.1
02-110-0004,11/27/2017,58.388497,-134.567237,-5.4,,7.5
02-110-0004,12/3/2017,58.388497,-134.567237,1.5,,1.6
02-110-0004,12/27/2017,58.388497,-134.567237,-5.5,,19.2
02-110-0004,1/8/2018,58.388497,-134.567237,-1.7,,8.208333
02-110-0004,1/14/2018,58.388497,-134.567237,6,,1.375
02-110-0004,1/20/2018,58.388497,-134.567237,0.2,,11.708333
02-110-0004,1/26/2018,58.388497,-134.567237,-5.2,,9.666667
02-110-0004,2/1/2018,58.388497,-134.567237,-6.8,,4.041667
02-110-0004,2/7/2018,58.388497,-134.567237,-2.5,,10
02-110-0004,2/15/2018,58.388497,-134.567237,-0.6,,5.666667
02-110-0004,2/25/2018,58.388497,-134.567237,-2.5,,7.708333
02-110-0004,3/3/2018,58.388497,-134.567237,-6.5,,8.478261
02-110-0004,3/9/2018,58.388497,-134.567237,1,,1.541667
02-110-0004,3/15/2018,58.388497,-134.567237,3.6,,4.375
02-110-0004,3/21/2018,58.388497,-134.567237,0.2,,2.625
02-110-0004,4/2/2018,58.388497,-134.567237,1.7,,2.083333
02-110-0004,4/8/2018,58.388497,-134.567237,5.1,,4.916667
02-110-0004,4/14/2018,58.388497,-134.567237,5.2,,3.958333
02-110-0004,4/20/2018,58.388497,-134.567237,5,,1.916667
02-110-0004,5/8/2018,58.388497,-134.567237,11.2,,7.458333
02-110-0004,5/14/2018,58.388497,-134.567237,8.8,,2.818182
02-110-0004,5/20/2018,58.388497,-134.567237,11.6,,6
02-110-0004,5/26/2018,58.388497,-134.567237,8.1,,1.458333
02-110-0004,6/1/2018,58.388497,-134.567237,11.8,,6.666667
02-110-0004,6/14/2018,58.388497,-134.567237,11.1,,3.130435
02-110-0004,6/19/2018,58.388497,-134.567237,18,,20.958333
02-110-0004,6/27/2018,58.388497,-134.567237,10.8,,4.333333
02-110-0004,7/25/2018,58.388497,-134.567237,18.4,,11.833333
02-170-0008,8/9/2018,61.534163,-149.031655,13,,6.416667
02-170-0008,8/12/2018,61.534163,-149.031655,15.8,,1.333333
02-170-0008,8/18/2018,61.534163,-149.031655,11.9,,1
02-170-0008,8/24/2018,61.534163,-149.031655,11.7,,-0.291667
02-170-0008,8/30/2018,61.534163,-149.031655,11.4,,2.166667
02-170-0008,9/5/2018,61.534163,-149.031655,11,,10.625
02-170-0008,9/11/2018,61.534163,-149.031655,11,,5.166667
02-170-0008,9/17/2018,61.534163,-149.031655,12.6,,3.375
02-170-0008,9/23/2018,61.534163,-149.031655,10.4,,-0.166667
02-170-0008,9/29/2018,61.534163,-149.031655,9.5,,1.458333
02-170-0008,10/11/2018,61.534163,-149.031655,8.5,,2.875
02-170-0008,10/17/2018,61.534163,-149.031655,8.7,,0.458333
02-170-0008,10/23/2018,61.534163,-149.031655,6.6,,1.625
02-170-0008,10/29/2018,61.534163,-149.031655,-3.9,,5.304348
02-170-0008,11/4/2018,61.534163,-149.031655,-10.1,,19.291667
02-170-0008,11/10/2018,61.534163,-149.031655,-3,,5.916667
02-170-0008,11/16/2018,61.534163,-149.031655,-0.4,,8.083333
02-170-0008,11/22/2018,61.534163,-149.031655,-6.1,,6.166667
02-170-0008,11/28/2018,61.534163,-149.031655,1.4,,1.125
02-170-0008,12/6/2018,61.534163,-149.031655,-0.8,,8
02-170-0008,12/10/2018,61.534163,-149.031655,-3.6,,6.166667
02-170-0008,12/16/2018,61.534163,-149.031655,-8,,8.041667
02-170-0008,12/22/2018,61.534163,-149.031655,-10.3,,19.708333
02-170-0008,12/28/2018,61.534163,-149.031655,-5.3,,7.458333
02-170-0008,1/7/2019,61.534163,-149.031655,-22.1,,20.6
02-170-0008,1/9/2019,61.534163,-149.031655,-17.9,,10.7
02-170-0008,1/15/2019,61.534163,-149.031655,-7.9,,32.3
02-170-0008,1/21/2019,61.534163,-149.031655,-13.6,,13.4
02-170-0008,1/27/2019,61.534163,-149.031655,-0.6,,3.9
02-170-0008,2/2/2019,61.534163,-149.031655,-9.3,,14.5
02-170-0008,2/8/2019,61.534163,-149.031655,-3.9,,8.2
02-170-0008,2/14/2019,61.534163,-149.031655,-8.6,,2.6
02-170-0008,2/20/2019,61.534163,-149.031655,-9.6,,6.2
02-170-0008,2/26/2019,61.534163,-149.031655,-10.1,,10.4
02-170-0008,3/4/2019,61.534163,-149.031655,-6.3,,8.5
02-170-0008,3/10/2019,61.534163,-149.031655,,,0.2
02-170-0008,3/16/2019,61.534163,-149.031655,4.8,,-0.2
02-170-0008,3/22/2019,61.534163,-149.031655,7,,1.4
02-170-0008,3/28/2019,61.534163,-149.031655,5.5,,12.7
02-170-0008,4/3/2019,61.534163,-149.031655,2.4,,8.5
02-170-0008,4/9/2019,61.534163,-149.031655,6.4,,2.3
02-170-0008,4/15/2019,61.534163,-149.031655,5.1,,1.3
02-170-0008,4/21/2019,61.534163,-149.031655,5.1,,0.5
02-170-0008,4/27/2019,61.534163,-149.031655,6.9,,3.4
02-170-0008,5/3/2019,61.534163,-149.031655,7.6,,4.2
02-170-0008,5/9/2019,61.534163,-149.031655,8.9,,4.5
02-170-0008,5/15/2019,61.534163,-149.031655,10.6,,2.6
02-170-0008,5/21/2019,61.534163,-149.031655,11.1,,1.8
02-170-0008,5/27/2019,61.534163,-149.031655,12.9,,0.1
02-170-0008,6/2/2019,61.534163,-149.031655,11.4,,2.5
02-170-0008,6/8/2019,61.534163,-149.031655,14.2,,3.1
02-170-0008,6/14/2019,61.534163,-149.031655,14.6,,2.3
02-170-0008,6/20/2019,61.534163,-149.031655,16.8,,3.8
02-170-0008,6/26/2019,61.534163,-149.031655,18.1,,13.5
02-170-0008,7/2/2019,61.534163,-149.031655,19.7,,17.2
02-170-0008,7/8/2019,61.534163,-149.031655,22,,15.1
02-170-0008,7/14/2019,61.534163,-149.031655,16.3,,2.3
02-170-0008,7/20/2019,61.534163,-149.031655,17.1,,9.3
02-170-0008,7/26/2019,61.534163,-149.031655,14.4,,4.8
02-170-0008,8/1/2019,61.534163,-149.031655,15.5,,10.3
02-170-0008,8/7/2019,61.534163,-149.031655,20,,3.7
02-170-0008,8/13/2019,61.534163,-149.031655,17.1,,9.6
02-170-0008,8/19/2019,61.534163,-149.031655,14.3,,8.8
02-170-0008,8/25/2019,61.534163,-149.031655,13.4,,15
02-170-0008,8/31/2019,61.534163,-149.031655,13.6,,6.8
02-170-0008,9/6/2019,61.534163,-149.031655,11.1,,4.8
02-170-0008,9/12/2019,61.534163,-149.031655,13.3,,0.5
02-170-0008,9/18/2019,61.534163,-149.031655,10.7,,1.7
02-170-0008,9/24/2019,61.534163,-149.031655,6.6,,5.7
02-170-0008,9/30/2019,61.534163,-149.031655,8.8,,2
02-170-0008,10/6/2019,61.534163,-149.031655,2.7,,4.8
02-170-0008,10/12/2019,61.534163,-149.031655,2.6,,1.4
02-170-0008,10/18/2019,61.534163,-149.031655,2.4,,3.9
02-170-0008,10/24/2019,61.534163,-149.031655,6.7,,-1.7
02-170-0008,10/30/2019,61.534163,-149.031655,5.1,,0.7
02-170-0008,11/5/2019,61.534163,-149.031655,-0.3,,4
02-170-0008,11/11/2019,61.534163,-149.031655,-3.1,,14.2
02-170-0008,11/17/2019,61.534163,-149.031655,-1.4,,1.2
02-170-0008,11/23/2019,61.534163,-149.031655,1.4,,2.2
02-170-0008,11/29/2019,61.534163,-149.031655,5.8,,-1.5
02-170-0008,12/5/2019,61.534163,-149.031655,-13.2,,6.1
02-170-0008,12/11/2019,61.534163,-149.031655,2.9,,10.7
02-170-0008,12/23/2019,61.534163,-149.031655,-11.3,,7.9
02-170-0008,12/29/2019,61.534163,-149.031655,-3.2,,0
02-170-0008,1/4/2020,61.534163,-149.031655,-22.4,,31.2
02-170-0008,1/10/2020,61.534163,-149.031655,-21.5,,7.7
02-170-0008,1/16/2020,61.534163,-149.031655,-13,,6.5
02-170-0008,1/22/2020,61.534163,-149.031655,-11.2,,4.1
02-170-0008,1/28/2020,61.534163,-149.031655,-16.4,,7.7
02-170-0008,2/3/2020,61.534163,-149.031655,-7.1,,1.9
02-170-0008,2/9/2020,61.534163,-149.031655,2.6,,2.9
02-170-0008,2/15/2020,61.534163,-149.031655,-12.5,,2.2
02-170-0008,2/21/2020,61.534163,-149.031655,-3.1,,1
02-170-0008,2/27/2020,61.534163,-149.031655,-9.9,,5.083333
02-170-0008,3/4/2020,61.534163,-149.031655,-16.2,,2.2
02-170-0008,3/10/2020,61.534163,-149.031655,-8.7,,1
02-170-0008,3/16/2020,61.534163,-149.031655,-4.8,,3.4
02-170-0008,3/28/2020,61.534163,-149.031655,-5,,4.2
02-170-0008,4/3/2020,61.534163,-149.031655,0.8,,2.3
02-170-0008,4/9/2020,61.534163,-149.031655,-2.5,,3.6
02-170-0008,4/15/2020,61.534163,-149.031655,7.7,,2
02-170-0008,4/21/2020,61.534163,-149.031655,6.3,,5.1
02-170-0008,4/27/2020,61.534163,-149.031655,6.2,,6.1
02-170-0008,5/3/2020,61.534163,-149.031655,11.2,,4.2
02-170-0008,5/9/2020,61.534163,-149.031655,13.9,,1.8
02-170-0008,5/15/2020,61.534163,-149.031655,13.3,,2.7
02-170-0008,5/21/2020,61.534163,-149.031655,10.7,,1.8
02-170-0008,5/27/2020,61.534163,-149.031655,11.1,,1.1
02-170-0008,6/2/2020,61.534163,-149.031655,13.2,,-0.7
02-170-0008,6/8/2020,61.534163,-149.031655,10.1,,2.4
02-170-0008,6/14/2020,61.534163,-149.031655,15.9,,2.5
02-170-0008,6/20/2020,61.534163,-149.031655,12.6,,2.3
02-170-0008,6/26/2020,61.534163,-149.031655,13.2,,0.2
02-170-0008,7/2/2020,61.534163,-149.031655,17.2,,6.5
02-170-0008,7/8/2020,61.534163,-149.031655,13.6,,3.3
02-170-0008,7/14/2020,61.534163,-149.031655,17,,2.1
02-170-0008,7/20/2020,61.534163,-149.031655,14.8,,0.6
02-170-0008,7/26/2020,61.534163,-149.031655,14.5,,0.7
02-170-0008,8/1/2020,61.534163,-149.031655,15,,3
02-170-0008,8/7/2020,61.534163,-149.031655,15.3,,0.9
02-170-0008,8/13/2020,61.534163,-149.031655,14.2,,2.3
02-170-0008,8/19/2020,61.534163,-149.031655,13.5,,1.5
02-170-0008,8/25/2020,61.534163,-149.031655,13,,0.8
02-170-0008,8/31/2020,61.534163,-149.031655,10.7,,0.5
02-170-0008,9/12/2020,61.534163,-149.031655,7.8,,3.6
02-170-0008,9/18/2020,61.534163,-149.031655,10.5,,0.7
02-170-0008,9/24/2020,61.534163,-149.031655,9.6,,0.9
02-170-0008,9/30/2020,61.534163,-149.031655,10.9,,1.4
02-170-0008,10/6/2020,61.534163,-149.031655,6.8,,3.1
02-170-0008,10/12/2020,61.534163,-149.031655,4.6,,6.5
02-170-0008,10/18/2020,61.534163,-149.031655,-0.2,,7.2
02-170-0008,10/24/2020,61.534163,-149.031655,3.1,,0.9
02-170-0008,11/5/2020,61.534163,-149.031655,-11.1,,5
02-170-0008,11/11/2020,61.534163,-149.031655,2.3,,0.7
02-170-0008,11/17/2020,61.534163,-149.031655,-15,,18.6
02-170-0008,11/23/2020,61.534163,-149.031655,-0.6,,1.2
02-170-0008,11/29/2020,61.534163,-149.031655,-4.6,,6.2
02-170-0008,12/5/2020,61.534163,-149.031655,-16.8,,6
02-170-0008,12/16/2020,61.534163,-149.031655,-4.3,,4.5
02-170-0008,12/18/2020,61.534163,-149.031655,-8.3,,1.7
02-170-0008,12/23/2020,61.534163,-149.031655,-0.1,,5.7
02-170-0008,12/29/2020,61.534163,-149.031655,-2.7,,5
04-021-3015,1/9/2016,32.884761,-112.03705,7.5,,7.833333
04-021-3015,1/12/2016,32.884761,-112.03705,8.1,,6.434783
04-021-3015,1/13/2016,32.884761,-112.03705,8.6,,7.833333
04-021-3015,1/25/2016,32.884761,-112.03705,9.7,,5.541667
04-021-3015,1/28/2016,32.884761,-112.03705,10.8,,8
04-021-3015,1/31/2016,32.884761,-112.03705,16.4,,7.65
04-021-3015,2/3/2016,32.884761,-112.03705,4.5,,3.761905
04-021-3015,2/6/2016,32.884761,-112.03705,14.1,,2.833333
04-021-3015,2/12/2016,32.884761,-112.03705,16.4,,9.333333
04-021-3015,2/15/2016,32.884761,-112.03705,17.4,,7.454545
04-021-3015,2/18/2016,32.884761,-112.03705,19.1,,6.478261
04-021-3015,2/21/2016,32.884761,-112.03705,17.2,,5.083333
04-021-3015,2/24/2016,32.884761,-112.03705,16.8,,6.791667
04-021-3015,2/27/2016,32.884761,-112.03705,18.2,,12.541667
04-021-3015,3/1/2016,32.884761,-112.03705,19.3,,9.25
04-021-3015,3/4/2016,32.884761,-112.03705,20.3,,14.333333
04-021-3015,3/7/2016,32.884761,-112.03705,15.1,,14.375
04-021-3015,3/10/2016,32.884761,-112.03705,18.1,,10.833333
04-021-3015,3/13/2016,32.884761,-112.03705,15.6,,7.166667
04-021-3015,3/16/2016,32.884761,-112.03705,,,10.541667
04-021-3015,3/22/2016,32.884761,-112.03705,,,14.416667
04-021-3015,3/25/2016,32.884761,-112.03705,18.1,,27.708333
04-021-3015,3/28/2016,32.884761,-112.03705,20.8,,16.291667
04-021-3015,3/31/2016,32.884761,-112.03705,14.2,,5.916667
04-021-3015,4/3/2016,32.884761,-112.03705,21.5,,16.625
04-021-3015,4/6/2016,32.884761,-112.03705,,,18.875
04-021-3015,4/9/2016,32.884761,-112.03705,,,2.913043
04-021-3015,4/12/2016,32.884761,-112.03705,,,3.565217
04-021-3015,4/24/2016,32.884761,-112.03705,,,12.25
04-021-3015,4/27/2016,32.884761,-112.03705,19.9,,11.916667
04-021-3015,4/30/2016,32.884761,-112.03705,,,12.708333
04-021-3015,5/3/2016,32.884761,-112.03705,,,6.666667
04-021-3015,5/9/2016,32.884761,-112.03705,21.8,,3.708333
04-021-3015,5/12/2016,32.884761,-112.03705,27.9,,22.652174
04-021-3015,5/15/2016,32.884761,-112.03705,27.5,,8.25
04-021-3015,5/18/2016,32.884761,-112.03705,23.3,,7.25
04-021-3015,5/21/2016,32.884761,-112.03705,26.5,,8.375
04-021-3015,5/24/2016,32.884761,-112.03705,24.6,,9.5
04-021-3015,5/27/2016,32.884761,-112.03705,24.3,,14.416667
04-021-3015,5/30/2016,32.884761,-112.03705,26.5,,15.333333
04-021-3015,6/2/2016,32.884761,-112.03705,31.6,,10.583333
04-021-3015,6/8/2016,32.884761,-112.03705,33.2,,35.166667
04-021-3015,6/11/2016,32.884761,-112.03705,30.3,,8.708333
04-021-3015,6/14/2016,32.884761,-112.03705,,,16.125
04-021-3015,6/17/2016,32.884761,-112.03705,,,39.083333
04-021-3015,6/20/2016,32.884761,-112.03705,,,30.375
04-021-3015,6/23/2016,32.884761,-112.03705,,,46.291667
04-021-3015,6/26/2016,32.884761,-112.03705,34.8,,17.458333
04-021-3015,6/29/2016,32.884761,-112.03705,34.5,,17.083333
04-021-3015,7/2/2016,32.884761,-112.03705,32.5,,12.782609
04-021-3015,7/5/2016,32.884761,-112.03705,35.7,,17.869565
04-021-3015,7/11/2016,32.884761,-112.03705,34.7,,18.47619
04-021-3015,7/14/2016,32.884761,-112.03705,36.4,,10.75
04-021-3015,7/17/2016,32.884761,-112.03705,35,,23.869565
04-021-3015,7/21/2016,32.884761,-112.03705,37.2,,25.583333
04-021-3015,7/23/2016,32.884761,-112.03705,37.2,,12.217391
04-021-3015,7/26/2016,32.884761,-112.03705,36.6,,23.125
04-021-3015,7/29/2016,32.884761,-112.03705,35.6,,5.684211
04-021-3015,8/4/2016,32.884761,-112.03705,30.5,,6.652174
04-021-3015,8/7/2016,32.884761,-112.03705,36,,10.583333
04-021-3015,8/13/2016,32.884761,-112.03705,33.9,,17.565217
04-021-3015,8/16/2016,32.884761,-112.03705,35.2,,17.375
04-021-3015,8/19/2016,32.884761,-112.03705,32.2,,12.5
04-021-3015,8/22/2016,32.884761,-112.03705,30.3,,4.8
04-021-3015,8/25/2016,32.884761,-112.03705,32,,13.782609
04-021-3015,8/28/2016,32.884761,-112.03705,30.2,,7
04-021-3015,8/31/2016,32.884761,-112.03705,34.5,,12.272727
04-021-3015,9/3/2016,32.884761,-112.03705,32.6,,9.695652
04-021-3015,9/6/2016,32.884761,-112.03705,31,,10.125
04-021-3015,9/12/2016,32.884761,-112.03705,30.1,,6.272727
04-021-3015,9/15/2016,32.884761,-112.03705,27.6,,19.608696
04-021-3015,9/18/2016,32.884761,-112.03705,28.8,,22.125
04-021-3015,9/21/2016,32.884761,-112.03705,29.2,,5.681818
04-021-3015,9/24/2016,32.884761,-112.03705,22.2,,12.125
04-021-3015,9/27/2016,32.884761,-112.03705,24.7,,12.181818
04-021-3015,9/30/2016,32.884761,-112.03705,28.2,,5.727273
04-021-3015,10/4/2016,32.884761,-112.03705,20.5,,10.291667
04-021-3015,10/6/2016,32.884761,-112.03705,23.3,,10.5
04-021-3015,10/9/2016,32.884761,-112.03705,28.2,,8.090909
04-021-3015,10/12/2016,32.884761,-112.03705,,,17.521739
04-021-3015,10/15/2016,32.884761,-112.03705,,,13.041667
04-021-3015,10/18/2016,32.884761,-112.03705,,,10.217391
04-021-3015,10/21/2016,32.884761,-112.03705,,,14.25
04-021-3015,10/24/2016,32.884761,-112.03705,,,18.173913
04-021-3015,10/27/2016,32.884761,-112.03705,,,29.086957
04-021-3015,10/30/2016,32.884761,-112.03705,,,12.666667
04-021-3015,11/2/2016,32.884761,-112.03705,,,9.272727
04-021-3015,11/5/2016,32.884761,-112.03705,,,9.625
04-021-3015,11/8/2016,32.884761,-112.03705,,,8.458333
04-021-3015,11/11/2016,32.884761,-112.03705,,,6.217391
04-021-3015,11/14/2016,32.884761,-112.03705,,,17.291667
04-021-3015,11/17/2016,32.884761,-112.03705,,,10.958333
04-021-3015,11/20/2016,32.884761,-112.03705,,,7.916667
04-021-3015,11/23/2016,32.884761,-112.03705,,,9.041667
04-021-3015,11/26/2016,32.884761,-112.03705,,,3.833333
04-021-3015,11/29/2016,32.884761,-112.03705,,,3
04-021-3015,12/11/2016,32.884761,-112.03705,,,8.583333
04-021-3015,12/14/2016,32.884761,-112.03705,15.3,,8.869565
04-021-3015,12/17/2016,32.884761,-112.03705,11.3,,12.25
04-021-3015,12/20/2016,32.884761,-112.03705,16.7,,7.5
04-021-3015,12/23/2016,32.884761,-112.03705,13.7,,4
04-021-3015,12/26/2016,32.884761,-112.03705,7.9,,7.5
04-021-3015,12/28/2016,32.884761,-112.03705,10,,9.652174
04-021-3015,12/29/2016,32.884761,-112.03705,14.4,,11.833333
04-021-3015,1/4/2017,32.884761,-112.03705,12,,12.916667
04-021-3015,1/7/2017,32.884761,-112.03705,10.9,,6.5
04-021-3015,1/10/2017,32.884761,-112.03705,,,7.291667
04-021-3015,1/13/2017,32.884761,-112.03705,,,18.166667
04-021-3015,1/16/2017,32.884761,-112.03705,,,3
04-021-3015,1/19/2017,32.884761,-112.03705,10.6,,4.833333
04-021-3015,1/22/2017,32.884761,-112.03705,9.9,,3.375
04-021-3015,1/25/2017,32.884761,-112.03705,,,2.478261
04-021-3015,1/28/2017,32.884761,-112.03705,,,2.833333
04-021-3015,1/31/2017,32.884761,-112.03705,,,8.041667
04-021-3015,2/3/2017,32.884761,-112.03705,,,14.625
04-021-3015,2/6/2017,32.884761,-112.03705,14.5,,8.625
04-021-3015,2/9/2017,32.884761,-112.03705,17.3,,7.541667
04-021-3015,2/12/2017,32.884761,-112.03705,,,0.875
04-021-3015,2/15/2017,32.884761,-112.03705,,,10.708333
04-021-3015,2/18/2017,32.884761,-112.03705,,,6.5
04-021-3015,2/21/2017,32.884761,-112.03705,,,8
04-021-3015,2/24/2017,32.884761,-112.03705,,,6.333333
04-021-3015,2/27/2017,32.884761,-112.03705,,,1.958333
04-021-3015,3/2/2017,32.884761,-112.03705,,,4.541667
04-021-3015,3/5/2017,32.884761,-112.03705,,,3.5
04-021-3015,3/8/2017,32.884761,-112.03705,,,12.125
04-021-3015,3/11/2017,32.884761,-112.03705,,,9.125
04-021-3015,3/14/2017,32.884761,-112.03705,,,16.25
04-021-3015,3/17/2017,32.884761,-112.03705,,,18.125
04-021-3015,3/20/2017,32.884761,-112.03705,,,21.666667
04-021-3015,3/26/2017,32.884761,-112.03705,,,9.791667
04-021-3015,4/1/2017,32.884761,-112.03705,15,,7.125
04-021-3015,4/4/2017,32.884761,-112.03705,,,6.541667
04-021-3015,4/7/2017,32.884761,-112.03705,23.2,,19.166667
04-021-3015,4/10/2017,32.884761,-112.03705,,,21.375
04-021-3015,4/13/2017,32.884761,-112.03705,24.2,,28.791667
04-021-3015,4/16/2017,32.884761,-112.03705,23.2,,14.291667
04-021-3015,4/19/2017,32.884761,-112.03705,,,5.291667
04-021-3015,4/26/2017,32.884761,-112.03705,24.4,,5.208333
04-021-3015,4/28/2017,32.884761,-112.03705,,,8.916667
04-021-3015,5/1/2017,32.884761,-112.03705,,,21.083333
04-021-3015,5/4/2017,32.884761,-112.03705,29.2,,57.541667
04-021-3015,5/7/2017,32.884761,-112.03705,19.4,,6.541667
04-021-3015,5/10/2017,32.884761,-112.03705,19.1,,4.166667
04-021-3015,5/13/2017,32.884761,-112.03705,,,6.875
04-021-3015,5/16/2017,32.884761,-112.03705,19.2,,9.478261
04-021-3015,5/19/2017,32.884761,-112.03705,21.9,,3.086957
04-021-3015,5/22/2017,32.884761,-112.03705,29.7,,12.208333
04-021-3015,5/25/2017,32.884761,-112.03705,30.9,,5.083333
04-021-3015,5/28/2017,32.884761,-112.03705,,,15.666667
04-021-3015,5/31/2017,32.884761,-112.03705,,,8.782609
04-021-3015,6/3/2017,32.884761,-112.03705,32.3,,19.666667
04-021-3015,6/6/2017,32.884761,-112.03705,,,15.25
04-021-3015,6/9/2017,32.884761,-112.03705,,,17.25
04-021-3015,6/12/2017,32.884761,-112.03705,27.3,,11.791667
04-021-3015,6/15/2017,32.884761,-112.03705,30.4,,26.875
04-021-3015,6/18/2017,32.884761,-112.03705,,,24.291667
04-021-3015,6/21/2017,32.884761,-112.03705,,,29.041667
04-021-3015,6/24/2017,32.884761,-112.03705,,,30.75
04-021-3015,6/27/2017,32.884761,-112.03705,35.6,,16.347826
04-021-3015,6/30/2017,32.884761,-112.03705,,,34.65
04-021-3015,7/3/2017,32.884761,-112.03705,,,28.041667
04-021-3015,7/6/2017,32.884761,-112.03705,,,22.208333
04-021-3015,7/9/2017,32.884761,-112.03705,34.5,,12.958333
04-021-3015,8/26/2017,32.884761,-112.03705,,,26.708333
04-021-3015,8/29/2017,32.884761,-112.03705,,,25.125
04-021-3015,9/1/2017,32.884761,-112.03705,,,15.833333
04-021-3015,9/4/2017,32.884761,-112.03705,31.9,,7.291667
04-021-3015,9/9/2017,32.884761,-112.03705,,,13.041667
04-021-3015,9/12/2017,32.884761,-112.03705,,,8.083333
04-021-3015,9/13/2017,32.884761,-112.03705,34.1,,15.916667
04-021-3015,9/16/2017,32.884761,-112.03705,,,14.25
04-021-3015,9/19/2017,32.884761,-112.03705,,,11.583333
04-021-3015,9/25/2017,32.884761,-112.03705,,,16.666667
04-021-3015,9/28/2017,32.884761,-112.03705,,,18.375
04-021-3015,10/1/2017,32.884761,-112.03705,,,14.833333
04-021-3015,10/4/2017,32.884761,-112.03705,,,14.238095
04-021-3015,10/7/2017,32.884761,-112.03705,,,38.52381
04-021-3015,10/13/2017,32.884761,-112.03705,,,24.875
04-021-3015,10/21/2017,32.884761,-112.03705,,,21.375
04-021-3015,10/24/2017,32.884761,-112.03705,,,32.272727
04-021-3015,10/25/2017,32.884761,-112.03705,,,10.208333
04-021-3015,10/28/2017,32.884761,-112.03705,,,23.416667
04-021-3015,10/31/2017,32.884761,-112.03705,,,10.875
04-021-3015,11/6/2017,32.884761,-112.03705,,,20.318182
04-021-3015,11/9/2017,32.884761,-112.03705,,,13.125
04-021-3015,11/12/2017,32.884761,-112.03705,,,20.958333
04-021-3015,11/15/2017,32.884761,-112.03705,,,32.166667
04-021-3015,11/18/2017,32.884761,-112.03705,,,7.541667
04-021-3015,11/21/2017,32.884761,-112.03705,,,16.416667
04-021-3015,11/24/2017,32.884761,-112.03705,,,23.041667
04-021-3015,11/27/2017,32.884761,-112.03705,,,18.25
04-021-3015,11/30/2017,32.884761,-112.03705,,,23.208333
04-021-3015,12/3/2017,32.884761,-112.03705,,,24.333333
04-021-3015,12/6/2017,32.884761,-112.03705,,,8.083333
04-021-3015,12/9/2017,32.884761,-112.03705,,,12
04-021-3015,12/12/2017,32.884761,-112.03705,,,15.913043
04-021-3015,12/15/2017,32.884761,-112.03705,,,8.291667
04-021-3015,12/18/2017,32.884761,-112.03705,,,7.833333
04-021-3015,12/21/2017,32.884761,-112.03705,,,6.041667
04-021-3015,12/24/2017,32.884761,-112.03705,,,8.166667
04-021-3015,12/27/2017,32.884761,-112.03705,,,14.416667
04-021-3015,12/30/2017,32.884761,-112.03705,,,9.791667
04-021-3015,1/3/2018,32.884761,-112.03705,,,10.25
04-021-3015,1/5/2018,32.884761,-112.03705,,,17.375
04-021-3015,1/8/2018,32.884761,-112.03705,,,13.708333
04-021-3015,1/11/2018,32.884761,-112.03705,,,6.791667
04-021-3015,1/14/2018,32.884761,-112.03705,,,5.125
04-021-3015,1/17/2018,32.884761,-112.03705,,,11.541667
04-021-3015,1/20/2018,32.884761,-112.03705,,,5.208333
04-021-3015,1/26/2018,32.884761,-112.03705,12.6,,5.625
04-021-3015,1/29/2018,32.884761,-112.03705,21,,7.75
04-021-3015,2/1/2018,32.884761,-112.03705,,,18.208333
04-021-3015,2/4/2018,32.884761,-112.03705,16,,20.791667
04-021-3015,2/7/2018,32.884761,-112.03705,,,6.333333
04-021-3015,2/10/2018,32.884761,-112.03705,17.7,,20.208333
04-021-3015,2/13/2018,32.884761,-112.03705,17.6,,6.565217
04-021-3015,2/16/2018,32.884761,-112.03705,,,6.5
04-021-3015,2/19/2018,32.884761,-112.03705,15.2,,10.25
04-021-3015,2/22/2018,32.884761,-112.03705,,,5.083333
04-021-3015,2/25/2018,32.884761,-112.03705,,,6.458333
04-021-3015,2/28/2018,32.884761,-112.03705,9.3,,1.333333
04-021-3015,3/3/2018,32.884761,-112.03705,,,5.041667
04-021-3015,3/6/2018,32.884761,-112.03705,,,3.041667
04-021-3015,3/9/2018,32.884761,-112.03705,18.9,,12.541667
04-021-3015,3/12/2018,32.884761,-112.03705,20.5,,6.375
04-021-3015,3/15/2018,32.884761,-112.03705,17,,9.375
04-021-3015,3/18/2018,32.884761,-112.03705,13.9,,2.125
04-021-3015,3/21/2018,32.884761,-112.03705,19.1,,22.541667
04-021-3015,3/24/2018,32.884761,-112.03705,19.5,,4.583333
04-021-3015,3/27/2018,32.884761,-112.03705,15.7,,10.625
04-021-3015,3/30/2018,32.884761,-112.03705,21.5,,19.333333
04-021-3015,4/2/2018,32.884761,-112.03705,,,5.833333
04-021-3015,4/5/2018,32.884761,-112.03705,23.7,,26.375
04-021-3015,4/8/2018,32.884761,-112.03705,,,7.625
04-021-3015,4/11/2018,32.884761,-112.03705,26,,18.208333
04-021-3015,4/14/2018,32.884761,-112.03705,,,7.791667
04-021-3015,4/17/2018,32.884761,-112.03705,19,,13.583333
04-021-3015,4/20/2018,32.884761,-112.03705,17.4,,17
04-021-3015,4/23/2018,32.884761,-112.03705,25.9,,33.458333
04-021-3015,4/26/2018,32.884761,-112.03705,26.9,,14.916667
04-021-3015,4/29/2018,32.884761,-112.03705,25.9,,15
04-021-3015,5/2/2018,32.884761,-112.03705,17.7,,15.333333
04-021-3015,5/5/2018,32.884761,-112.03705,28.4,,10.083333
04-021-3015,5/8/2018,32.884761,-112.03705,,,19.833333
04-021-3015,5/11/2018,32.884761,-112.03705,,,49
04-021-3015,5/14/2018,32.884761,-112.03705,,,9.5
04-021-3015,5/17/2018,32.884761,-112.03705,28.2,,15.875
04-021-3015,5/20/2018,32.884761,-112.03705,27.6,,14.958333
04-021-3015,5/23/2018,32.884761,-112.03705,,,9.625
04-021-3015,5/26/2018,32.884761,-112.03705,,,9.958333
04-021-3015,5/29/2018,32.884761,-112.03705,29.7,,10.333333
04-021-3015,6/1/2018,32.884761,-112.03705,,,14.304348
04-021-3015,6/4/2018,32.884761,-112.03705,,,27.5
04-021-3015,6/7/2018,32.884761,-112.03705,31.5,,25.875
04-021-3015,6/10/2018,32.884761,-112.03705,32.1,,41.791667
04-021-3015,6/16/2018,32.884761,-112.03705,24.4,,4.333333
04-021-3015,6/19/2018,32.884761,-112.03705,30.4,,10.125
04-021-3015,6/22/2018,32.884761,-112.03705,34,,16.5
04-021-3015,6/25/2018,32.884761,-112.03705,,,24.333333
04-021-3015,6/28/2018,32.884761,-112.03705,34.6,,16.791667
04-021-3015,7/1/2018,32.884761,-112.03705,30.9,,33
04-021-3015,7/4/2018,32.884761,-112.03705,34.3,,18.833333
04-021-3015,7/7/2018,32.884761,-112.03705,37.8,,41.833333
04-021-3015,7/10/2018,32.884761,-112.03705,,,10.083333
04-021-3015,7/13/2018,32.884761,-112.03705,33.6,,7.166667
04-021-3015,7/16/2018,32.884761,-112.03705,,,7.333333
04-021-3015,7/19/2018,32.884761,-112.03705,34.3,,1.916667
04-021-3015,7/22/2018,32.884761,-112.03705,34.5,,5.458333
04-021-3015,7/25/2018,32.884761,-112.03705,38.6,,10.26087
04-021-3015,7/28/2018,32.884761,-112.03705,,,10.208333
04-021-3015,7/31/2018,32.884761,-112.03705,33.2,,10.25
04-021-3015,8/3/2018,32.884761,-112.03705,35.5,,10.458333
04-021-3015,8/6/2018,32.884761,-112.03705,,,10.166667
04-021-3015,8/9/2018,32.884761,-112.03705,32.5,,29.125
04-021-3015,8/12/2018,32.884761,-112.03705,31.1,,14.458333
04-021-3015,8/15/2018,32.884761,-112.03705,,,6.75
04-021-3015,8/18/2018,32.884761,-112.03705,,,5.083333
04-021-3015,8/21/2018,32.884761,-112.03705,33.3,,5.416667
04-021-3015,8/24/2018,32.884761,-112.03705,30.6,,13.333333
04-021-3015,8/27/2018,32.884761,-112.03705,33.3,,11
04-021-3015,8/30/2018,32.884761,-112.03705,32.6,,11.458333
04-021-3015,9/2/2018,32.884761,-112.03705,31.2,,17.869565
04-021-3015,9/5/2018,32.884761,-112.03705,,,11.625
04-021-3015,9/8/2018,32.884761,-112.03705,34,,9.458333
04-021-3015,9/11/2018,32.884761,-112.03705,33.2,,16.416667
04-021-3015,9/14/2018,32.884761,-112.03705,32.3,,18.708333
04-021-3015,9/18/2018,32.884761,-112.03705,33,,16.291667
04-021-3015,9/20/2018,32.884761,-112.03705,26.2,,3.041667
04-021-3015,9/23/2018,32.884761,-112.03705,31,,8.333333
04-021-3015,9/26/2018,32.884761,-112.03705,30,,8.791667
04-021-3015,9/29/2018,32.884761,-112.03705,30.7,,10
04-021-3015,10/2/2018,32.884761,-112.03705,23.4,,-0.217391
04-021-3015,10/5/2018,32.884761,-112.03705,,,2.217391
04-021-3015,10/8/2018,32.884761,-112.03705,,,0.791667
04-021-3015,10/14/2018,32.884761,-112.03705,,,0.666667
04-021-3015,10/17/2018,32.884761,-112.03705,,,2.666667
04-021-3015,10/20/2018,32.884761,-112.03705,,,3.958333
04-021-3015,10/23/2018,32.884761,-112.03705,,,4.25
04-021-3015,10/26/2018,32.884761,-112.03705,21.2,,3.541667
04-021-3015,10/29/2018,32.884761,-112.03705,22.4,,4.625
04-021-3015,11/1/2018,32.884761,-112.03705,15.6,,4.5
04-021-3015,11/7/2018,32.884761,-112.03705,,,9.291667
04-021-3015,11/10/2018,32.884761,-112.03705,18.3,,6.708333
04-021-3015,11/13/2018,32.884761,-112.03705,,,18.583333
04-021-3015,11/16/2018,32.884761,-112.03705,,,11.25
04-021-3015,11/19/2018,32.884761,-112.03705,,,15.217391
04-021-3015,11/22/2018,32.884761,-112.03705,13.9,,12.25
04-021-3015,11/25/2018,32.884761,-112.03705,13.6,,7.625
04-021-3015,11/28/2018,32.884761,-112.03705,13.6,,7.666667
04-021-3015,12/1/2018,32.884761,-112.03705,11.3,,5.208333
04-021-3015,12/4/2018,32.884761,-112.03705,,,7
04-021-3015,12/7/2018,32.884761,-112.03705,14,,5.5
04-021-3015,12/10/2018,32.884761,-112.03705,,,7.25
04-021-3015,12/13/2018,32.884761,-112.03705,9.8,,4.125
04-021-3015,12/16/2018,32.884761,-112.03705,,,5.791667
04-021-3015,12/19/2018,32.884761,-112.03705,10.6,,6.791667
04-021-3015,12/22/2018,32.884761,-112.03705,11.6,,8.541667
04-021-3015,12/25/2018,32.884761,-112.03705,11,,5.458333
04-021-3015,12/28/2018,32.884761,-112.03705,6.6,,3.26087
04-021-3015,1/3/2019,32.884761,-112.03705,,,5.916667
04-021-3015,1/6/2019,32.884761,-112.03705,10.4,,7.25
04-021-3015,1/9/2019,32.884761,-112.03705,12.8,,7.5
04-021-3015,1/12/2019,32.884761,-112.03705,11.7,,7
04-021-3015,1/15/2019,32.884761,-112.03705,14,,2.166667
04-021-3015,1/18/2019,32.884761,-112.03705,13.8,,4.208333
04-021-3015,1/21/2019,32.884761,-112.03705,12.9,,1.666667
04-021-3015,1/24/2019,32.884761,-112.03705,8.7,,6.217391
04-021-3015,1/27/2019,32.884761,-112.03705,11.5,,5.583333
04-021-3015,1/30/2019,32.884761,-112.03705,14.9,,15.375
04-021-3015,2/2/2019,32.884761,-112.03705,16.8,,4.291667
04-021-3015,2/5/2019,32.884761,-112.03705,,,1
04-021-3015,2/8/2019,32.884761,-112.03705,7.7,,8.166667
04-021-3015,2/11/2019,32.884761,-112.03705,,,4.521739
04-021-3015,2/14/2019,32.884761,-112.03705,13.7,,3.916667
04-021-3015,2/17/2019,32.884761,-112.03705,8.6,,8.625
04-021-3015,2/20/2019,32.884761,-112.03705,6.5,,1.75
04-021-3015,2/26/2019,32.884761,-112.03705,12.5,,11.458333
04-021-3015,3/1/2019,32.884761,-112.03705,16.3,,6.791667
04-021-3015,3/4/2019,32.884761,-112.03705,15.5,,5.75
04-021-3015,3/7/2019,32.884761,-112.03705,17.7,,6.416667
04-021-3015,3/10/2019,32.884761,-112.03705,12.8,,4.875
04-021-3015,3/13/2019,32.884761,-112.03705,,,3.458333
04-021-3015,3/16/2019,32.884761,-112.03705,,,7.625
04-021-3015,3/19/2019,32.884761,-112.03705,,,10.5
04-021-3015,3/22/2019,32.884761,-112.03705,13.8,,3.083333
04-021-3015,3/25/2019,32.884761,-112.03705,,,13
04-021-3015,3/28/2019,32.884761,-112.03705,,,19.791667
04-021-3015,3/31/2019,32.884761,-112.03705,17.4,,9.708333
04-021-3015,4/3/2019,32.884761,-112.03705,19.7,,7.458333
04-021-3015,4/6/2019,32.884761,-112.03705,20.3,,4.5
04-021-3015,4/9/2019,32.884761,-112.03705,25.5,,19.375
04-021-3015,4/12/2019,32.884761,-112.03705,19,,9.625
04-021-3015,4/15/2019,32.884761,-112.03705,,,10.291667
04-021-3015,4/18/2019,32.884761,-112.03705,21.5,,5.086957
04-021-3015,4/21/2019,32.884761,-112.03705,24.5,,6.913043
04-021-3015,4/24/2019,32.884761,-112.03705,,,14.166667
04-021-3015,4/27/2019,32.884761,-112.03705,27.5,,16.666667
04-021-3015,4/30/2019,32.884761,-112.03705,22,,6.625
04-021-3015,5/3/2019,32.884761,-112.03705,24.1,,20.458333
04-021-3015,5/6/2019,32.884761,-112.03705,23.7,,5.125
04-021-3015,5/9/2019,32.884761,-112.03705,23.7,,12.25
04-021-3015,5/12/2019,32.884761,-112.03705,,,4.041667
04-021-3015,5/15/2019,32.884761,-112.03705,29,,5.458333
04-021-3015,5/18/2019,32.884761,-112.03705,21.9,,10.125
04-021-3015,5/21/2019,32.884761,-112.03705,19.9,,8.625
04-021-3015,5/24/2019,32.884761,-112.03705,22.4,,5.458333
04-021-3015,5/27/2019,32.884761,-112.03705,20.7,,5
04-021-3015,5/30/2019,32.884761,-112.03705,26.5,,31.666667
04-021-3015,6/2/2019,32.884761,-112.03705,28.1,,9.458333
04-021-3015,6/5/2019,32.884761,-112.03705,29.7,,8.5
04-021-3015,6/8/2019,32.884761,-112.03705,29.1,,11.25
04-021-3015,6/11/2019,32.884761,-112.03705,33.8,,18.5
04-021-3015,6/14/2019,32.884761,-112.03705,31.7,,9.333333
04-021-3015,6/17/2019,32.884761,-112.03705,32.1,,12.5
04-021-3015,6/20/2019,32.884761,-112.03705,30.7,,17.5
04-021-3015,6/23/2019,32.884761,-112.03705,29.2,,19.041667
04-021-3015,6/26/2019,32.884761,-112.03705,30.6,,23.333333
04-021-3015,6/29/2019,32.884761,-112.03705,35.4,,14.75
04-021-3015,7/2/2019,32.884761,-112.03705,34,,25.375
04-021-3015,7/14/2019,32.884761,-112.03705,36.3,,18.25
04-021-3015,7/17/2019,32.884761,-112.03705,34.8,,21.708333
04-021-3015,7/20/2019,32.884761,-112.03705,35,,14.333333
04-021-3015,7/23/2019,32.884761,-112.03705,32.5,,15.25
04-021-3015,7/26/2019,32.884761,-112.03705,35.9,,6.434783
04-021-3015,7/27/2019,32.884761,-112.03705,37.3,,8.583333
04-021-3015,7/29/2019,32.884761,-112.03705,36.1,,18.833333
04-021-3015,8/1/2019,32.884761,-112.03705,32,,11.458333
04-021-3015,8/4/2019,32.884761,-112.03705,36.3,,7.416667
04-021-3015,8/7/2019,32.884761,-112.03705,34,,7.5
04-021-3015,8/10/2019,32.884761,-112.03705,31.1,,10
04-021-3015,8/13/2019,32.884761,-112.03705,34.7,,9.958333
04-021-3015,8/16/2019,32.884761,-112.03705,34.6,,27.375
04-021-3015,8/19/2019,32.884761,-112.03705,33.4,,23.208333
04-021-3015,8/24/2019,32.884761,-112.03705,32.2,,5.916667
04-021-3015,8/25/2019,32.884761,-112.03705,32.9,,1.833333
04-021-3015,8/28/2019,32.884761,-112.03705,34.8,,13
04-021-3015,8/31/2019,32.884761,-112.03705,34.9,,8.291667
04-021-3015,9/3/2019,32.884761,-112.03705,34.6,,11.791667
04-021-3015,9/6/2019,32.884761,-112.03705,,,10.666667
04-021-3015,9/9/2019,32.884761,-112.03705,31.1,,3.875
04-021-3015,9/12/2019,32.884761,-112.03705,31,,10.041667
04-021-3015,9/15/2019,32.884761,-112.03705,30.5,,11.541667
04-021-3015,9/21/2019,32.884761,-112.03705,26.8,,7.583333
04-021-3015,9/24/2019,32.884761,-112.03705,24,,1.333333
04-021-3015,9/27/2019,32.884761,-112.03705,24.4,,1.782609
04-021-3015,9/30/2019,32.884761,-112.03705,24.5,,6.041667
04-021-3015,10/3/2019,32.884761,-112.03705,,,8.217391
04-021-3015,10/6/2019,32.884761,-112.03705,25.4,,12.666667
04-021-3015,10/9/2019,32.884761,-112.03705,25.6,,17.833333
04-021-3015,10/12/2019,32.884761,-112.03705,23.2,,9.458333
04-021-3015,10/15/2019,32.884761,-112.03705,24.7,,10.458333
04-021-3015,10/18/2019,32.884761,-112.03705,23,,9.416667
04-021-3015,10/21/2019,32.884761,-112.03705,19.4,,17.041667
04-021-3015,10/24/2019,32.884761,-112.03705,21,,10.625
04-021-3015,10/27/2019,32.884761,-112.03705,22,,12.166667
04-021-3015,10/30/2019,32.884761,-112.03705,13.8,,7.333333
04-021-3015,11/2/2019,32.884761,-112.03705,19.9,,16.875
04-021-3015,11/5/2019,32.884761,-112.03705,21.3,,34.458333
04-021-3015,11/8/2019,32.884761,-112.03705,,,9.565217
04-021-3015,11/11/2019,32.884761,-112.03705,21.7,,15.583333
04-021-3015,11/14/2019,32.884761,-112.03705,17.6,,23.791667
04-021-3015,11/17/2019,32.884761,-112.03705,18,,24.541667
04-021-3015,11/19/2019,32.884761,-112.03705,16.1,,22.791667
04-021-3015,11/20/2019,32.884761,-112.03705,16.7,,2.5
04-021-3015,11/23/2019,32.884761,-112.03705,13.5,,5.541667
04-021-3015,11/26/2019,32.884761,-112.03705,10.7,,4.833333
04-021-3015,11/29/2019,32.884761,-112.03705,11.2,,1.333333
04-021-3015,12/5/2019,32.884761,-112.03705,15.6,,7.916667
04-021-3015,12/8/2019,32.884761,-112.03705,14.3,,6.666667
04-021-3015,12/11/2019,32.884761,-112.03705,11.1,,5.625
04-021-3015,12/14/2019,32.884761,-112.03705,13.3,,8.416667
04-021-3015,12/17/2019,32.884761,-112.03705,9.5,,2.125
04-021-3015,12/26/2019,32.884761,-112.03705,9,,6
04-021-3015,12/29/2019,32.884761,-112.03705,4.5,,3
04-021-3015,1/4/2020,32.884761,-112.03705,9.2,,5.416667
04-021-3015,1/7/2020,32.884761,-112.03705,11.8,,4.125
04-021-3015,1/10/2020,32.884761,-112.03705,9.4,,3.125
04-021-3015,1/13/2020,32.884761,-112.03705,9.6,,7.875
04-021-3015,1/16/2020,32.884761,-112.03705,11.4,,11.083333
04-021-3015,1/30/2020,32.884761,-112.03705,11.2,,2.083333
04-021-3015,1/31/2020,32.884761,-112.03705,10.3,,5.041667
04-021-3015,2/3/2020,32.884761,-112.03705,12.9,,4.041667
04-021-3015,2/6/2020,32.884761,-112.03705,6.6,,8.458333
04-021-3015,2/9/2020,32.884761,-112.03705,14.8,,8.458333
04-021-3015,2/12/2020,32.884761,-112.03705,9.1,,2.958333
04-021-3015,2/15/2020,32.884761,-112.03705,12.1,,4.916667
04-021-3015,2/18/2020,32.884761,-112.03705,14.8,,17.541667
04-021-3015,2/21/2020,32.884761,-112.03705,19.3,,16.291667
04-021-3015,2/24/2020,32.884761,-112.03705,12.7,,3
04-021-3015,2/27/2020,32.884761,-112.03705,12.8,,4.208333
04-021-3015,3/1/2020,32.884761,-112.03705,16.2,,4.666667
04-021-3015,3/4/2020,32.884761,-112.03705,13.6,,3.166667
04-021-3015,3/7/2020,32.884761,-112.03705,20.1,,7
04-021-3015,3/10/2020,32.884761,-112.03705,18.2,,5.541667
04-021-3015,3/13/2020,32.884761,-112.03705,14.3,,2.391304
04-021-3015,3/16/2020,32.884761,-112.03705,16.9,,1.875
04-021-3015,3/19/2020,32.884761,-112.03705,12,,1.583333
04-021-3015,3/22/2020,32.884761,-112.03705,15.8,,4.958333
04-021-3015,3/25/2020,32.884761,-112.03705,17.6,,4.083333
04-021-3015,3/28/2020,32.884761,-112.03705,12.6,,11.875
04-021-3015,3/31/2020,32.884761,-112.03705,17.5,,9.333333
04-021-3015,4/3/2020,32.884761,-112.03705,20.3,,9.416667
04-021-3015,4/6/2020,32.884761,-112.03705,19.9,,9.666667
04-021-3015,4/9/2020,32.884761,-112.03705,14.9,,12.166667
04-021-3015,4/12/2020,32.884761,-112.03705,16.3,,2.208333
04-021-3015,4/15/2020,32.884761,-112.03705,17.9,,7.791667
04-021-3015,4/18/2020,32.884761,-112.03705,18.4,,6.541667
04-021-3015,4/21/2020,32.884761,-112.03705,20.6,,14.958333
04-021-3015,4/24/2020,32.884761,-112.03705,26.8,,30.083333
04-021-3015,4/27/2020,32.884761,-112.03705,28.8,,14.5
04-021-3015,4/30/2020,32.884761,-112.03705,29.8,,14.782609
04-021-3015,5/3/2020,32.884761,-112.03705,28.1,,13.5
04-021-3015,5/6/2020,32.884761,-112.03705,30,,35.166667
04-021-3015,5/9/2020,32.884761,-112.03705,30.3,,13.625
04-021-3015,5/12/2020,32.884761,-112.03705,27,,4.833333
04-021-3015,5/15/2020,32.884761,-112.03705,25.7,,13.791667
04-021-3015,5/18/2020,32.884761,-112.03705,28.2,,14.083333
04-021-3015,5/21/2020,32.884761,-112.03705,23.1,,18.916667
04-021-3015,5/24/2020,32.884761,-112.03705,25.8,,9.666667
04-021-3015,5/27/2020,32.884761,-112.03705,30.7,,11.958333
04-021-3015,5/30/2020,32.884761,-112.03705,33.2,,27.958333
04-021-3015,6/2/2020,32.884761,-112.03705,33.7,,11.7
04-021-3015,6/5/2020,32.884761,-112.03705,32.3,,15.375
04-021-3015,6/8/2020,32.884761,-112.03705,24.6,,9.625
04-021-3015,6/11/2020,32.884761,-112.03705,31.4,,26.416667
04-021-3015,6/14/2020,32.884761,-112.03705,30.2,,26.583333
04-021-3015,6/17/2020,32.884761,-112.03705,30.3,,11.666667
04-021-3015,6/20/2020,32.884761,-112.03705,31.1,,19.416667
04-021-3015,6/23/2020,32.884761,-112.03705,33,,9.625
04-021-3015,6/26/2020,32.884761,-112.03705,33.4,,43.041667
04-021-3015,6/29/2020,32.884761,-112.03705,30.6,,10.583333
04-021-3015,7/2/2020,32.884761,-112.03705,31.3,,48.083333
04-021-3015,7/5/2020,32.884761,-112.03705,34.4,,13.541667
04-021-3015,7/11/2020,32.884761,-112.03705,37.1,,9
04-021-3015,7/14/2020,32.884761,-112.03705,35.6,,21.458333
04-021-3015,7/17/2020,32.884761,-112.03705,35.5,,14.791667
04-021-3015,7/20/2020,32.884761,-112.03705,34.9,,25.208333
04-021-3015,7/21/2020,32.884761,-112.03705,35.5,,18.416667
04-021-3015,7/23/2020,32.884761,-112.03705,30.3,,20.791667
04-021-3015,7/26/2020,32.884761,-112.03705,34.4,,22.25
04-021-3015,7/29/2020,32.884761,-112.03705,36.7,,26.25
04-021-3015,8/1/2020,32.884761,-112.03705,36.8,,18.5
04-021-3015,8/22/2020,32.884761,-112.03705,33,,7.541667
04-021-3015,8/25/2020,32.884761,-112.03705,35.5,,39.333333
04-021-3015,8/28/2020,32.884761,-112.03705,35.2,,25.458333
04-021-3015,8/31/2020,32.884761,-112.03705,29.2,,4.25
04-021-3015,9/3/2020,32.884761,-112.03705,33.2,,14.666667
04-021-3015,9/6/2020,32.884761,-112.03705,34.9,,25.416667
04-021-3015,9/9/2020,32.884761,-112.03705,24.3,,11.25
04-021-3015,9/12/2020,32.884761,-112.03705,25.1,,30.375
04-021-3015,9/15/2020,32.884761,-112.03705,30.7,,29.75
04-021-3015,9/18/2020,32.884761,-112.03705,32.1,,29.625
04-021-3015,9/21/2020,32.884761,-112.03705,31.5,,21
04-021-3015,9/24/2020,32.884761,-112.03705,30.4,,31.375
04-021-3015,9/27/2020,32.884761,-112.03705,29,,15.875
04-021-3015,9/30/2020,32.884761,-112.03705,28,,67.333333
04-021-3015,10/3/2020,32.884761,-112.03705,28.7,,18.5
04-021-3015,10/6/2020,32.884761,-112.03705,28.3,,39.041667
04-021-3015,10/9/2020,32.884761,-112.03705,27.9,,29.238095
04-021-3015,10/12/2020,32.884761,-112.03705,25.6,,54.565217
04-021-3015,10/15/2020,32.884761,-112.03705,26.3,,44.208333
04-021-3015,10/18/2020,32.884761,-112.03705,25.3,,37.208333
04-021-3015,10/21/2020,32.884761,-112.03705,24.9,,24
04-021-3015,10/24/2020,32.884761,-112.03705,23.9,,16.916667
04-021-3015,10/27/2020,32.884761,-112.03705,11.1,,8.73913
04-021-3015,10/30/2020,32.884761,-112.03705,19.5,,9.833333
04-021-3015,11/2/2020,32.884761,-112.03705,28.2,,11.75
04-021-3015,11/5/2020,32.884761,-112.03705,24.2,,24.958333
04-021-3015,11/8/2020,32.884761,-112.03705,14.6,,6.125
04-021-3015,11/11/2020,32.884761,-112.03705,9.9,,15.791667
04-021-3015,11/14/2020,32.884761,-112.03705,14.9,,12.958333
04-021-3015,11/17/2020,32.884761,-112.03705,19,,20.416667
04-021-3015,11/20/2020,32.884761,-112.03705,19.7,,27.041667
04-021-3015,11/23/2020,32.884761,-112.03705,18.4,,28.285714
04-021-3015,11/26/2020,32.884761,-112.03705,12.4,,16.041667
04-021-3015,11/29/2020,32.884761,-112.03705,11.2,,12.833333
04-021-3015,12/2/2020,32.884761,-112.03705,9.9,,9.25
04-021-3015,12/5/2020,32.884761,-112.03705,9,,13.708333
04-021-3015,12/8/2020,32.884761,-112.03705,15.3,,7.416667
04-021-3015,12/11/2020,32.884761,-112.03705,11.5,,6.333333
04-021-3015,12/14/2020,32.884761,-112.03705,8,,5.208333
04-021-3015,12/17/2020,32.884761,-112.03705,8,,8.333333
04-021-3015,12/20/2020,32.884761,-112.03705,8.4,,8.166667
04-021-3015,12/23/2020,32.884761,-112.03705,9.5,,10.869565
04-021-3015,12/26/2020,32.884761,-112.03705,10.2,,7.875
04-021-3015,12/29/2020,32.884761,-112.03705,8.5,,3.541667
06-019-0011,1/1/2016,36.78538,-119.77321,4.3,,45.545833
06-019-0011,1/2/2016,36.78538,-119.77321,7.4,,41.821739
06-019-0011,1/3/2016,36.78538,-119.77321,9,,31.675
06-019-0011,1/4/2016,36.78538,-119.77321,8.3,,31.158333
06-019-0011,1/5/2016,36.78538,-119.77321,10.5,,12.458333
06-019-0011,1/6/2016,36.78538,-119.77321,8.7,,5.170833
06-019-0011,1/7/2016,36.78538,-119.77321,8.7,,6.420833
06-019-0011,1/8/2016,36.78538,-119.77321,6.1,,13.983333
06-019-0011,1/9/2016,36.78538,-119.77321,7.7,,10.4625
06-019-0011,1/11/2016,36.78538,-119.77321,9,,16.358333
06-019-0011,1/12/2016,36.78538,-119.77321,7.9,,23.754545
06-019-0011,1/13/2016,36.78538,-119.77321,10.7,,11.854167
06-019-0011,1/14/2016,36.78538,-119.77321,8.3,,11.4875
06-019-0011,1/15/2016,36.78538,-119.77321,10.9,,13.595833
06-019-0011,1/16/2016,36.78538,-119.77321,11.2,,14.983333
06-019-0011,1/17/2016,36.78538,-119.77321,10.9,,15.533333
06-019-0011,1/18/2016,36.78538,-119.77321,12.8,,7.121739
06-019-0011,1/21/2016,36.78538,-119.77321,10.4,,14.470833
06-019-0011,1/22/2016,36.78538,-119.77321,11.4,,9.0125
06-019-0011,1/23/2016,36.78538,-119.77321,12.7,,4.283333
06-019-0011,1/24/2016,36.78538,-119.77321,9.6,,9.316667
06-019-0011,1/25/2016,36.78538,-119.77321,8.7,,19.154167
06-019-0011,1/26/2016,36.78538,-119.77321,10.3,,14.995652
06-019-0011,1/27/2016,36.78538,-119.77321,10.3,,18.591667
06-019-0011,1/28/2016,36.78538,-119.77321,9.3,,27.854167
06-019-0011,1/29/2016,36.78538,-119.77321,11.4,,34.6125
06-019-0011,1/30/2016,36.78538,-119.77321,12,,14.775
06-019-0011,1/31/2016,36.78538,-119.77321,9.3,,4.220833
06-019-0011,2/1/2016,36.78538,-119.77321,6.9,,7.525
06-019-0011,2/2/2016,36.78538,-119.77321,5.4,,17.429167
06-019-0011,2/3/2016,36.78538,-119.77321,5.7,,24.152174
06-019-0011,2/4/2016,36.78538,-119.77321,8,,22.279167
06-019-0011,2/5/2016,36.78538,-119.77321,8.8,,25.266667
06-019-0011,2/6/2016,36.78538,-119.77321,9.8,,24.854167
06-019-0011,2/7/2016,36.78538,-119.77321,11.1,,33.3375
06-019-0011,2/8/2016,36.78538,-119.77321,12.7,,24.808333
06-019-0011,2/9/2016,36.78538,-119.77321,14,,16.841667
06-019-0011,2/10/2016,36.78538,-119.77321,14.8,,19.741667
06-019-0011,2/11/2016,36.78538,-119.77321,14.3,,27.070833
06-019-0011,2/12/2016,36.78538,-119.77321,13.9,,23.545833
06-019-0011,2/13/2016,36.78538,-119.77321,13.1,,41.55
06-019-0011,2/14/2016,36.78538,-119.77321,13.1,,43.195833
06-019-0011,2/15/2016,36.78538,-119.77321,13.7,,34.8125
06-019-0011,2/16/2016,36.78538,-119.77321,15.1,,34.733333
06-019-0011,2/17/2016,36.78538,-119.77321,16.6,,9.75
06-019-0011,2/18/2016,36.78538,-119.77321,13.5,,3.404167
06-019-0011,2/19/2016,36.78538,-119.77321,11.3,,9.75
06-019-0011,2/20/2016,36.78538,-119.77321,10.9,,9.479167
06-019-0011,2/21/2016,36.78538,-119.77321,11.5,,13.416667
06-019-0011,2/22/2016,36.78538,-119.77321,12.8,,12.6875
06-019-0011,2/23/2016,36.78538,-119.77321,13.7,,20.3125
06-019-0011,2/24/2016,36.78538,-119.77321,14.7,,22.466667
06-019-0011,2/25/2016,36.78538,-119.77321,15.4,,17.7875
06-019-0011,2/26/2016,36.78538,-119.77321,15.7,,13.445833
06-019-0011,2/27/2016,36.78538,-119.77321,15.6,,9.925
06-019-0011,2/28/2016,36.78538,-119.77321,14.3,,10.954167
06-019-0011,2/29/2016,36.78538,-119.77321,14.2,,13.745833
06-019-0011,3/1/2016,36.78538,-119.77321,16.6,,20.120833
06-019-0011,3/2/2016,36.78538,-119.77321,16.3,,17.883333
06-019-0011,3/3/2016,36.78538,-119.77321,16.2,,6.858333
06-019-0011,3/4/2016,36.78538,-119.77321,16.8,,19.104167
06-019-0011,3/5/2016,36.78538,-119.77321,16.6,,9.677273
06-019-0011,3/6/2016,36.78538,-119.77321,14.6,,4.742857
06-019-0011,3/7/2016,36.78538,-119.77321,11.1,,2.520833
06-019-0011,3/8/2016,36.78538,-119.77321,10.6,,9.169565
06-019-0011,3/9/2016,36.78538,-119.77321,12.8,,16.308333
06-019-0011,3/10/2016,36.78538,-119.77321,15.9,,12.970833
06-019-0011,3/11/2016,36.78538,-119.77321,15.8,,9.154167
06-019-0011,3/12/2016,36.78538,-119.77321,9.9,,6.266667
06-019-0011,3/13/2016,36.78538,-119.77321,12.3,,6.617391
06-019-0011,3/14/2016,36.78538,-119.77321,13.7,,2.395652
06-019-0011,3/15/2016,36.78538,-119.77321,12,,5.554545
06-019-0011,3/17/2016,36.78538,-119.77321,16.1,,13.783333
06-019-0011,3/18/2016,36.78538,-119.77321,17.4,,9.779167
06-019-0011,3/19/2016,36.78538,-119.77321,17.9,,9.170833
06-019-0011,3/20/2016,36.78538,-119.77321,18.4,,3.183333
06-019-0011,3/21/2016,36.78538,-119.77321,17.1,,2.769565
06-019-0011,3/26/2016,36.78538,-119.77321,16.3,,8.516667
06-019-0011,3/27/2016,36.78538,-119.77321,17.4,,9.220833
06-019-0011,3/28/2016,36.78538,-119.77321,15.2,,5.154167
06-019-0011,3/29/2016,36.78538,-119.77321,10.8,,7.070833
06-019-0011,3/30/2016,36.78538,-119.77321,12.9,,7.4125
06-019-0011,3/31/2016,36.78538,-119.77321,15.4,,7.316667
06-019-0011,4/1/2016,36.78538,-119.77321,16.9,,7.354167
06-019-0011,4/2/2016,36.78538,-119.77321,18.7,,10.175
06-019-0011,4/3/2016,36.78538,-119.77321,20.4,,10.325
06-019-0011,4/4/2016,36.78538,-119.77321,19.2,,6.1125
06-019-0011,4/9/2016,36.78538,-119.77321,16.6,,1.675
06-019-0011,4/10/2016,36.78538,-119.77321,16.3,,1.695238
06-019-0011,4/11/2016,36.78538,-119.77321,16.4,,4.9
06-019-0011,4/12/2016,36.78538,-119.77321,17.4,,7.256522
06-019-0011,4/13/2016,36.78538,-119.77321,16.7,,6.120833
06-019-0011,4/14/2016,36.78538,-119.77321,16.6,,5.504167
06-019-0011,4/15/2016,36.78538,-119.77321,14.2,,5.304167
06-019-0011,4/16/2016,36.78538,-119.77321,17.1,,10.2375
06-019-0011,4/17/2016,36.78538,-119.77321,20,,9.570833
06-019-0011,4/18/2016,36.78538,-119.77321,22.9,,6.875
06-019-0011,4/19/2016,36.78538,-119.77321,23.4,,10.429167
06-019-0011,4/20/2016,36.78538,-119.77321,22.8,,8.458333
06-019-0011,4/21/2016,36.78538,-119.77321,20.8,,4.058333
06-019-0011,4/22/2016,36.78538,-119.77321,19.2,,3.745455
06-019-0011,4/23/2016,36.78538,-119.77321,14.6,,3.383333
06-019-0011,4/24/2016,36.78538,-119.77321,16.7,,3.9375
06-019-0011,4/25/2016,36.78538,-119.77321,14.7,,4.133333
06-019-0011,4/26/2016,36.78538,-119.77321,15.1,,6.904348
06-019-0011,4/27/2016,36.78538,-119.77321,16.8,,6.73913
06-019-0011,4/28/2016,36.78538,-119.77321,13.2,,7.069565
06-019-0011,4/29/2016,36.78538,-119.77321,17.9,,7.554167
06-019-0011,4/30/2016,36.78538,-119.77321,17.9,,7.682609
06-019-0011,5/1/2016,36.78538,-119.77321,20.9,,7.129167
06-019-0011,5/2/2016,36.78538,-119.77321,22.5,,4.733333
06-019-0011,5/3/2016,36.78538,-119.77321,23.1,,8.675
06-019-0011,5/4/2016,36.78538,-119.77321,23.3,,8.954167
06-019-0011,5/5/2016,36.78538,-119.77321,18.7,,5.473913
06-019-0011,5/6/2016,36.78538,-119.77321,15.8,,5.56087
06-019-0011,5/7/2016,36.78538,-119.77321,16.7,,7.9
06-019-0011,5/8/2016,36.78538,-119.77321,17.4,,8.195833
06-019-0011,5/9/2016,36.78538,-119.77321,21.2,,6.558333
06-019-0011,5/10/2016,36.78538,-119.77321,21.8,,7.3875
06-019-0011,5/11/2016,36.78538,-119.77321,23.9,,8.7875
06-019-0011,5/12/2016,36.78538,-119.77321,25.8,,10.783333
06-019-0011,5/13/2016,36.78538,-119.77321,25.8,,11.258333
06-019-0011,5/15/2016,36.78538,-119.77321,20.4,,1.883333
06-019-0011,5/16/2016,36.78538,-119.77321,21.1,,3.791667
06-019-0011,5/17/2016,36.78538,-119.77321,23.5,,5.326087
06-019-0011,5/18/2016,36.78538,-119.77321,26.7,,5.441667
06-019-0011,5/19/2016,36.78538,-119.77321,26.7,,6.991667
06-019-0011,5/20/2016,36.78538,-119.77321,18.6,,5.758333
06-019-0011,5/21/2016,36.78538,-119.77321,15.6,,3.620833
06-019-0011,5/22/2016,36.78538,-119.77321,16.6,,3.8625
06-019-0011,5/23/2016,36.78538,-119.77321,18.1,,3.7125
06-019-0011,5/24/2016,36.78538,-119.77321,19,,3.391304
06-019-0011,5/25/2016,36.78538,-119.77321,18.7,,5.0875
06-019-0011,5/26/2016,36.78538,-119.77321,19.3,,4.854167
06-019-0011,5/27/2016,36.78538,-119.77321,23.4,,6.7625
06-019-0011,5/28/2016,36.78538,-119.77321,24.9,,8.4
06-019-0011,5/29/2016,36.78538,-119.77321,26.3,,11.466667
06-019-0011,5/30/2016,36.78538,-119.77321,26.2,,11.047826
06-019-0011,5/31/2016,36.78538,-119.77321,28.4,,9.079167
06-019-0011,6/1/2016,36.78538,-119.77321,30.2,,10.6
06-019-0011,6/2/2016,36.78538,-119.77321,29.4,,9.0875
06-019-0011,6/3/2016,36.78538,-119.77321,29.6,,10.3625
06-019-0011,6/4/2016,36.78538,-119.77321,30.9,,10.966667
06-019-0011,6/5/2016,36.78538,-119.77321,30.2,,9.466667
06-019-0011,6/6/2016,36.78538,-119.77321,29.3,,7.06087
06-019-0011,6/7/2016,36.78538,-119.77321,29.5,,6.270833
06-019-0011,6/8/2016,36.78538,-119.77321,27.4,,5.408333
06-019-0011,6/9/2016,36.78538,-119.77321,25,,4.833333
06-019-0011,6/10/2016,36.78538,-119.77321,24.8,,5.491667
06-019-0011,6/11/2016,36.78538,-119.77321,22.6,,6.966667
06-019-0011,6/12/2016,36.78538,-119.77321,23.2,,6.579167
06-019-0011,6/13/2016,36.78538,-119.77321,24.8,,8.866667
06-019-0011,6/14/2016,36.78538,-119.77321,22.8,,4.866667
06-019-0011,6/15/2016,36.78538,-119.77321,19.9,,4.166667
06-019-0011,6/16/2016,36.78538,-119.77321,18.8,,3.4875
06-019-0011,6/17/2016,36.78538,-119.77321,22.1,,3.170833
06-019-0011,6/18/2016,36.78538,-119.77321,24,,3.195238
06-019-0011,6/19/2016,36.78538,-119.77321,24.6,,5.370833
06-019-0011,6/20/2016,36.78538,-119.77321,28.3,,4.779167
06-019-0011,6/21/2016,36.78538,-119.77321,29.6,,5.841667
06-019-0011,6/22/2016,36.78538,-119.77321,30.6,,6.883333
06-019-0011,6/23/2016,36.78538,-119.77321,28.2,,3.75
06-019-0011,6/24/2016,36.78538,-119.77321,27.2,,3.345833
06-019-0011,6/25/2016,36.78538,-119.77321,26.9,,7.004167
06-019-0011,6/26/2016,36.78538,-119.77321,29.9,,8.770833
06-019-0011,6/27/2016,36.78538,-119.77321,31.7,,8.308696
06-019-0011,6/28/2016,36.78538,-119.77321,32.6,,6.475
06-019-0011,6/29/2016,36.78538,-119.77321,33.1,,4.754167
06-019-0011,6/30/2016,36.78538,-119.77321,30.3,,7.633333
06-019-0011,7/1/2016,36.78538,-119.77321,31.2,,13.1375
06-019-0011,7/2/2016,36.78538,-119.77321,30.3,,9.966667
06-019-0011,7/3/2016,36.78538,-119.77321,29.2,,7.183333
06-019-0011,7/4/2016,36.78538,-119.77321,28.2,,11.733333
06-019-0011,7/5/2016,36.78538,-119.77321,28.2,,5.25
06-019-0011,7/6/2016,36.78538,-119.77321,27,,5.9375
06-019-0011,7/7/2016,36.78538,-119.77321,26.3,,4.216667
06-019-0011,7/8/2016,36.78538,-119.77321,26.7,,3.283333
06-019-0011,7/9/2016,36.78538,-119.77321,27.1,,1.033333
06-019-0011,7/10/2016,36.78538,-119.77321,24.5,,2.3375
06-019-0011,7/11/2016,36.78538,-119.77321,24.4,,5.630435
06-019-0011,7/12/2016,36.78538,-119.77321,27.2,,4.295833
06-019-0011,7/13/2016,36.78538,-119.77321,27.3,,6.070833
06-019-0011,7/14/2016,36.78538,-119.77321,30.1,,8.370833
06-019-0011,7/15/2016,36.78538,-119.77321,31.1,,9.678261
06-019-0011,7/16/2016,36.78538,-119.77321,30.1,,8.145833
06-019-0011,7/17/2016,36.78538,-119.77321,28.2,,5.466667
06-019-0011,7/18/2016,36.78538,-119.77321,26.7,,2.833333
06-019-0011,7/19/2016,36.78538,-119.77321,25.7,,3.820833
06-019-0011,7/20/2016,36.78538,-119.77321,26.6,,5.95
06-019-0011,7/21/2016,36.78538,-119.77321,28.3,,5.621739
06-019-0011,7/22/2016,36.78538,-119.77321,27.4,,5.495833
06-019-0011,7/23/2016,36.78538,-119.77321,28.6,,7.725
06-019-0011,7/24/2016,36.78538,-119.77321,30.4,,10.079167
06-019-0011,7/26/2016,36.78538,-119.77321,31.2,,14.270833
06-019-0011,7/27/2016,36.78538,-119.77321,33.1,,19.091667
06-019-0011,7/28/2016,36.78538,-119.77321,33.2,,14.445833
06-019-0011,7/29/2016,36.78538,-119.77321,33.1,,10.604167
06-019-0011,7/30/2016,36.78538,-119.77321,33.4,,11.8125
06-019-0011,7/31/2016,36.78538,-119.77321,31.3,,13.113043
06-019-0011,8/1/2016,36.78538,-119.77321,29.6,,15.179167
06-019-0011,8/2/2016,36.78538,-119.77321,29.2,,12.5625
06-019-0011,8/3/2016,36.78538,-119.77321,29.6,,9.470833
06-019-0011,8/4/2016,36.78538,-119.77321,29.2,,12.945833
06-019-0011,8/5/2016,36.78538,-119.77321,26.1,,10.641667
06-019-0011,8/6/2016,36.78538,-119.77321,25.9,,11.7875
06-019-0011,8/7/2016,36.78538,-119.77321,26.8,,6.191667
06-019-0011,8/8/2016,36.78538,-119.77321,27.1,,7.845833
06-019-0011,8/9/2016,36.78538,-119.77321,27.4,,9.070833
06-019-0011,8/10/2016,36.78538,-119.77321,26.9,,14.9125
06-019-0011,8/11/2016,36.78538,-119.77321,27.9,,12.933333
06-019-0011,8/12/2016,36.78538,-119.77321,28.9,,12.754167
06-019-0011,8/13/2016,36.78538,-119.77321,30,,14.616667
06-019-0011,8/14/2016,36.78538,-119.77321,31.4,,11.825
06-019-0011,8/15/2016,36.78538,-119.77321,30.9,,8.125
06-019-0011,8/16/2016,36.78538,-119.77321,29.7,,15.375
06-019-0011,8/17/2016,36.78538,-119.77321,30.1,,16.983333
06-019-0011,8/18/2016,36.78538,-119.77321,30.6,,21.365217
06-019-0011,8/19/2016,36.78538,-119.77321,29.3,,22.1375
06-019-0011,8/20/2016,36.78538,-119.77321,29.2,,20.633333
06-019-0011,8/21/2016,36.78538,-119.77321,28.9,,15.129167
06-019-0011,8/22/2016,36.78538,-119.77321,27.8,,9.916667
06-019-0011,8/23/2016,36.78538,-119.77321,28.1,,10.3125
06-019-0011,8/24/2016,36.78538,-119.77321,27.8,,7.929167
06-019-0011,8/25/2016,36.78538,-119.77321,26.6,,9.445833
06-019-0011,8/26/2016,36.78538,-119.77321,25.7,,9.725
06-019-0011,8/27/2016,36.78538,-119.77321,23.8,,9.516667
06-019-0011,8/28/2016,36.78538,-119.77321,24.8,,11.25
06-019-0011,8/29/2016,36.78538,-119.77321,26.4,,14.245833
06-019-0011,8/30/2016,36.78538,-119.77321,26.5,,8.721739
06-019-0011,8/31/2016,36.78538,-119.77321,27.1,,3.741667
06-019-0011,9/1/2016,36.78538,-119.77321,25.8,,5.954167
06-019-0011,9/2/2016,36.78538,-119.77321,25.6,,7.291667
06-019-0011,9/3/2016,36.78538,-119.77321,26.1,,7.904167
06-019-0011,9/4/2016,36.78538,-119.77321,20.9,,7.783333
06-019-0011,9/5/2016,36.78538,-119.77321,21.1,,11.404167
06-019-0011,9/6/2016,36.78538,-119.77321,24.2,,14.254167
06-019-0011,9/7/2016,36.78538,-119.77321,25.6,,21.029167
06-019-0011,9/8/2016,36.78538,-119.77321,27.1,,17.175
06-019-0011,9/9/2016,36.78538,-119.77321,25.9,,17.191667
06-019-0011,9/10/2016,36.78538,-119.77321,27.6,,18.1625
06-019-0011,9/11/2016,36.78538,-119.77321,28.2,,10.175
06-019-0011,9/12/2016,36.78538,-119.77321,25.1,,9.458333
06-019-0011,9/13/2016,36.78538,-119.77321,18.7,,9.345833
06-019-0011,9/14/2016,36.78538,-119.77321,19.1,,11.5625
06-019-0011,9/15/2016,36.78538,-119.77321,21.6,,11.861905
06-019-0011,9/16/2016,36.78538,-119.77321,23.5,,12.795833
06-019-0011,9/17/2016,36.78538,-119.77321,24.8,,16.629167
06-019-0011,9/18/2016,36.78538,-119.77321,27.1,,14.8625
06-019-0011,9/20/2016,36.78538,-119.77321,29.1,,24.4
06-019-0011,9/22/2016,36.78538,-119.77321,19.1,,5.716667
06-019-0011,9/24/2016,36.78538,-119.77321,20.4,,13.608333
06-019-0011,9/28/2016,36.78538,-119.77321,27.4,,13.3875
06-019-0011,9/30/2016,36.78538,-119.77321,24.7,,11.882609
06-019-0011,10/1/2016,36.78538,-119.77321,19.9,,6.708333
06-019-0011,10/2/2016,36.78538,-119.77321,18.1,,5.629167
06-019-0011,10/3/2016,36.78538,-119.77321,16.7,,4.833333
06-019-0011,10/4/2016,36.78538,-119.77321,16.1,,6.5
06-019-0011,10/5/2016,36.78538,-119.77321,17,,6.33913
06-019-0011,10/6/2016,36.78538,-119.77321,17.2,,10.004167
06-019-0011,10/7/2016,36.78538,-119.77321,18.3,,15.508333
06-019-0011,10/8/2016,36.78538,-119.77321,20.1,,15.066667
06-019-0011,10/9/2016,36.78538,-119.77321,22.2,,12.933333
06-019-0011,10/10/2016,36.78538,-119.77321,22.9,,10.133333
06-019-0011,10/11/2016,36.78538,-119.77321,20.4,,10.025
06-019-0011,10/12/2016,36.78538,-119.77321,19.1,,11.652174
06-019-0011,10/13/2016,36.78538,-119.77321,19.4,,17.125
06-019-0011,10/14/2016,36.78538,-119.77321,20.1,,18.508333
06-019-0011,10/15/2016,36.78538,-119.77321,21.3,,4.582609
06-019-0011,10/16/2016,36.78538,-119.77321,21.8,,5.8
06-019-0011,10/17/2016,36.78538,-119.77321,19.3,,5.870833
06-019-0011,10/18/2016,36.78538,-119.77321,16.7,,4.508333
06-019-0011,10/19/2016,36.78538,-119.77321,15.8,,10.104167
06-019-0011,10/20/2016,36.78538,-119.77321,17.6,,14.4375
06-019-0011,10/21/2016,36.78538,-119.77321,18.9,,19.241667
06-019-0011,10/22/2016,36.78538,-119.77321,19.4,,19.7875
06-019-0011,10/23/2016,36.78538,-119.77321,20.8,,23.620833
06-019-0011,10/24/2016,36.78538,-119.77321,21.1,,9.629167
06-019-0011,10/25/2016,36.78538,-119.77321,18.3,,9.566667
06-019-0011,10/26/2016,36.78538,-119.77321,19.6,,9.9125
06-019-0011,10/27/2016,36.78538,-119.77321,19.7,,15.0375
06-019-0011,10/28/2016,36.78538,-119.77321,17.7,,16.170833
06-019-0011,10/29/2016,36.78538,-119.77321,18,,12.820833
06-019-0011,10/30/2016,36.78538,-119.77321,19.1,,7.041667
06-019-0011,10/31/2016,36.78538,-119.77321,14.7,,8.213043
06-019-0011,11/1/2016,36.78538,-119.77321,15.3,,8.904167
06-019-0011,11/2/2016,36.78538,-119.77321,14.3,,19.729167
06-019-0011,11/3/2016,36.78538,-119.77321,15.2,,24.108333
06-019-0011,11/4/2016,36.78538,-119.77321,16,,35.858333
06-019-0011,11/5/2016,36.78538,-119.77321,16.9,,40.858333
06-019-0011,11/6/2016,36.78538,-119.77321,15.5,,50.620833
06-019-0011,11/7/2016,36.78538,-119.77321,16,,32.583333
06-019-0011,11/8/2016,36.78538,-119.77321,17.1,,26.420833
06-019-0011,11/9/2016,36.78538,-119.77321,17.4,,25.5
06-019-0011,11/10/2016,36.78538,-119.77321,17.9,,31.516667
06-019-0011,11/11/2016,36.78538,-119.77321,19.2,,32.104167
06-019-0011,11/12/2016,36.78538,-119.77321,19.9,,23.7
06-019-0011,11/13/2016,36.78538,-119.77321,16.7,,25.345833
06-019-0011,11/14/2016,36.78538,-119.77321,16.6,,33.404167
06-019-0011,11/15/2016,36.78538,-119.77321,16.1,,23.7625
06-019-0011,11/16/2016,36.78538,-119.77321,15.5,,6.054167
06-019-0011,11/19/2016,36.78538,-119.77321,12.8,,22.358333
06-019-0011,11/20/2016,36.78538,-119.77321,13.6,,15.391667
06-019-0011,11/21/2016,36.78538,-119.77321,12.9,,10.558333
06-019-0011,11/22/2016,36.78538,-119.77321,9.6,,22.325
06-019-0011,11/23/2016,36.78538,-119.77321,11.3,,16.041667
06-019-0011,11/24/2016,36.78538,-119.77321,9.2,,25.033333
06-019-0011,11/25/2016,36.78538,-119.77321,8.8,,36.316667
06-019-0011,11/26/2016,36.78538,-119.77321,9.6,,13.075
06-019-0011,11/27/2016,36.78538,-119.77321,9.5,,9.620833
06-019-0011,11/28/2016,36.78538,-119.77321,9.8,,8.056522
06-019-0011,11/29/2016,36.78538,-119.77321,10.1,,18.016667
06-019-0011,11/30/2016,36.78538,-119.77321,8.2,,28.4
06-019-0011,12/1/2016,36.78538,-119.77321,8.8,,25.916667
06-019-0011,12/2/2016,36.78538,-119.77321,6.6,,34.191667
06-019-0011,12/3/2016,36.78538,-119.77321,6.6,,44.0875
06-019-0011,12/4/2016,36.78538,-119.77321,7.7,,43.179167
06-019-0011,12/5/2016,36.78538,-119.77321,7.6,,30.945833
06-019-0011,12/6/2016,36.78538,-119.77321,7.8,,29.145833
06-019-0011,12/7/2016,36.78538,-119.77321,4.9,,30.8125
06-019-0011,12/8/2016,36.78538,-119.77321,9.4,,14.720833
06-019-0011,12/9/2016,36.78538,-119.77321,13.8,,11.583333
06-019-0011,12/10/2016,36.78538,-119.77321,15.3,,17.675
06-019-0011,12/11/2016,36.78538,-119.77321,15,,6.679167
06-019-0011,12/12/2016,36.78538,-119.77321,11,,19.458333
06-019-0011,12/13/2016,36.78538,-119.77321,12.1,,28.220833
06-019-0011,12/14/2016,36.78538,-119.77321,13.2,,20.508333
06-019-0011,12/15/2016,36.78538,-119.77321,13.8,,9.6125
06-019-0011,12/16/2016,36.78538,-119.77321,12,,6.020833
06-019-0011,12/17/2016,36.78538,-119.77321,5.7,,24.9
06-019-0011,12/18/2016,36.78538,-119.77321,4.5,,29.545833
06-019-0011,12/19/2016,36.78538,-119.77321,4.7,,38.675
06-019-0011,12/20/2016,36.78538,-119.77321,5,,38.943478
06-019-0011,12/21/2016,36.78538,-119.77321,6.1,,49.95
06-019-0011,12/22/2016,36.78538,-119.77321,6.1,,53.508333
06-019-0011,12/23/2016,36.78538,-119.77321,7.8,,29.345833
06-019-0011,12/24/2016,36.78538,-119.77321,7.3,,11.195833
06-019-0011,12/25/2016,36.78538,-119.77321,3.9,,33.9875
06-019-0011,12/26/2016,36.78538,-119.77321,4.1,,19.229167
06-019-0011,12/27/2016,36.78538,-119.77321,4.9,,21.966667
06-019-0011,12/29/2016,36.78538,-119.77321,6.6,,41.729167
06-019-0011,12/30/2016,36.78538,-119.77321,8.3,,53.5
06-019-0011,12/31/2016,36.78538,-119.77321,7.7,,15.845833
06-019-0011,1/1/2017,36.78538,-119.77321,6.7,,14.2
06-019-0011,1/2/2017,36.78538,-119.77321,7.5,,17.2
06-019-0011,1/3/2017,36.78538,-119.77321,8.5,,7.9
06-019-0011,1/4/2017,36.78538,-119.77321,11.1,,4
06-019-0011,1/5/2017,36.78538,-119.77321,12.1,,6.4
06-019-0011,1/6/2017,36.78538,-119.77321,4.6,,22.4
06-019-0011,1/7/2017,36.78538,-119.77321,9.4,,11.3
06-019-0011,1/8/2017,36.78538,-119.77321,15.1,,3
06-019-0011,1/9/2017,36.78538,-119.77321,14.6,,3
06-019-0011,1/10/2017,36.78538,-119.77321,12.6,,5.2
06-019-0011,1/11/2017,36.78538,-119.77321,11.9,,4.5
06-019-0011,1/12/2017,36.78538,-119.77321,10.6,,7.3
06-019-0011,1/13/2017,36.78538,-119.77321,6.3,,10.7
06-019-0011,1/14/2017,36.78538,-119.77321,6.6,,19.2
06-019-0011,1/15/2017,36.78538,-119.77321,7.4,,11.7
06-019-0011,1/16/2017,36.78538,-119.77321,7.3,,28.5
06-019-0011,1/17/2017,36.78538,-119.77321,5.4,,33.4
06-019-0011,1/18/2017,36.78538,-119.77321,8.8,,19.9
06-019-0011,1/19/2017,36.78538,-119.77321,10.3,,5.5
06-019-0011,1/20/2017,36.78538,-119.77321,10.1,,4.3
06-019-0011,1/21/2017,36.78538,-119.77321,8.3,,8.2
06-019-0011,1/22/2017,36.78538,-119.77321,10.4,,1.8
06-019-0011,1/31/2017,36.78538,-119.77321,9.7,,40
06-019-0011,2/1/2017,36.78538,-119.77321,11.6,,34.5
06-019-0011,2/2/2017,36.78538,-119.77321,13.9,,14.6
06-019-0011,2/3/2017,36.78538,-119.77321,14.8,,5.7
06-019-0011,2/4/2017,36.78538,-119.77321,12.9,,12.5
06-019-0011,2/5/2017,36.78538,-119.77321,11.7,,11.2
06-019-0011,2/6/2017,36.78538,-119.77321,13,,1.7
06-019-0011,2/7/2017,36.78538,-119.77321,14.2,,1.1
06-019-0011,2/8/2017,36.78538,-119.77321,16.8,,4.1
06-019-0011,2/9/2017,36.78538,-119.77321,16.4,,4.7
06-019-0011,2/10/2017,36.78538,-119.77321,14.8,,2.8
06-019-0011,2/11/2017,36.78538,-119.77321,11.2,,5.6
06-019-0011,2/12/2017,36.78538,-119.77321,10.6,,15.2
06-019-0011,2/14/2017,36.78538,-119.77321,12.6,,19
06-019-0011,2/16/2017,36.78538,-119.77321,14.6,,8.3
06-019-0011,2/17/2017,36.78538,-119.77321,12.2,,0.9
06-019-0011,2/18/2017,36.78538,-119.77321,13.2,,1.6
06-019-0011,2/19/2017,36.78538,-119.77321,11.8,,4.3
06-019-0011,2/20/2017,36.78538,-119.77321,12.7,,1.1
06-019-0011,2/21/2017,36.78538,-119.77321,15.6,,2.9
06-019-0011,2/22/2017,36.78538,-119.77321,12.2,,3.1
06-019-0011,2/23/2017,36.78538,-119.77321,7.7,,5
06-019-0011,2/24/2017,36.78538,-119.77321,6.4,,11.1
06-019-0011,2/25/2017,36.78538,-119.77321,7.2,,15.3
06-019-0011,2/26/2017,36.78538,-119.77321,8.1,,22.4
06-019-0011,2/27/2017,36.78538,-119.77321,10.7,,11.5
06-019-0011,2/28/2017,36.78538,-119.77321,8.4,,9.4
06-019-0011,3/1/2017,36.78538,-119.77321,9.4,,14.4
06-019-0011,3/2/2017,36.78538,-119.77321,10.9,,15.1
06-019-0011,3/11/2017,36.78538,-119.77321,16,,20
06-019-0011,3/12/2017,36.78538,-119.77321,17.2,,16.8
06-019-0011,3/13/2017,36.78538,-119.77321,18.3,,15.5
06-019-0011,3/14/2017,36.78538,-119.77321,19.9,,14.6
06-019-0011,3/16/2017,36.78538,-119.77321,18.4,,3.5
06-019-0011,3/17/2017,36.78538,-119.77321,18.2,,8.6
06-019-0011,3/18/2017,36.78538,-119.77321,19.8,,18.8
06-019-0011,3/19/2017,36.78538,-119.77321,17.8,,16.4
06-019-0011,4/8/2017,36.78538,-119.77321,13.1,,2.4
06-019-0011,4/9/2017,36.78538,-119.77321,9.9,,5.5
06-019-0011,4/10/2017,36.78538,-119.77321,12.8,,5.8
06-019-0011,4/11/2017,36.78538,-119.77321,15.4,,16.4
06-019-0011,4/12/2017,36.78538,-119.77321,18.5,,8.3
06-019-0011,4/13/2017,36.78538,-119.77321,16.4,,2.9
06-019-0011,4/14/2017,36.78538,-119.77321,11.8,,2.1
06-019-0011,4/15/2017,36.78538,-119.77321,13.4,,6.7
06-019-0011,4/18/2017,36.78538,-119.77321,16.2,,1.8
06-019-0011,4/19/2017,36.78538,-119.77321,15.7,,5.4
06-019-0011,4/20/2017,36.78538,-119.77321,16.9,,5.4
06-019-0011,4/21/2017,36.78538,-119.77321,16.1,,8.1
06-019-0011,4/22/2017,36.78538,-119.77321,19.8,,10.5
06-019-0011,4/23/2017,36.78538,-119.77321,17.9,,3.1
06-019-0011,4/24/2017,36.78538,-119.77321,16.6,,3.8
06-019-0011,4/25/2017,36.78538,-119.77321,15.6,,4.1
06-019-0011,4/26/2017,36.78538,-119.77321,17.1,,3.3
06-019-0011,4/27/2017,36.78538,-119.77321,17.9,,3.5
06-019-0011,4/28/2017,36.78538,-119.77321,17.7,,5.7
06-019-0011,4/29/2017,36.78538,-119.77321,17.8,,7.2
06-019-0011,4/30/2017,36.78538,-119.77321,20.4,,8.3
06-019-0011,5/1/2017,36.78538,-119.77321,22.2,,8.7
06-019-0011,5/2/2017,36.78538,-119.77321,24.4,,12
06-019-0011,5/3/2017,36.78538,-119.77321,26.3,,13
06-019-0011,5/4/2017,36.78538,-119.77321,28.6,,9.6
06-019-0011,5/5/2017,36.78538,-119.77321,25.4,,5.8
06-019-0011,5/6/2017,36.78538,-119.77321,16.7,,6.1
06-019-0011,5/7/2017,36.78538,-119.77321,14.4,,7
06-019-0011,5/8/2017,36.78538,-119.77321,18.3,,14
06-019-0011,5/9/2017,36.78538,-119.77321,22.3,,13.7
06-019-0011,5/10/2017,36.78538,-119.77321,22.6,,10
06-019-0011,5/11/2017,36.78538,-119.77321,20.1,,7.9
06-019-0011,5/12/2017,36.78538,-119.77321,17.9,,5.4
06-019-0011,5/13/2017,36.78538,-119.77321,15.6,,6.5
06-019-0011,5/14/2017,36.78538,-119.77321,16.1,,6.5
06-019-0011,5/15/2017,36.78538,-119.77321,15.8,,7
06-019-0011,5/16/2017,36.78538,-119.77321,16.8,,5.4
06-019-0011,5/17/2017,36.78538,-119.77321,17.3,,4
06-019-0011,5/18/2017,36.78538,-119.77321,18.6,,7.8
06-019-0011,5/19/2017,36.78538,-119.77321,22.9,,9.6
06-019-0011,5/20/2017,36.78538,-119.77321,25.6,,9
06-019-0011,5/21/2017,36.78538,-119.77321,27.1,,9.4
06-019-0011,5/22/2017,36.78538,-119.77321,28.2,,8.1
06-019-0011,5/23/2017,36.78538,-119.77321,29.4,,12
06-019-0011,5/24/2017,36.78538,-119.77321,28.1,,11
06-019-0011,5/25/2017,36.78538,-119.77321,21.8,,5.7
06-019-0011,5/26/2017,36.78538,-119.77321,18.3,,8.7
06-019-0011,5/27/2017,36.78538,-119.77321,19.4,,8.9
06-019-0011,5/28/2017,36.78538,-119.77321,22.8,,8.2
06-019-0011,5/29/2017,36.78538,-119.77321,25.4,,8
06-019-0011,5/31/2017,36.78538,-119.77321,21.1,,2.9
06-019-0011,6/1/2017,36.78538,-119.77321,22.2,,1.8
06-019-0011,6/2/2017,36.78538,-119.77321,24.5,,4
06-019-0011,6/3/2017,36.78538,-119.77321,27.3,,5.7
06-019-0011,6/4/2017,36.78538,-119.77321,27.3,,4.1
06-019-0011,6/5/2017,36.78538,-119.77321,25,,5.8
06-019-0011,6/6/2017,36.78538,-119.77321,26.4,,7.7
06-019-0011,6/7/2017,36.78538,-119.77321,26.4,,6.7
06-019-0011,6/8/2017,36.78538,-119.77321,23.8,,3.6
06-019-0011,6/9/2017,36.78538,-119.77321,23.1,,3.7
06-019-0011,6/10/2017,36.78538,-119.77321,19.7,,5.1
06-019-0011,6/11/2017,36.78538,-119.77321,18,,3.6
06-019-0011,6/12/2017,36.78538,-119.77321,16.3,,4.4
06-019-0011,6/13/2017,36.78538,-119.77321,19.6,,6.5
06-019-0011,6/14/2017,36.78538,-119.77321,23.8,,8.3
06-019-0011,6/15/2017,36.78538,-119.77321,26.6,,7.1
06-019-0011,6/16/2017,36.78538,-119.77321,27.4,,9
06-019-0011,6/17/2017,36.78538,-119.77321,30.6,,9
06-019-0011,6/18/2017,36.78538,-119.77321,31.9,,9.5
06-019-0011,6/19/2017,36.78538,-119.77321,34.8,,9.6
06-019-0011,6/20/2017,36.78538,-119.77321,34.6,,9.8
06-019-0011,6/21/2017,36.78538,-119.77321,33.4,,12.9
06-019-0011,6/22/2017,36.78538,-119.77321,34.2,,14.2
06-019-0011,6/23/2017,36.78538,-119.77321,33.7,,12.6
06-019-0011,6/24/2017,36.78538,-119.77321,31.5,,10.9
06-019-0011,6/25/2017,36.78538,-119.77321,31.4,,8
06-019-0011,6/27/2017,36.78538,-119.77321,26.3,,4.2
06-019-0011,6/30/2017,36.78538,-119.77321,27.7,,8.1
06-019-0011,7/1/2017,36.78538,-119.77321,27.8,,8.6
06-019-0011,7/2/2017,36.78538,-119.77321,27.4,,9
06-019-0011,7/3/2017,36.78538,-119.77321,28.7,,9.2
06-019-0011,7/4/2017,36.78538,-119.77321,29.6,,21.9
06-019-0011,7/5/2017,36.78538,-119.77321,29.8,,11.8
06-019-0011,7/6/2017,36.78538,-119.77321,30.1,,8.8
06-019-0011,7/7/2017,36.78538,-119.77321,32.1,,9.6
06-019-0011,7/8/2017,36.78538,-119.77321,33.6,,9.7
06-019-0011,7/9/2017,36.78538,-119.77321,31.4,,14
06-019-0011,7/10/2017,36.78538,-119.77321,32.3,,13.4
06-019-0011,7/11/2017,36.78538,-119.77321,31.5,,8.7
06-019-0011,7/12/2017,36.78538,-119.77321,29.7,,10.3
06-019-0011,7/13/2017,36.78538,-119.77321,29.9,,13.1
06-019-0011,7/14/2017,36.78538,-119.77321,30.4,,12.4
06-019-0011,7/15/2017,36.78538,-119.77321,30.8,,12.5
06-019-0011,7/16/2017,36.78538,-119.77321,31.4,,10.9
06-019-0011,7/17/2017,36.78538,-119.77321,32.7,,10.9
06-019-0011,7/18/2017,36.78538,-119.77321,31.2,,9.2
06-019-0011,7/19/2017,36.78538,-119.77321,28.2,,12.2
06-019-0011,7/20/2017,36.78538,-119.77321,27.8,,8.2
06-019-0011,7/21/2017,36.78538,-119.77321,27.8,,6.5
06-019-0011,7/22/2017,36.78538,-119.77321,29.2,,10.9
06-019-0011,7/23/2017,36.78538,-119.77321,31.3,,12.2
06-019-0011,7/24/2017,36.78538,-119.77321,31.4,,9
06-019-0011,7/25/2017,36.78538,-119.77321,29.4,,8
06-019-0011,7/26/2017,36.78538,-119.77321,29.3,,6.7
06-019-0011,7/29/2017,36.78538,-119.77321,31.2,,8.5
06-019-0011,7/30/2017,36.78538,-119.77321,30.4,,8.1
06-019-0011,8/1/2017,36.78538,-119.77321,31.9,,6
06-019-0011,8/2/2017,36.78538,-119.77321,34.6,,11.6
06-019-0011,8/3/2017,36.78538,-119.77321,34.7,,10
06-019-0011,8/4/2017,36.78538,-119.77321,30.9,,9.5
06-019-0011,8/5/2017,36.78538,-119.77321,29.1,,12.7
06-019-0011,8/6/2017,36.78538,-119.77321,29.2,,5.8
06-019-0011,8/7/2017,36.78538,-119.77321,28.6,,9.6
06-019-0011,8/8/2017,36.78538,-119.77321,28.3,,11
06-019-0011,8/10/2017,36.78538,-119.77321,28.2,,14.9
06-019-0011,8/11/2017,36.78538,-119.77321,29,,12.4
06-019-0011,8/12/2017,36.78538,-119.77321,29.7,,10.4
06-019-0011,8/13/2017,36.78538,-119.77321,28.9,,5.5
06-019-0011,8/14/2017,36.78538,-119.77321,27.4,,2.7
06-019-0011,8/15/2017,36.78538,-119.77321,23.6,,9
06-019-0011,8/16/2017,36.78538,-119.77321,23.9,,8.7
06-019-0011,8/17/2017,36.78538,-119.77321,26.9,,13.2
06-019-0011,8/18/2017,36.78538,-119.77321,28.9,,12.6
06-019-0011,8/19/2017,36.78538,-119.77321,30.1,,17.4
06-019-0011,8/20/2017,36.78538,-119.77321,28.2,,18.3
06-019-0011,8/21/2017,36.78538,-119.77321,26.7,,11.3
06-019-0011,8/22/2017,36.78538,-119.77321,26.1,,8.8
06-019-0011,8/23/2017,36.78538,-119.77321,28.2,,12.5
06-019-0011,8/24/2017,36.78538,-119.77321,28.8,,14
06-019-0011,8/25/2017,36.78538,-119.77321,28.8,,8.5
06-019-0011,8/26/2017,36.78538,-119.77321,30.5,,13.4
06-019-0011,8/27/2017,36.78538,-119.77321,31.2,,11.9
06-019-0011,8/28/2017,36.78538,-119.77321,32.3,,13.5
06-019-0011,8/29/2017,36.78538,-119.77321,33.9,,14.5
06-019-0011,8/30/2017,36.78538,-119.77321,32.1,,10.2
06-019-0011,8/31/2017,36.78538,-119.77321,30.6,,11.5
06-019-0011,9/1/2017,36.78538,-119.77321,31.5,,23.8
06-019-0011,9/2/2017,36.78538,-119.77321,33.3,,31.6
06-019-0011,9/3/2017,36.78538,-119.77321,34.6,,33.2
06-019-0011,9/4/2017,36.78538,-119.77321,32.6,,19.2
06-019-0011,9/5/2017,36.78538,-119.77321,29.8,,15.6
06-019-0011,9/6/2017,36.78538,-119.77321,30,,11.2
06-019-0011,9/7/2017,36.78538,-119.77321,27.3,,11.6
06-019-0011,9/8/2017,36.78538,-119.77321,24.3,,13.4
06-019-0011,9/9/2017,36.78538,-119.77321,26.2,,11.8
06-019-0011,9/12/2017,36.78538,-119.77321,27.1,,13.2
06-019-0011,9/13/2017,36.78538,-119.77321,26.4,,3.8
06-019-0011,9/14/2017,36.78538,-119.77321,22.7,,4.1
06-019-0011,9/15/2017,36.78538,-119.77321,21.8,,6.3
06-019-0011,9/16/2017,36.78538,-119.77321,22.7,,10.4
06-019-0011,9/17/2017,36.78538,-119.77321,24.3,,15.7
06-019-0011,9/19/2017,36.78538,-119.77321,21.6,,4.7
06-019-0011,,36.78538,-119.77321,20.2,,3.9
06-019-0011,,36.78538,-119.77321,19.1,,3.9
06-019-0011,,36.78538,-119.77321,16.6,,3.2
06-019-0011,,36.78538,-119.77321,17.6,,5.9
06-019-0011,,36.78538,-119.77321,19.3,,6.5
06-019-0011,9/25/2017,36.78538,-119.77321,20.7,,5.5
06-019-0011,9/26/2017,36.78538,-119.77321,22.3,,8.9
06-019-0011,9/27/2017,36.78538,-119.77321,23.8,,10.7
06-019-0011,9/28/2017,36.78538,-119.77321,24.7,,10
06-019-0011,9/29/2017,36.78538,-119.77321,24.8,,10.3
06-019-0011,9/30/2017,36.78538,-119.77321,23.3,,5.9
06-019-0011,10/1/2017,36.78538,-119.77321,21.3,,10.2
06-019-0011,10/2/2017,36.78538,-119.77321,18.5,,8.8
06-019-0011,10/3/2017,36.78538,-119.77321,17.8,,12.2
06-019-0011,10/4/2017,36.78538,-119.77321,17.1,,11.7
06-019-0011,10/5/2017,36.78538,-119.77321,18.4,,13.6
06-019-0011,10/6/2017,36.78538,-119.77321,19.6,,14.5
06-019-0011,10/7/2017,36.78538,-119.77321,20.7,,17.4
06-019-0011,10/8/2017,36.78538,-119.77321,20.8,,15.6
06-019-0011,10/9/2017,36.78538,-119.77321,19,,12.1
06-019-0011,10/10/2017,36.78538,-119.77321,19.7,,16.4
06-019-0011,10/11/2017,36.78538,-119.77321,19.4,,43.2
06-019-0011,10/12/2017,36.78538,-119.77321,15.2,,24.9
06-019-0011,10/13/2017,36.78538,-119.77321,15.5,,27.7
06-019-0011,10/14/2017,36.78538,-119.77321,15.9,,35.9
06-019-0011,10/15/2017,36.78538,-119.77321,17.6,,25.9
06-019-0011,10/16/2017,36.78538,-119.77321,18.6,,27.4
06-019-0011,10/17/2017,36.78538,-119.77321,19.3,,31
06-019-0011,10/18/2017,36.78538,-119.77321,19.4,,33.7
06-019-0011,10/19/2017,36.78538,-119.77321,18.5,,22.1
06-019-0011,10/20/2017,36.78538,-119.77321,17.1,,5.5
06-019-0011,10/21/2017,36.78538,-119.77321,13.2,,14.7
06-019-0011,10/22/2017,36.78538,-119.77321,15.1,,19
06-019-0011,10/23/2017,36.78538,-119.77321,16.9,,15.8
06-019-0011,10/24/2017,36.78538,-119.77321,19.7,,19.4
06-019-0011,10/25/2017,36.78538,-119.77321,21.3,,17.3
06-019-0011,10/26/2017,36.78538,-119.77321,21.4,,22.8
06-019-0011,10/27/2017,36.78538,-119.77321,21.6,,20.8
06-019-0011,10/28/2017,36.78538,-119.77321,21.6,,22.5
06-019-0011,10/29/2017,36.78538,-119.77321,20.6,,23
06-019-0011,10/30/2017,36.78538,-119.77321,18.8,,21.9
06-019-0011,10/31/2017,36.78538,-119.77321,15.2,,9.4
06-019-0011,11/1/2017,36.78538,-119.77321,14.3,,15.5
06-019-0011,11/2/2017,36.78538,-119.77321,14.4,,24.2
06-019-0011,11/3/2017,36.78538,-119.77321,16.1,,14.6
06-019-0011,11/4/2017,36.78538,-119.77321,16.6,,7.7
06-019-0011,11/5/2017,36.78538,-119.77321,14.3,,6.1
06-019-0011,11/6/2017,36.78538,-119.77321,11.3,,12.4
06-019-0011,11/7/2017,36.78538,-119.77321,11.7,,20.1
06-019-0011,11/8/2017,36.78538,-119.77321,13.8,,9.2
06-019-0011,11/9/2017,36.78538,-119.77321,17.6,,2.7
06-019-0011,11/10/2017,36.78538,-119.77321,16.7,,4.8
06-019-0011,11/11/2017,36.78538,-119.77321,13.9,,11.3
06-019-0011,11/12/2017,36.78538,-119.77321,13.7,,19.1
06-019-0011,11/13/2017,36.78538,-119.77321,13,,16.2
06-019-0011,11/14/2017,36.78538,-119.77321,14.1,,13.8
06-019-0011,11/15/2017,36.78538,-119.77321,14.6,,17
06-019-0011,11/16/2017,36.78538,-119.77321,19.3,,7.8
06-019-0011,11/17/2017,36.78538,-119.77321,16.8,,3.4
06-019-0011,11/18/2017,,-119.77321,11.6,,15.6
06-019-0011,11/19/2017,,-119.77321,11.2,,28.9
06-019-0011,11/20/2017,,-119.77321,13.3,,26.3
06-019-0011,11/21/2017,,-119.77321,15.6,,29.6
06-019-0011,11/22/2017,,-119.77321,15,,34.9
06-019-0011,11/23/2017,,-119.77321,15.7,,33.9
06-019-0011,11/24/2017,36.78538,-119.77321,16.1,,40.8
06-019-0011,11/25/2017,36.78538,-119.77321,15.6,,34.5
06-019-0011,11/26/2017,36.78538,-119.77321,17.9,,10.2
06-019-0011,11/27/2017,36.78538,-119.77321,15.6,,5.4
06-019-0011,11/28/2017,36.78538,-119.77321,9.6,,16.1
06-019-0011,11/29/2017,36.78538,-119.77321,9.8,,25.6
06-019-0011,11/30/2017,36.78538,-119.77321,9.3,,36.5
06-019-0011,12/1/2017,36.78538,-119.77321,9.7,,47.8
06-019-0011,12/2/2017,36.78538,-119.77321,9.4,,57.4
06-019-0011,12/3/2017,36.78538,-119.77321,11.6,,27.9
06-019-0011,12/4/2017,36.78538,-119.77321,7.4,,16.6
06-019-0011,12/5/2017,36.78538,-119.77321,6.7,,37.3
06-019-0011,12/6/2017,36.78538,-119.77321,6.8,,30.8
06-019-0011,12/7/2017,36.78538,-119.77321,7.6,,32.6
06-019-0011,12/8/2017,36.78538,-119.77321,8.6,,34.1
06-019-0011,12/9/2017,36.78538,-119.77321,8.7,,46.3
06-019-0011,12/10/2017,36.78538,-119.77321,8.4,,57.7
06-019-0011,12/11/2017,36.78538,-119.77321,8.3,,48.7
06-019-0011,12/12/2017,36.78538,-119.77321,8.1,,49.6
06-019-0011,12/13/2017,36.78538,-119.77321,7.8,,53.7
06-019-0011,12/14/2017,36.78538,-119.77321,7.7,,60.4
06-019-0011,12/15/2017,36.78538,-119.77321,8.4,,63.5
06-019-0011,12/16/2017,36.78538,-119.77321,9.4,,49.4
06-019-0011,12/17/2017,36.78538,-119.77321,7.7,,38
06-019-0011,12/18/2017,36.78538,-119.77321,7.9,,21.7
06-019-0011,12/19/2017,36.78538,-119.77321,8.7,,33.2
06-019-0011,12/20/2017,36.78538,-119.77321,10.4,,10.8
06-019-0011,12/21/2017,36.78538,-119.77321,5.3,,29.8
06-019-0011,12/22/2017,36.78538,-119.77321,4.3,,33.3
06-019-0011,12/23/2017,36.78538,-119.77321,7.3,,45.9
06-019-0011,12/24/2017,36.78538,-119.77321,8.7,,63.3
06-019-0011,12/25/2017,36.78538,-119.77321,8.4,,67.7
06-019-0011,12/26/2017,36.78538,-119.77321,10.1,,70.5
06-019-0011,12/27/2017,36.78538,-119.77321,8.4,,50.2
06-019-0011,12/28/2017,36.78538,-119.77321,8.5,,54.4
06-019-0011,12/29/2017,36.78538,-119.77321,9.1,,70.1
06-019-0011,12/30/2017,36.78538,-119.77321,8.6,,68.9
06-019-0011,12/31/2017,36.78538,-119.77321,10.2,,76.4
06-019-0011,1/2/2018,36.78538,-119.77321,9.9,,78.495833
06-019-0011,1/3/2018,36.78538,-119.77321,11,,76.345833
06-019-0011,1/4/2018,36.78538,-119.77321,13.9,,34.995833
06-019-0011,1/5/2018,36.78538,-119.77321,14.9,,13.5375
06-019-0011,1/6/2018,36.78538,-119.77321,15.8,,9.929167
06-019-0011,1/7/2018,36.78538,-119.77321,12.4,,14.841667
06-019-0011,1/8/2018,36.78538,-119.77321,13.9,,8.1875
06-019-0011,1/9/2018,36.78538,-119.77321,14.3,,6.583333
06-019-0011,1/10/2018,36.78538,-119.77321,12.2,,11.341667
06-019-0011,1/11/2018,36.78538,-119.77321,10.8,,12.716667
06-019-0011,1/12/2018,36.78538,-119.77321,10.9,,17.041667
06-019-0011,1/13/2018,36.78538,-119.77321,10.2,,28.091304
06-019-0011,1/14/2018,36.78538,-119.77321,10.3,,30.391667
06-019-0011,1/15/2018,36.78538,-119.77321,10.1,,25.6375
06-019-0011,1/16/2018,36.78538,-119.77321,10.6,,23.170833
06-019-0011,1/17/2018,36.78538,-119.77321,10.4,,25.708333
06-019-0011,1/18/2018,36.78538,-119.77321,11,,28.1625
06-019-0011,1/19/2018,36.78538,-119.77321,11.1,,7.608696
06-019-0011,1/20/2018,36.78538,-119.77321,7.9,,15.395833
06-019-0011,1/21/2018,36.78538,-119.77321,6.5,,25.9
06-019-0011,1/23/2018,36.78538,-119.77321,11.8,,15.525
06-019-0011,1/24/2018,36.78538,-119.77321,10.1,,22.166667
06-019-0011,1/25/2018,36.78538,-119.77321,12.1,,5.720833
06-019-0011,1/26/2018,36.78538,-119.77321,8.2,,17.708333
06-019-0011,1/27/2018,36.78538,-119.77321,8.2,,25.433333
06-019-0011,1/28/2018,36.78538,-119.77321,9.6,,34.095833
06-019-0011,1/29/2018,36.78538,-119.77321,11,,27.1
06-019-0011,1/30/2018,36.78538,-119.77321,12.3,,30.65
06-019-0011,1/31/2018,36.78538,-119.77321,12.6,,40.013043
06-019-0011,2/1/2018,36.78538,-119.77321,13.1,,48.9125
06-019-0011,2/3/2018,36.78538,-119.77321,14.1,,54.208333
06-019-0011,2/5/2018,36.78538,-119.77321,14.7,,35.9625
06-019-0011,2/6/2018,36.78538,-119.77321,15.2,,27.725
06-019-0011,2/7/2018,36.78538,-119.77321,15.8,,32.058333
06-019-0011,2/8/2018,36.78538,-119.77321,15.6,,28.1125
06-019-0011,2/9/2018,36.78538,-119.77321,15.6,,26.9
06-019-0011,2/10/2018,36.78538,-119.77321,16,,21.620833
06-019-0011,2/11/2018,36.78538,-119.77321,12.8,,9.516667
06-019-0011,2/12/2018,36.78538,-119.77321,10.8,,8.091667
06-019-0011,2/13/2018,36.78538,-119.77321,9.4,,11.0875
06-019-0011,2/14/2018,36.78538,-119.77321,11.9,,8.983333
06-019-0011,2/15/2018,36.78538,-119.77321,11.6,,9.833333
06-019-0011,2/16/2018,36.78538,-119.77321,10.9,,17.565217
06-019-0011,2/17/2018,36.78538,-119.77321,12.4,,23.591667
06-019-0011,2/18/2018,36.78538,-119.77321,13.5,,12.575
06-019-0011,2/19/2018,36.78538,-119.77321,8.7,,5.3875
06-019-0011,2/20/2018,36.78538,-119.77321,5.8,,11.691304
06-019-0011,2/21/2018,36.78538,-119.77321,7.9,,15.545833
06-019-0011,2/22/2018,36.78538,-119.77321,8.3,,12.208333
06-019-0011,2/23/2018,36.78538,-119.77321,7.2,,6.291304
06-019-0011,2/24/2018,36.78538,-119.77321,6.7,,10.465217
06-019-0011,2/25/2018,36.78538,-119.77321,8.8,,13.804167
06-019-0011,2/26/2018,36.78538,-119.77321,9,,11.654167
06-019-0011,2/27/2018,36.78538,-119.77321,6.9,,9.772727
06-019-0011,2/28/2018,36.78538,-119.77321,8.1,,12.578261
06-019-0011,3/1/2018,36.78538,-119.77321,10.6,,6.079167
06-019-0011,3/2/2018,36.78538,-119.77321,10.9,,2.433333
06-019-0011,3/3/2018,36.78538,-119.77321,10.2,,3.1375
06-019-0011,3/4/2018,36.78538,-119.77321,7.8,,6.495652
06-019-0011,3/5/2018,36.78538,-119.77321,9,,7.479167
06-019-0011,3/6/2018,36.78538,-119.77321,11.6,,11.045833
06-019-0011,3/7/2018,36.78538,-119.77321,14.2,,13.325
06-019-0011,3/8/2018,36.78538,-119.77321,15.3,,7.15
06-019-0011,3/9/2018,36.78538,-119.77321,17.3,,8.225
06-019-0011,3/10/2018,36.78538,-119.77321,16.6,,8.275
06-019-0011,3/11/2018,36.78538,-119.77321,13.7,,8.691667
06-019-0011,3/12/2018,36.78538,-119.77321,17.3,,10.095833
06-019-0011,3/15/2018,36.78538,-119.77321,11.4,,3.6125
06-019-0011,3/16/2018,36.78538,-119.77321,11.5,,5.517391
06-019-0011,3/17/2018,36.78538,-119.77321,8.9,,6.454167
06-019-0011,3/18/2018,36.78538,-119.77321,9.1,,6.925
06-019-0011,3/19/2018,36.78538,-119.77321,11.7,,8.054167
06-019-0011,3/20/2018,36.78538,-119.77321,14.9,,10.058333
06-019-0011,3/22/2018,36.78538,-119.77321,16.4,,1.921739
06-019-0011,3/23/2018,36.78538,-119.77321,11.6,,4.608333
06-019-0011,3/24/2018,36.78538,-119.77321,12.2,,4.4875
06-019-0011,3/25/2018,36.78538,-119.77321,11.2,,2.9375
06-019-0011,3/27/2018,36.78538,-119.77321,12.9,,9.991667
06-019-0011,3/28/2018,36.78538,-119.77321,15.9,,11.079167
06-019-0011,3/29/2018,36.78538,,18.5,,12.854167
06-019-0011,3/30/2018,36.78538,,20.2,,14.691304
06-019-0011,3/31/2018,36.78538,,21.1,,13.116667
06-019-0011,4/1/2018,36.78538,,19.9,,8.254167
06-019-0011,4/2/2018,36.78538,-119.77321,19.1,,6.654167
06-019-0011,4/3/2018,36.78538,-119.77321,18.8,,7.641667
06-019-0011,4/4/2018,36.78538,-119.77321,20.1,,8.254167
06-019-0011,4/5/2018,36.78538,-119.77321,19.6,,7.233333
06-019-0011,4/6/2018,36.78538,-119.77321,18.2,,5.6125
06-019-0011,4/7/2018,36.78538,-119.77321,18.5,,5.095833
06-019-0011,4/8/2018,36.78538,-119.77321,16,,5.108333
06-019-0011,4/9/2018,36.78538,-119.77321,16.3,,7.6125
06-019-0011,4/10/2018,36.78538,-119.77321,22.1,,9.729167
06-019-0011,4/11/2018,36.78538,-119.77321,18.3,,3.575
06-019-0011,4/12/2018,36.78538,-119.77321,13.9,,3.2875
06-019-0011,4/13/2018,36.78538,-119.77321,12.9,,6.766667
06-019-0011,4/14/2018,36.78538,-119.77321,16.7,,10.795833
06-019-0011,4/15/2018,36.78538,-119.77321,20.3,,10.708333
06-019-0011,4/16/2018,36.78538,-119.77321,14.4,,3.478261
06-019-0011,4/17/2018,36.78538,-119.77321,9.3,,3.920833
06-019-0011,4/18/2018,36.78538,-119.77321,13.2,,7.65
06-019-0011,4/19/2018,36.78538,-119.77321,14,,4.116667
06-019-0011,4/20/2018,36.78538,-119.77321,15.7,,8.991304
06-019-0011,4/21/2018,36.78538,-119.77321,19.8,,8.720833
06-019-0011,4/22/2018,36.78538,-119.77321,22.3,,11.725
06-019-0011,4/23/2018,36.78538,-119.77321,24.2,,10.629167
06-019-0011,4/24/2018,36.78538,-119.77321,24.5,,12.408333
06-019-0011,4/25/2018,36.78538,-119.77321,23.8,,13.747826
06-019-0011,4/26/2018,36.78538,-119.77321,22.6,,11.583333
06-019-0011,4/27/2018,36.78538,-119.77321,19.6,,7.4625
06-019-0011,4/28/2018,36.78538,-119.77321,17.4,,6.570833
06-019-0011,4/29/2018,36.78538,-119.77321,16.4,,3.133333
06-019-0011,4/30/2018,36.78538,-119.77321,15.7,,4.856522
06-019-0011,5/1/2018,36.78538,-119.77321,15.6,,9.1875
06-019-0011,5/2/2018,36.78538,-119.77321,17.2,,8.583333
06-019-0011,5/3/2018,36.78538,-119.77321,20.3,,8.675
06-019-0011,5/4/2018,36.78538,-119.77321,22.7,,11.391667
06-019-0011,5/5/2018,36.78538,-119.77321,24.3,,12.769565
06-019-0011,5/6/2018,36.78538,-119.77321,22.7,,5.2375
06-019-0011,5/7/2018,36.78538,-119.77321,22.4,,5.008333
06-019-0011,5/8/2018,36.78538,-119.77321,24.9,,6.7375
06-019-0011,5/9/2018,36.78538,-119.77321,24.6,,4.45
06-019-0011,5/10/2018,36.78538,-119.77321,21.6,,6.291667
06-019-0011,5/11/2018,36.78538,-119.77321,21.9,,8.279167
06-019-0011,5/12/2018,36.78538,-119.77321,21.5,,6.333333
06-019-0011,5/13/2018,36.78538,-119.77321,20.9,,7.291667
06-019-0011,5/15/2018,36.78538,-119.77321,20.8,,5.62
06-019-0011,5/16/2018,36.78538,-119.77321,19.2,,2.979167
06-019-0011,5/17/2018,36.78538,-119.77321,18.8,,4.983333
06-019-0011,5/18/2018,36.78538,-119.77321,21.1,,5.979167
06-019-0011,5/19/2018,36.78538,-119.77321,23,,7.895833
06-019-0011,5/20/2018,36.78538,-119.77321,20.4,,7.308333
06-019-0011,5/21/2018,36.78538,-119.77321,18.6,,8.058333
06-019-0011,5/22/2018,36.78538,-119.77321,22.6,,9.679167
06-019-0011,5/23/2018,36.78538,-119.77321,21.9,,6.383333
06-019-0011,5/24/2018,36.78538,-119.77321,21.1,,4.9375
06-019-0011,5/25/2018,36.78538,-119.77321,18.4,,3.470833
06-019-0011,5/26/2018,36.78538,-119.77321,18.1,,6.041667
06-019-0011,5/27/2018,36.78538,-119.77321,21,,6.85
06-019-0011,5/28/2018,36.78538,-119.77321,25.7,,8.543478
06-019-0011,5/29/2018,36.78538,-119.77321,29.2,,11.545833
06-019-0011,5/30/2018,36.78538,-119.77321,28.3,,9.404167
06-019-0011,5/31/2018,36.78538,-119.77321,19.3,,6.120833
06-019-0011,6/1/2018,36.78538,-119.77321,18.9,,7.620833
06-019-0011,6/2/2018,36.78538,-119.77321,24.9,,11.95
06-019-0011,6/3/2018,36.78538,-119.77321,29.2,,12.825
06-019-0011,6/4/2018,36.78538,-119.77321,30.8,,7.025
06-019-0011,6/5/2018,36.78538,-119.77321,25.7,,6.925
06-019-0011,6/6/2018,36.78538,-119.77321,23.7,,7.375
06-019-0011,6/7/2018,36.78538,-119.77321,21.3,,7.766667
06-019-0011,6/8/2018,36.78538,-119.77321,23.9,,9.077778
06-019-0011,6/9/2018,36.78538,-119.77321,25.1,,3.718182
06-019-0011,6/10/2018,36.78538,-119.77321,19.7,,4.405
06-019-0011,6/11/2018,36.78538,-119.77321,23,,6.27619
06-019-0011,6/12/2018,36.78538,-119.77321,27.3,,10.486957
06-019-0011,6/13/2018,36.78538,-119.77321,30.7,,10.591667
06-019-0011,6/14/2018,36.78538,-119.77321,29.9,,8.041667
06-019-0011,6/15/2018,36.78538,-119.77321,28,,6.891667
06-019-0011,6/16/2018,36.78538,-119.77321,24.6,,8.7625
06-019-0011,6/17/2018,36.78538,-119.77321,20.8,,7.8875
06-019-0011,6/18/2018,36.78538,-119.77321,22,,8.516667
06-019-0011,6/19/2018,36.78538,-119.77321,26.4,,8.454167
06-019-0011,6/21/2018,36.78538,-119.77321,27.8,,5.986957
06-019-0011,6/22/2018,36.78538,-119.77321,28.6,,10.383333
06-019-0011,6/23/2018,36.78538,-119.77321,30.7,,10.329167
06-019-0011,7/13/2018,36.78538,-119.77321,32.1,,9.995833
06-019-0011,7/14/2018,36.78538,-119.77321,31.7,,9.591667
06-019-0011,7/15/2018,36.78538,-119.77321,31.5,,7.979167
06-019-0011,7/16/2018,36.78538,-119.77321,31.3,,11.266667
06-019-0011,7/17/2018,36.78538,-119.77321,31.9,,14.170833
06-019-0011,7/18/2018,36.78538,-119.77321,32.7,,13.095833
06-019-0011,7/19/2018,36.78538,-119.77321,33.4,,14.191667
06-019-0011,7/20/2018,36.78538,-119.77321,32.6,,13.326087
06-019-0011,7/21/2018,36.78538,-119.77321,31.3,,10.091667
06-019-0011,7/22/2018,36.78538,-119.77321,30.6,,7.333333
06-019-0011,7/23/2018,36.78538,-119.77321,31.2,,10.291667
06-019-0011,7/24/2018,36.78538,-119.77321,32.2,,10.379167
06-019-0011,7/25/2018,36.78538,-119.77321,32.1,,10.091667
06-019-0011,7/26/2018,36.78538,-119.77321,32.7,,18.25
06-019-0011,7/27/2018,36.78538,-119.77321,32.4,,17.491667
06-019-0011,7/28/2018,36.78538,-119.77321,31.4,,34
06-019-0011,7/29/2018,36.78538,-119.77321,31.2,,40.333333
06-019-0011,7/30/2018,36.78538,-119.77321,30.3,,33.675
06-019-0011,7/31/2018,36.78538,-119.77321,31.6,,49.769565
06-019-0011,8/1/2018,36.78538,-119.77321,32.1,,35.891667
06-019-0011,8/2/2018,36.78538,-119.77321,31.4,,14.316667
06-019-0011,8/3/2018,36.78538,-119.77321,30.2,,28.329167
06-019-0011,8/4/2018,36.78538,-119.77321,29.1,,47.983333
06-019-0011,8/5/2018,36.78538,-119.77321,29.1,,25.6125
06-019-0011,8/6/2018,36.78538,-119.77321,27.7,,58.733333
06-019-0011,8/7/2018,36.78538,-119.77321,28.6,,47.670833
06-019-0011,8/8/2018,36.78538,-119.77321,29,,51.879167
06-019-0011,8/9/2018,36.78538,-119.77321,30.2,,49.9875
06-019-0011,8/10/2018,36.78538,-119.77321,31.8,,37.85
06-019-0011,8/11/2018,36.78538,-119.77321,30.8,,16.045833
06-019-0011,8/12/2018,36.78538,-119.77321,30.7,,7.070833
06-019-0011,8/13/2018,36.78538,-119.77321,29.9,,12.516667
06-019-0011,8/14/2018,36.78538,-119.77321,28.8,,11.279167
06-019-0011,8/15/2018,36.78538,-119.77321,27.1,,16.583333
06-019-0011,8/16/2018,36.78538,-119.77321,27.8,,20.558333
06-019-0011,8/17/2018,36.78538,-119.77321,29.9,,17.320833
06-019-0011,8/18/2018,36.78538,-119.77321,31.8,,11.654167
06-019-0011,8/19/2018,36.78538,-119.77321,31.1,,22.343478
06-019-0011,,,-119.77321,30.4,,23.308696
06-019-0011,8/21/2018,36.78538,-119.77321,27.1,,25.379167
06-019-0011,8/22/2018,36.78538,-119.77321,25.3,,18.604167
06-019-0011,8/25/2018,36.78538,-119.77321,25.5,,36.383333
06-019-0011,8/26/2018,36.78538,-119.77321,26.4,,25.4375
06-019-0011,8/28/2018,36.78538,-119.77321,24.3,,15.052174
06-019-0011,8/29/2018,36.78538,-119.77321,24.2,,10.8375
06-019-0011,8/30/2018,36.78538,-119.77321,23.7,,14.45
06-019-0011,8/31/2018,36.78538,-119.77321,23.5,,14.8625
06-019-0011,9/1/2018,36.78538,-119.77321,25.4,,12.904167
06-019-0011,9/2/2018,36.78538,-119.77321,27.8,,18.630435
06-019-0011,9/3/2018,36.78538,-119.77321,28.5,,22.3875
06-019-0011,9/4/2018,36.78538,-119.77321,28.2,,25.695833
06-019-0011,9/5/2018,36.78538,-119.77321,29.3,,20.116667
06-019-0011,9/6/2018,36.78538,-119.77321,27.7,,18.120833
06-019-0011,9/7/2018,36.78538,-119.77321,28.3,,16.729167
06-019-0011,9/8/2018,36.78538,-119.77321,29.3,,10.0875
06-019-0011,9/9/2018,36.78538,-119.77321,27.5,,10.558333
06-019-0011,9/10/2018,36.78538,-119.77321,26.9,,13.816667
06-019-0011,9/11/2018,36.78538,-119.77321,26.7,,12.230435
06-019-0011,9/12/2018,36.78538,-119.77321,25.6,,6.733333
06-019-0011,9/13/2018,36.78538,-119.77321,22.1,,6.475
06-019-0011,9/14/2018,36.78538,-119.77321,21.8,,8.133333
06-019-0011,9/15/2018,36.78538,-119.77321,23.5,,7.970833
06-019-0011,9/16/2018,36.78538,-119.77321,20.8,,5.895833
06-019-0011,9/17/2018,36.78538,-119.77321,22.5,,7.570833
06-019-0011,9/18/2018,36.78538,-119.77321,22.4,,7.773913
06-019-0011,9/19/2018,36.78538,-119.77321,22.8,,9.483333
06-019-0011,9/20/2018,36.78538,-119.77321,23.2,,15.743478
06-019-0011,9/22/2018,36.78538,-119.77321,26.4,,13.683333
06-019-0011,9/23/2018,36.78538,-119.77321,26.3,,10.728571
06-019-0011,9/24/2018,36.78538,-119.77321,24.9,,10.745833
06-019-0011,9/26/2018,36.78538,-119.77321,26,,15.754167
06-019-0011,9/27/2018,36.78538,-119.77321,27,,18.673913
06-019-0011,9/28/2018,36.78538,-119.77321,26.8,,19.756522
06-019-0011,9/29/2018,36.78538,-119.77321,22.8,,10.530435
06-019-0011,9/30/2018,36.78538,-119.77321,20.2,,8.541667
06-019-0011,10/1/2018,36.78538,-119.77321,22.9,,11.213043
06-019-0011,10/2/2018,36.78538,-119.77321,24.1,,10.978261
06-019-0011,10/6/2018,36.78538,-119.77321,20.7,,5.5625
06-019-0011,10/7/2018,36.78538,-119.77321,19.3,,6.5
06-019-0011,10/8/2018,36.78538,-119.77321,19.9,,9.958333
06-019-0011,10/9/2018,36.78538,-119.77321,20.8,,12.195833
06-019-0011,10/10/2018,36.78538,-119.77321,20.2,,10.334783
06-019-0011,,,-119.77321,18.3,,10.55
06-019-0011,,,-119.77321,19.2,,14.045833
06-019-0011,,,-119.77321,20.8,,15.483333
06-019-0011,,,-119.77321,20.9,,10.7375
06-019-0011,10/15/2018,36.78538,-119.77321,19.3,,12.35
06-019-0011,10/16/2018,36.78538,-119.77321,18.8,,12.841667
06-019-0011,10/17/2018,36.78538,-119.77321,19.2,,12.570833
06-019-0011,10/18/2018,36.78538,-119.77321,19.8,,13.770833
06-019-0011,10/19/2018,36.78538,-119.77321,20.1,,17.729167
06-019-0011,10/20/2018,36.78538,-119.77321,20.4,,19.2625
06-019-0011,10/21/2018,36.78538,-119.77321,20.3,,14.954167
06-019-0011,10/22/2018,36.78538,-119.77321,19.9,,17.608333
06-019-0011,10/23/2018,36.78538,-119.77321,18.8,,17.325
06-019-0011,10/24/2018,36.78538,-119.77321,17.3,,14.770833
06-019-0011,10/25/2018,36.78538,-119.77321,18.1,,18.575
06-019-0011,10/26/2018,36.78538,-119.77321,19.7,,21.65
06-019-0011,10/27/2018,36.78538,-119.77321,20.3,,26.1375
06-019-0011,10/28/2018,36.78538,-119.77321,20,,18.479167
06-019-0011,10/29/2018,36.78538,-119.77321,18.8,,5.575
06-019-0011,11/1/2018,36.78538,-119.77321,16.9,,14.7875
06-019-0011,11/2/2018,36.78538,-119.77321,17.8,,15.429167
06-019-0011,11/3/2018,36.78538,-119.77321,17.4,,26.583333
06-019-0011,11/4/2018,36.78538,-119.77321,18.6,,21.4125
06-019-0011,11/5/2018,36.78538,-119.77321,17.9,,13.95
06-019-0011,11/6/2018,36.78538,-119.77321,16.3,,16.1875
06-019-0011,11/7/2018,36.78538,-119.77321,16.4,,15.275
06-019-0011,11/8/2018,36.78538,-119.77321,14.8,,13.345833
06-019-0011,11/9/2018,36.78538,-119.77321,13.6,,25.729167
06-019-0011,11/10/2018,36.78538,-119.77321,12.8,,37.579167
06-019-0011,11/11/2018,36.78538,-119.77321,11.7,,51.933333
06-019-0011,11/12/2018,36.78538,-119.77321,10.3,,40.4875
06-019-0011,11/13/2018,36.78538,-119.77321,18.2,,29.158333
06-019-0011,11/14/2018,36.78538,-119.77321,12.2,,35.8625
06-019-0011,11/15/2018,36.78538,-119.77321,12.3,,52.6375
06-019-0011,11/16/2018,36.78538,-119.77321,11.6,,65.7875
06-019-0011,11/17/2018,36.78538,-119.77321,11.4,,71.408333
06-019-0011,11/18/2018,36.78538,-119.77321,11.6,,76.116667
06-019-0011,11/19/2018,36.78538,-119.77321,11.3,,79.4125
06-019-0011,11/20/2018,36.78538,-119.77321,11.6,,57.786957
06-019-0011,11/21/2018,36.78538,-119.77321,13.1,,22.125
06-019-0011,11/22/2018,36.78538,-119.77321,13.7,,15.595833
06-019-0011,11/23/2018,36.78538,-119.77321,13.1,,14.8625
06-019-0011,11/24/2018,36.78538,-119.77321,14.4,,7.15
06-019-0011,11/25/2018,36.78538,-119.77321,13.7,,10.645833
06-019-0011,11/26/2018,36.78538,-119.77321,12.2,,20.433333
06-019-0011,11/27/2018,36.78538,-119.77321,13.7,,26.4125
06-019-0011,11/28/2018,36.78538,-119.77321,14.4,,19.320833
06-019-0011,11/29/2018,36.78538,-119.77321,13.6,,6.047826
06-019-0011,12/4/2018,36.78538,-119.77321,10.7,,12.16087
06-019-0011,12/5/2018,36.78538,-119.77321,12.7,,8.5875
06-019-0011,12/6/2018,36.78538,-119.77321,10.6,,14.283333
06-019-0011,12/7/2018,36.78538,-119.77321,10.9,,22.104167
06-019-0011,12/8/2018,36.78538,-119.77321,10,,25.833333
06-019-0011,12/9/2018,36.78538,-119.77321,10.5,,24.666667
06-019-0011,12/10/2018,36.78538,-119.77321,9.4,,21.647826
06-019-0011,12/11/2018,36.78538,-119.77321,10.2,,21.9
06-019-0011,12/12/2018,36.78538,-119.77321,8.2,,18.541667
06-019-0011,12/13/2018,36.78538,-119.77321,9.6,,25.204167
06-019-0011,12/14/2018,36.78538,-119.77321,10.2,,27.7875
06-019-0011,12/15/2018,36.78538,-119.77321,9.2,,23.5125
06-019-0011,12/16/2018,36.78538,-119.77321,10.6,,18.004167
06-019-0011,12/20/2018,36.78538,-119.77321,9.6,,21.730435
06-019-0011,12/21/2018,36.78538,-119.77321,11,,25.8875
06-019-0011,12/22/2018,36.78538,-119.77321,11.3,,15.071429
06-019-0011,12/23/2018,36.78538,-119.77321,12.2,,18.025
06-019-0011,12/24/2018,36.78538,-119.77321,11.8,,21.4375
06-019-0011,12/25/2018,36.78538,-119.77321,10.8,,15.504348
06-019-0011,12/26/2018,36.78538,-119.77321,8.7,,16.678261
06-019-0011,12/27/2018,36.78538,-119.77321,7.6,,26.726087
06-019-0011,12/28/2018,36.78538,-119.77321,5.8,,28.1625
06-019-0011,12/29/2018,36.78538,-119.77321,5.9,,33.617391
06-019-0011,12/30/2018,36.78538,-119.77321,6.6,,36.508696
06-019-0011,12/31/2018,36.78538,-119.77321,6.6,,47.773913
06-019-0011,1/1/2019,36.78538,-119.77321,5.1,,47.1
06-019-0011,1/2/2019,36.78538,-119.77321,5.2,,39.7
06-019-0011,1/3/2019,36.78538,-119.77321,6.1,,26.7
06-019-0011,1/4/2019,36.78538,-119.77321,7.6,,29.3
06-019-0011,1/5/2019,36.78538,-119.77321,9.2,,12.5
06-019-0011,1/6/2019,36.78538,-119.77321,9.1,,6.1
06-019-0011,1/7/2019,36.78538,-119.77321,11.8,,5
06-019-0011,1/8/2019,36.78538,-119.77321,13.6,,9
06-019-0011,1/9/2019,36.78538,-119.77321,13.6,,8.2
06-019-0011,,,-119.77321,11.4,,10.9
06-019-0011,,,-119.77321,10.2,,11.6
06-019-0011,,,-119.77321,12.5,,12.9
06-019-0011,1/13/2019,36.78538,-119.77321,11.3,,8.6
06-019-0011,1/14/2019,36.78538,-119.77321,10.8,,10.1
06-019-0011,1/15/2019,36.78538,-119.77321,10.4,,5.9
06-019-0011,1/16/2019,36.78538,-119.77321,13.4,,3.6
06-019-0011,1/17/2019,36.78538,-119.77321,14.9,,3.4
06-019-0011,1/18/2019,36.78538,-119.77321,13.3,,7.3
06-019-0011,1/19/2019,36.78538,-119.77321,11.4,,14.8
06-019-0011,1/20/2019,36.78538,-119.77321,12.4,,12.2
06-019-0011,1/21/2019,36.78538,-119.77321,11.1,,3.3
06-019-0011,1/22/2019,36.78538,-119.77321,8.1,,17.9
06-019-0011,1/23/2019,36.78538,-119.77321,8.1,,17.6
06-019-0011,1/24/2019,36.78538,-119.77321,9.2,,23.1
06-019-0011,1/25/2019,36.78538,-119.77321,10,,29.6
06-019-0011,1/26/2019,36.78538,-119.77321,10.7,,34.9
06-019-0011,1/27/2019,36.78538,-119.77321,11.7,,30.2
06-019-0011,1/28/2019,36.78538,-119.77321,11.6,,33.1
06-019-0011,1/29/2019,36.78538,-119.77321,13.2,,33.5
06-019-0011,1/30/2019,36.78538,-119.77321,13.1,,31.5
06-019-0011,1/31/2019,36.78538,-119.77321,14.6,,19.3
06-019-0011,2/1/2019,36.78538,-119.77321,12.9,,11.8
06-019-0011,2/2/2019,36.78538,-119.77321,13.7,,2.5
06-019-0011,2/3/2019,36.78538,-119.77321,12.3,,1.7
06-019-0011,2/4/2019,36.78538,-119.77321,12.2,,1
06-019-0011,2/5/2019,36.78538,-119.77321,7.7,,2.8
06-019-0011,2/6/2019,36.78538,-119.77321,4.9,,13.2
06-019-0011,2/7/2019,36.78538,-119.77321,6.5,,14.4
06-019-0011,2/8/2019,36.78538,-119.77321,7.1,,10
06-019-0011,2/9/2019,36.78538,-119.77321,9.6,,4.1
06-019-0011,2/10/2019,36.78538,-119.77321,8.9,,9.3
06-019-0011,2/11/2019,36.78538,-119.77321,5.4,,10.2
06-019-0011,2/12/2019,36.78538,-119.77321,6.4,,11.9
06-019-0011,2/13/2019,36.78538,-119.77321,12.1,,3.7
06-019-0011,2/14/2019,36.78538,-119.77321,16.6,,2.8
06-019-0011,2/15/2019,36.78538,-119.77321,10.7,,2.3
06-019-0011,2/16/2019,36.78538,-119.77321,7.4,,6.9
06-019-0011,2/17/2019,36.78538,-119.77321,5.8,,8.7
06-019-0011,2/18/2019,36.78538,-119.77321,5.3,,11.7
06-019-0011,2/19/2019,36.78538,-119.77321,6.4,,11.8
06-019-0011,2/20/2019,36.78538,-119.77321,7.3,,12.4
06-019-0011,2/21/2019,36.78538,-119.77321,7.2,,3.9
06-019-0011,2/23/2019,36.78538,-119.77321,7.4,,22
06-019-0011,2/24/2019,36.78538,-119.77321,9.3,,21.1
06-019-0011,2/25/2019,36.78538,-119.77321,13.2,,9.6
06-019-0011,2/26/2019,36.78538,-119.77321,15.1,,6.9
06-019-0011,2/27/2019,36.78538,-119.77321,15.2,,5.3
06-019-0011,2/28/2019,36.78538,-119.77321,15.1,,4.3
06-019-0011,3/1/2019,36.78538,-119.77321,13.3,,8.9
06-019-0011,3/2/2019,36.78538,-119.77321,14.3,,4
06-019-0011,3/3/2019,36.78538,-119.77321,14.9,,1.5
06-019-0011,3/4/2019,36.78538,-119.77321,13.8,,3
06-019-0011,3/5/2019,36.78538,-119.77321,13.1,,7
06-019-0011,3/6/2019,36.78538,-119.77321,14.8,,1.3
06-019-0011,3/7/2019,36.78538,-119.77321,13.1,,2.7
06-019-0011,3/8/2019,36.78538,-119.77321,10.2,,2.6
06-019-0011,3/9/2019,36.78538,-119.77321,9.2,,6.8
06-019-0011,3/10/2019,36.78538,-119.77321,9.8,,6.6
06-019-0011,3/11/2019,36.78538,-119.77321,10.7,,4.2
06-019-0011,3/12/2019,36.78538,-119.77321,12.2,,6.6
06-019-0011,3/13/2019,36.78538,-119.77321,10.7,,3.6
06-019-0011,3/14/2019,36.78538,-119.77321,11.1,,9.6
06-019-0011,3/15/2019,36.78538,-119.77321,12.8,,8.8
06-019-0011,3/16/2019,36.78538,-119.77321,13.9,,12
06-019-0011,3/17/2019,36.78538,-119.77321,15.5,,10.3
06-019-0011,3/18/2019,36.78538,-119.77321,17.9,,9.9
06-019-0011,3/19/2019,36.78538,-119.77321,19.2,,8.2
06-019-0011,3/20/2019,36.78538,-119.77321,16.1,,3.6
06-019-0011,3/21/2019,36.78538,-119.77321,12.7,,5.2
06-019-0011,3/22/2019,36.78538,-119.77321,13.1,,6.7
06-019-0011,3/23/2019,36.78538,-119.77321,14.7,,7.3
06-019-0011,3/24/2019,36.78538,-119.77321,12.7,,11.8
06-019-0011,3/25/2019,36.78538,-119.77321,15.2,,9
06-019-0011,3/26/2019,36.78538,-119.77321,16.8,,6.9
06-019-0011,3/27/2019,36.78538,-119.77321,16.7,,4.5
06-019-0011,3/28/2019,36.78538,-119.77321,15.6,,3.1
06-019-0011,3/29/2019,36.78538,-119.77321,14.1,,5.3
06-019-0011,3/30/2019,36.78538,-119.77321,13.8,,6
06-019-0011,4/1/2019,36.78538,-119.77321,18.2,,6.6
06-019-0011,4/2/2019,36.78538,-119.77321,18.7,,4.3
06-019-0011,4/3/2019,36.78538,-119.77321,14.8,,4
06-019-0011,4/4/2019,36.78538,-119.77321,16.2,,6.8
06-019-0011,4/5/2019,36.78538,-119.77321,15.8,,3.8
06-019-0011,4/7/2019,36.78538,-119.77321,19.1,,3.9
06-019-0011,4/8/2019,36.78538,-119.77321,20.9,,6.7
06-019-0011,4/9/2019,36.78538,-119.77321,18.8,,2.3
06-019-0011,4/10/2019,36.78538,-119.77321,14,,2.2
06-019-0011,4/11/2019,36.78538,-119.77321,15.3,,7.8
06-019-0011,4/12/2019,36.78538,-119.77321,14.3,,5.7
06-019-0011,4/13/2019,36.78538,-119.77321,18.3,,9.2
06-019-0011,4/14/2019,36.78538,-119.77321,20.3,,6.3
06-019-0011,4/15/2019,36.78538,-119.77321,19.8,,2.9
06-019-0011,4/16/2019,36.78538,-119.77321,14.5,,5.2
06-019-0011,4/17/2019,36.78538,-119.77321,16.4,,6.8
06-019-0011,4/18/2019,36.78538,-119.77321,20.3,,11
06-019-0011,4/19/2019,36.78538,-119.77321,23.9,,15.1
06-019-0011,4/20/2019,36.78538,-119.77321,21.8,,4.9
06-019-0011,4/21/2019,36.78538,-119.77321,15.4,,7.1
06-019-0011,4/22/2019,36.78538,-119.77321,19,,9.9
06-019-0011,4/23/2019,36.78538,-119.77321,23.1,,13
06-019-0011,4/24/2019,36.78538,-119.77321,25.6,,13.4
06-019-0011,4/25/2019,36.78538,-119.77321,27.4,,11.1
06-019-0011,4/26/2019,36.78538,-119.77321,27,,9.3
06-019-0011,4/27/2019,36.78538,-119.77321,24.8,,11.2
06-019-0011,4/30/2019,36.78538,-119.77321,19.4,,8.8
06-019-0011,5/1/2019,36.78538,-119.77321,18,,9.2
06-019-0011,5/2/2019,36.78538,-119.77321,20.3,,7.3
06-019-0011,5/3/2019,36.78538,-119.77321,22.1,,8.8
06-019-0011,5/4/2019,36.78538,-119.77321,22.8,,7.5
06-019-0011,5/5/2019,36.78538,-119.77321,21,,5.4
06-019-0011,5/6/2019,36.78538,-119.77321,19,,3.8
06-019-0011,5/7/2019,36.78538,-119.77321,18.6,,4.9
06-019-0011,5/8/2019,36.78538,-119.77321,20.6,,7.2
06-019-0011,5/9/2019,36.78538,-119.77321,22.3,,8.7
06-019-0011,5/10/2019,36.78538,-119.77321,19.1,,7.1
06-019-0011,5/11/2019,36.78538,-119.77321,21.1,,8
06-019-0011,5/12/2019,36.78538,-119.77321,24.4,,9.4
06-019-0011,5/13/2019,36.78538,-119.77321,23.9,,4.2
06-019-0011,5/14/2019,36.78538,-119.77321,23.1,,4.6
06-019-0011,5/15/2019,36.78538,-119.77321,20.7,,4.1
06-019-0011,5/16/2019,36.78538,-119.77321,16.7,,1.4
06-019-0011,5/17/2019,36.78538,-119.77321,14.1,,3.6
06-019-0011,5/18/2019,36.78538,-119.77321,16.2,,4.8
06-019-0011,5/19/2019,36.78538,-119.77321,13.3,,1
06-019-0011,5/20/2019,36.78538,-119.77321,13.5,,3.3
06-019-0011,5/21/2019,36.78538,-119.77321,15.4,,2.8
06-019-0011,5/22/2019,36.78538,-119.77321,13.9,,3.8
06-019-0011,5/23/2019,36.78538,-119.77321,17.5,,5.2
06-019-0011,5/24/2019,36.78538,-119.77321,17.7,,6.6
06-019-0011,5/25/2019,36.78538,-119.77321,21.4,,8.2
06-019-0011,5/26/2019,36.78538,-119.77321,15.9,,3.4
06-019-0011,5/27/2019,36.78538,-119.77321,12.5,,4.3
06-019-0011,5/28/2019,36.78538,-119.77321,16.6,,11
06-019-0011,5/29/2019,36.78538,-119.77321,21.1,,13.2
06-019-0011,5/30/2019,36.78538,-119.77321,24.4,,14.1
06-019-0011,5/31/2019,36.78538,-119.77321,23.4,,7.5
06-019-0011,6/1/2019,36.78538,-119.77321,25.4,,6.8
06-019-0011,6/2/2019,36.78538,-119.77321,26.3,,9.1
06-019-0011,6/3/2019,36.78538,-119.77321,25.8,,9.4
06-019-0011,6/4/2019,36.78538,-119.77321,28.7,,16.4
06-019-0011,6/5/2019,36.78538,-119.77321,30.8,,15.4
06-019-0011,6/6/2019,36.78538,-119.77321,29.3,,5.4
06-019-0011,6/7/2019,36.78538,-119.77321,22.4,,4.8
06-019-0011,6/8/2019,36.78538,-119.77321,21.2,,5.1
06-019-0011,6/9/2019,36.78538,-119.77321,25.7,,8.8
06-019-0011,6/10/2019,36.78538,-119.77321,29.6,,11.2
06-019-0011,6/11/2019,36.78538,-119.77321,31.7,,13.9
06-019-0011,6/12/2019,36.78538,-119.77321,33.3,,12.5
06-019-0011,6/13/2019,36.78538,-119.77321,30.3,,10.6
06-019-0011,6/14/2019,36.78538,-119.77321,27.9,,6.9
06-019-0011,6/15/2019,36.78538,-119.77321,27.2,,8
06-019-0011,6/16/2019,36.78538,-119.77321,25.1,,7.1
06-019-0011,6/17/2019,36.78538,-119.77321,27.9,,10.1
06-019-0011,6/18/2019,36.78538,-119.77321,29.9,,13.2
06-019-0011,6/19/2019,36.78538,-119.77321,31.3,,10.9
06-019-0011,6/20/2019,36.78538,-119.77321,28.5,,6
06-019-0011,6/21/2019,36.78538,-119.77321,24.2,,8.4
06-019-0011,6/22/2019,36.78538,-119.77321,25.6,,8.7
06-019-0011,6/23/2019,36.78538,-119.77321,28.6,,8.7
06-019-0011,6/24/2019,36.78538,-119.77321,29.9,,8.4
06-019-0011,6/25/2019,36.78538,-119.77321,28.7,,6.1
06-019-0011,6/26/2019,36.78538,-119.77321,25.8,,5.2
06-019-0011,,,-119.77321,22.7,,3.9
06-019-0011,,,-119.77321,23.2,,4.2
06-019-0011,,,-119.77321,26.6,,4.5
06-019-0011,,,-119.77321,26.5,,7.5
06-019-0011,,,-119.77321,25.9,,4.9
06-019-0011,7/3/2019,36.78538,-119.77321,25.1,,6.7
06-019-0011,7/4/2019,36.78538,-119.77321,25.8,,36
06-019-0011,7/5/2019,36.78538,-119.77321,28.1,,10.9
06-019-0011,7/6/2019,36.78538,-119.77321,29.4,,9.4
06-019-0011,7/7/2019,36.78538,-119.77321,27.9,,9
06-019-0011,7/8/2019,36.78538,-119.77321,25.1,,6.6
06-019-0011,7/9/2019,36.78538,-119.77321,24.8,,8.1
06-019-0011,7/10/2019,36.78538,-119.77321,26.2,,5.4
06-019-0011,7/11/2019,36.78538,-119.77321,28.3,,4.8
06-019-0011,7/12/2019,36.78538,-119.77321,29.2,,6.1
06-019-0011,7/13/2019,36.78538,-119.77321,31.1,,8.9
06-019-0011,7/14/2019,36.78538,-119.77321,31.4,,5.1
06-019-0011,7/16/2019,36.78538,-119.77321,28.9,,3
06-019-0011,7/17/2019,36.78538,-119.77321,27.6,,4.8
06-019-0011,7/18/2019,36.78538,-119.77321,29.2,,8.1
06-019-0011,7/19/2019,36.78538,-119.77321,28.1,,5.4
06-019-0011,7/20/2019,36.78538,-119.77321,27.2,,8.9
06-019-0011,7/21/2019,36.78538,-119.77321,28.3,,8
06-019-0011,7/22/2019,36.78538,-119.77321,30.7,,11.3
06-019-0011,7/23/2019,36.78538,-119.77321,32.1,,9.4
06-019-0011,7/24/2019,36.78538,-119.77321,31.8,,11.2
06-019-0011,7/25/2019,36.78538,-119.77321,32.9,,12.9
06-019-0011,7/26/2019,36.78538,-119.77321,33.7,,8
06-019-0011,7/27/2019,36.78538,-119.77321,31.7,,11.3
06-019-0011,7/28/2019,36.78538,-119.77321,33.2,,11.7
06-019-0011,7/29/2019,36.78538,-119.77321,32.8,,10
06-019-0011,7/30/2019,36.78538,-119.77321,28.6,,10
06-019-0011,7/31/2019,36.78538,-119.77321,28.6,,8.5
06-019-0011,8/1/2019,36.78538,-119.77321,29.1,,9.2
06-019-0011,8/2/2019,36.78538,-119.77321,27.5,,5.8
06-019-0011,8/3/2019,36.78538,-119.77321,29.6,,8.2
06-019-0011,8/4/2019,36.78538,-119.77321,31.6,,7.5
06-019-0011,8/5/2019,36.78538,-119.77321,30.3,,6.8
06-019-0011,8/6/2019,36.78538,-119.77321,30.1,,11.6
06-019-0011,8/7/2019,36.78538,-119.77321,30.9,,10.3
06-019-0011,8/8/2019,36.78538,-119.77321,27.7,,7.8
06-019-0011,8/9/2019,36.78538,-119.77321,25.3,,5.2
06-019-0011,8/10/2019,36.78538,-119.77321,25.9,,3.6
06-019-0011,8/11/2019,36.78538,-119.77321,25.2,,4.7
06-019-0011,8/12/2019,36.78538,-119.77321,27.1,,7.8
06-019-0011,8/13/2019,36.78538,-119.77321,29.4,,9.4
06-019-0011,8/14/2019,36.78538,-119.77321,30.9,,10.6
06-019-0011,8/15/2019,36.78538,-119.77321,32.1,,13.1
06-019-0011,8/16/2019,36.78538,-119.77321,32.7,,10
06-019-0011,8/17/2019,36.78538,-119.77321,30.8,,10.2
06-019-0011,8/18/2019,36.78538,-119.77321,27.1,,7.8
06-019-0011,8/19/2019,36.78538,-119.77321,25.7,,6.5
06-019-0011,8/20/2019,36.78538,-119.77321,26.3,,8.1
06-019-0011,8/21/2019,36.78538,-119.77321,26.7,,7.1
06-019-0011,8/22/2019,36.78538,-119.77321,28.6,,9.5
06-019-0011,8/23/2019,36.78538,-119.77321,31.1,,14.4
06-019-0011,8/24/2019,36.78538,-119.77321,30.7,,9.7
06-019-0011,8/25/2019,36.78538,-119.77321,31.1,,9.5
06-019-0011,8/26/2019,36.78538,-119.77321,31.6,,8.4
06-019-0011,8/27/2019,36.78538,-119.77321,32.4,,8.8
06-019-0011,8/29/2019,36.78538,-119.77321,28.8,,7.5
06-019-0011,8/30/2019,36.78538,-119.77321,26.9,,10.5
06-019-0011,8/31/2019,36.78538,-119.77321,28.9,,10.1
06-019-0011,9/1/2019,36.78538,-119.77321,30.4,,9.4
06-019-0011,9/2/2019,36.78538,-119.77321,31.1,,9.1
06-019-0011,9/3/2019,36.78538,-119.77321,30.5,,7.5
06-019-0011,9/4/2019,36.78538,-119.77321,30.3,,9.1
06-019-0011,9/5/2019,36.78538,-119.77321,31.4,,10.1
06-019-0011,9/6/2019,36.78538,-119.77321,29.5,,5.6
06-019-0011,9/7/2019,36.78538,-119.77321,27.9,,8.3
06-019-0011,9/8/2019,36.78538,-119.77321,21.9,,3.7
06-019-0011,9/9/2019,36.78538,-119.77321,23.5,,4.5
06-019-0011,9/10/2019,36.78538,-119.77321,22.6,,3.5
06-019-0011,9/11/2019,36.78538,-119.77321,22.4,,5.1
06-019-0011,9/12/2019,36.78538,-119.77321,25.3,,9.8
06-019-0011,9/13/2019,36.78538,-119.77321,27.5,,11.2
06-019-0011,9/14/2019,36.78538,-119.77321,28.9,,12
06-019-0011,9/15/2019,36.78538,-119.77321,28.8,,9.4
06-019-0011,9/16/2019,36.78538,-119.77321,23.9,,3.1
06-019-0011,9/17/2019,36.78538,-119.77321,19.9,,3.7
06-019-0011,9/18/2019,36.78538,-119.77321,21.9,,3.1
06-019-0011,9/19/2019,36.78538,-119.77321,21.7,,2.5
06-019-0011,9/20/2019,36.78538,-119.77321,20.5,,4.1
06-019-0011,9/21/2019,36.78538,-119.77321,23.1,,7.2
06-019-0011,9/22/2019,36.78538,-119.77321,24.3,,8.1
06-019-0011,9/23/2019,36.78538,-119.77321,25.2,,4.8
06-019-0011,9/24/2019,36.78538,-119.77321,25,,11.6
06-019-0011,9/25/2019,36.78538,-119.77321,27.4,,14
06-019-0011,9/26/2019,36.78538,-119.77321,28.3,,13.5
06-019-0011,9/27/2019,36.78538,-119.77321,25,,7.1
06-019-0011,9/28/2019,36.78538,-119.77321,21.1,,3.5
06-019-0011,9/29/2019,36.78538,-119.77321,16.8,,2.7
06-019-0011,9/30/2019,36.78538,-119.77321,16.4,,4.1
06-019-0011,10/1/2019,36.78538,-119.77321,15.6,,3.8
06-019-0011,10/2/2019,36.78538,-119.77321,16.7,,6.8
06-019-0011,10/3/2019,36.78538,-119.77321,18.7,,8.6
06-019-0011,10/4/2019,36.78538,-119.77321,19.1,,4.7
06-019-0011,10/5/2019,36.78538,-119.77321,18.5,,10.5
06-019-0011,10/6/2019,36.78538,-119.77321,20.7,,10.7
06-019-0011,10/7/2019,36.78538,-119.77321,22.6,,13.9
06-019-0011,10/8/2019,36.78538,-119.77321,22.9,,17.6
06-019-0011,10/9/2019,36.78538,-119.77321,21.4,,11.2
06-019-0011,10/10/2019,36.78538,-119.77321,16.7,,7.4
06-019-0011,10/11/2019,36.78538,-119.77321,18.2,,11.4
06-019-0011,10/12/2019,36.78538,-119.77321,18.2,,15.5
06-019-0011,10/13/2019,36.78538,-119.77321,18.9,,14.7
06-019-0011,10/14/2019,36.78538,-119.77321,18.6,,14.9
06-019-0011,10/15/2019,36.78538,-119.77321,19,,17.5
06-019-0011,10/16/2019,36.78538,-119.77321,19.6,,21.9
06-019-0011,10/17/2019,36.78538,-119.77321,19.4,,4
06-019-0011,10/18/2019,36.78538,-119.77321,16.2,,8
06-019-0011,10/19/2019,36.78538,-119.77321,16.4,,4.5
06-019-0011,10/20/2019,36.78538,-119.77321,17.8,,6.3
06-019-0011,10/21/2019,36.78538,-119.77321,17.8,,12.5
06-019-0011,10/22/2019,36.78538,-119.77321,19.7,,10.7
06-019-0011,10/23/2019,36.78538,-119.77321,20.5,,11.3
06-019-0011,10/24/2019,36.78538,-119.77321,20.6,,13
06-019-0011,10/25/2019,36.78538,-119.77321,21.9,,16.6
06-019-0011,10/26/2019,36.78538,-119.77321,20.9,,14.8
06-019-0011,10/27/2019,36.78538,-119.77321,17.6,,24.8
06-019-0011,10/28/2019,36.78538,-119.77321,13.9,,17
06-019-0011,10/29/2019,36.78538,-119.77321,14.1,,21.4
06-019-0011,10/30/2019,36.78538,-119.77321,13.4,,23.2
06-019-0011,10/31/2019,36.78538,-119.77321,13.1,,20
06-019-0011,11/1/2019,36.78538,-119.77321,13.2,,22
06-019-0011,11/2/2019,36.78538,-119.77321,14,,23.3
06-019-0011,11/3/2019,36.78538,-119.77321,14.5,,27.1
06-019-0011,11/4/2019,36.78538,-119.77321,15.9,,20.6
06-019-0011,11/5/2019,36.78538,-119.77321,16.6,,25.1
06-019-0011,11/6/2019,36.78538,-119.77321,16.7,,24
06-019-0011,11/7/2019,36.78538,-119.77321,17.1,,25.8
06-019-0011,11/8/2019,36.78538,-119.77321,17.1,,31.7
06-019-0011,11/9/2019,36.78538,-119.77321,16.3,,30.4
06-019-0011,11/10/2019,36.78538,-119.77321,16.1,,28.9
06-019-0011,11/11/2019,36.78538,-119.77321,16.7,,27.3
06-019-0011,11/12/2019,36.78538,-119.77321,17,,26.5
06-019-0011,11/13/2019,36.78538,-119.77321,16.9,,29.9
06-019-0011,11/14/2019,36.78538,-119.77321,17.5,,21.7
06-019-0011,11/15/2019,36.78538,-119.77321,14.8,,11.4
06-019-0011,11/16/2019,36.78538,-119.77321,14.1,,24.6
06-019-0011,11/17/2019,36.78538,-119.77321,14.8,,26.9
06-019-0011,11/18/2019,36.78538,-119.77321,15.4,,29.9
06-019-0011,11/19/2019,36.78538,-119.77321,15.6,,17.5
06-019-0011,11/20/2019,36.78538,-119.77321,12.9,,4.1
06-019-0011,11/21/2019,36.78538,-119.77321,12.9,,7.5
06-019-0011,11/22/2019,36.78538,-119.77321,12.8,,14.4
06-019-0011,11/23/2019,36.78538,-119.77321,12.8,,17.3
06-019-0011,11/24/2019,36.78538,-119.77321,12.4,,26.3
06-019-0011,11/25/2019,36.78538,-119.77321,11.9,,24.2
06-019-0011,11/26/2019,36.78538,-119.77321,8.8,,13.7
06-019-0011,11/27/2019,36.78538,-119.77321,9.4,,6.4
06-019-0011,11/28/2019,36.78538,-119.77321,7.2,,4.1
06-019-0011,11/29/2019,36.78538,-119.77321,7.4,,5.3
06-019-0011,11/30/2019,36.78538,-119.77321,6.8,,5.1
06-019-0011,12/1/2019,36.78538,-119.77321,8.9,,9.3
06-019-0011,12/2/2019,36.78538,-119.77321,12.7,,5.8
06-019-0011,12/3/2019,36.78538,-119.77321,11.7,,13.4
06-019-0011,12/4/2019,36.78538,-119.77321,11.4,,14.1
06-019-0011,12/5/2019,36.78538,-119.77321,12.2,,8
06-019-0011,12/6/2019,36.78538,-119.77321,12.8,,7.5
06-019-0011,12/7/2019,36.78538,-119.77321,14.7,,4.1
06-019-0011,12/8/2019,36.78538,-119.77321,14.2,,6.1
06-019-0011,12/9/2019,36.78538,-119.77321,10.1,,11.3
06-019-0011,12/10/2019,36.78538,-119.77321,9.3,,36.4
06-019-0011,12/11/2019,36.78538,-119.77321,9.4,,24.7
06-019-0011,12/12/2019,36.78538,-119.77321,12,,18.4
06-019-0011,12/13/2019,36.78538,-119.77321,13.2,,15.5
06-019-0011,12/14/2019,36.78538,-119.77321,14.1,,4.8
06-019-0011,12/15/2019,36.78538,-119.77321,9.9,,4.8
06-019-0011,12/16/2019,36.78538,-119.77321,7.9,,12.3
06-019-0011,12/17/2019,36.78538,-119.77321,8,,8.8
06-019-0011,12/18/2019,36.78538,-119.77321,9.7,,10.1
06-019-0011,12/19/2019,36.78538,-119.77321,8.9,,14.4
06-019-0011,12/20/2019,36.78538,-119.77321,9.6,,16.7
06-019-0011,12/21/2019,36.78538,-119.77321,11.6,,12.6
06-019-0011,12/22/2019,36.78538,-119.77321,13.8,,7.5
06-019-0011,12/23/2019,36.78538,-119.77321,9.9,,6.6
06-019-0011,12/24/2019,36.78538,-119.77321,9.2,,18.1
06-019-0011,12/25/2019,36.78538,-119.77321,8.2,,12.7
06-019-0011,12/26/2019,36.78538,-119.77321,9.6,,7.3
06-019-0011,12/27/2019,36.78538,-119.77321,7.4,,14.4
06-019-0011,12/28/2019,36.78538,-119.77321,7.4,,28.6
06-019-0011,12/29/2019,36.78538,-119.77321,7.8,,19.5
06-019-0011,12/30/2019,36.78538,-119.77321,8.2,,20.2
06-019-0011,12/31/2019,36.78538,-119.77321,6.9,,33.9
06-019-0011,1/1/2020,36.78538,-119.77321,8.8,,39
06-019-0011,1/2/2020,36.78538,-119.77321,8.8,,30.4
06-019-0011,1/3/2020,36.78538,-119.77321,9.3,,25.4
06-019-0011,1/4/2020,36.78538,-119.77321,11.4,,14.6
06-019-0011,1/5/2020,36.78538,-119.77321,9.5,,10.7
06-019-0011,1/6/2020,36.78538,-119.77321,8.3,,17.6
06-019-0011,1/7/2020,36.78538,-119.77321,5.8,,18.3
06-019-0011,1/8/2020,36.78538,-119.77321,6.7,,14.5
06-019-0011,1/9/2020,36.78538,-119.77321,7.4,,10.5
06-019-0011,1/10/2020,36.78538,-119.77321,8.1,,15.2
06-019-0011,1/11/2020,36.78538,-119.77321,7.3,,14.5
06-019-0011,1/12/2020,36.78538,-119.77321,7.2,,16.7
06-019-0011,1/13/2020,36.78538,-119.77321,5.8,,18.4
06-019-0011,1/16/2020,36.78538,-119.77321,9.4,,9.7
06-019-0011,1/17/2020,36.78538,-119.77321,6.5,,8.7
06-019-0011,1/18/2020,36.78538,-119.77321,5.8,,14.9
06-019-0011,1/19/2020,36.78538,-119.77321,6.7,,21.8
06-019-0011,1/20/2020,36.78538,-119.77321,8,,19.2
06-019-0011,1/21/2020,36.78538,-119.77321,10.9,,21.3
06-019-0011,1/22/2020,36.78538,-119.77321,13.1,,17.8
06-019-0011,1/23/2020,36.78538,-119.77321,10.2,,12
06-019-0011,1/24/2020,36.78538,-119.77321,11.5,,22.7
06-019-0011,1/25/2020,36.78538,-119.77321,12.5,,28.9
06-019-0011,1/26/2020,36.78538,-119.77321,12.9,,15.8
06-019-0011,1/27/2020,36.78538,-119.77321,10.7,,10.3
06-019-0011,1/28/2020,36.78538,-119.77321,10.8,,10.8
06-019-0011,1/29/2020,36.78538,-119.77321,10.7,,8.4
06-019-0011,1/30/2020,36.78538,-119.77321,9.4,,16.1
06-019-0011,2/1/2020,36.78538,-119.77321,11.9,,28.2
06-019-0011,2/3/2020,36.78538,-119.77321,6.9,,6.7
06-019-0011,2/4/2020,36.78538,-119.77321,5.8,,20.3
06-019-0011,2/5/2020,36.78538,-119.77321,6.5,,24.8
06-019-0011,2/6/2020,36.78538,-119.77321,8.4,,25
06-019-0011,2/7/2020,36.78538,-119.77321,10.6,,24.2
06-019-0011,2/8/2020,36.78538,-119.77321,11.5,,22
06-019-0011,2/9/2020,36.78538,-119.77321,10.3,,11.3
06-019-0011,2/10/2020,36.78538,-119.77321,8.5,,21.1
06-019-0011,2/11/2020,36.78538,-119.77321,10.3,,16.1
06-019-0011,2/16/2020,36.78538,-119.77321,13.8,,14.1
06-019-0011,2/17/2020,36.78538,-119.77321,12.8,,9.4
06-019-0011,2/18/2020,36.78538,-119.77321,13.2,,17.7
06-019-0011,2/19/2020,36.78538,-119.77321,12.9,,16.7
06-019-0011,2/20/2020,36.78538,-119.77321,13.8,,15.1
06-019-0011,2/21/2020,36.78538,-119.77321,14.2,,17.1
06-019-0011,2/22/2020,36.78538,-119.77321,16.4,,8.1
06-019-0011,2/23/2020,36.78538,-119.77321,12.6,,11.4
06-019-0011,2/24/2020,36.78538,-119.77321,13.1,,12.2
06-019-0011,2/25/2020,36.78538,-119.77321,14.7,,16.6
06-019-0011,2/26/2020,36.78538,-119.77321,16.4,,10.5
06-019-0011,2/27/2020,36.78538,-119.77321,17,,15.4
06-019-0011,2/28/2020,36.78538,-119.77321,18.6,,14.5
06-019-0011,2/29/2020,36.78538,-119.77321,18.8,,9.4
06-019-0011,3/1/2020,36.78538,-119.77321,13.7,,7.7
06-019-0011,3/2/2020,36.78538,-119.77321,9.6,,13.7
06-019-0011,3/3/2020,36.78538,-119.77321,13.5,,14.7
06-019-0011,3/4/2020,36.78538,-119.77321,15.8,,15
06-019-0011,3/5/2020,36.78538,-119.77321,18.1,,13.4
06-019-0011,3/6/2020,36.78538,-119.77321,17.9,,12.5
06-019-0011,3/7/2020,36.78538,-119.77321,15.3,,4
06-019-0011,3/8/2020,36.78538,-119.77321,11.9,,5.7
06-019-0011,3/10/2020,36.78538,-119.77321,15,,7.7
06-019-0011,3/11/2020,36.78538,-119.77321,15.6,,7.3
06-019-0011,3/12/2020,36.78538,-119.77321,16.3,,10.4
06-019-0011,3/13/2020,36.78538,-119.77321,18.1,,8.4
06-019-0011,3/14/2020,36.78538,-119.77321,15.3,,3.4
06-019-0011,3/15/2020,36.78538,-119.77321,14.2,,3.6
06-019-0011,3/16/2020,36.78538,-119.77321,11.4,,2.2
06-019-0011,3/17/2020,36.78538,-119.77321,7.7,,2.5
06-019-0011,3/18/2020,36.78538,-119.77321,9.8,,3.9
06-019-0011,3/19/2020,36.78538,-119.77321,10.9,,4.2
06-019-0011,3/20/2020,36.78538,-119.77321,11.1,,4.1
06-019-0011,3/21/2020,36.78538,-119.77321,13.4,,4.8
06-019-0011,3/22/2020,36.78538,-119.77321,13.9,,5
06-019-0011,3/23/2020,36.78538,-119.77321,14.4,,1.5
06-019-0011,3/24/2020,36.78538,-119.77321,13.2,,3.1
06-019-0011,3/25/2020,36.78538,-119.77321,11.7,,1.1
06-019-0011,3/26/2020,36.78538,-119.77321,9.3,,3.4
06-019-0011,3/27/2020,36.78538,-119.77321,10.1,,6.3
06-019-0011,3/28/2020,36.78538,-119.77321,11.3,,7.7
06-019-0011,3/29/2020,36.78538,-119.77321,13.1,,5.4
06-019-0011,3/30/2020,36.78538,-119.77321,13.6,,6.1
06-019-0011,3/31/2020,36.78538,-119.77321,15.2,,4.1
06-019-0011,4/1/2020,36.78538,-119.77321,16.6,,2.9
06-019-0011,4/2/2020,36.78538,-119.77321,12.9,,4.6
06-019-0011,4/3/2020,36.78538,-119.77321,13.4,,5.1
06-019-0011,4/4/2020,36.78538,-119.77321,13.8,,4.2
06-019-0011,4/5/2020,36.78538,-119.77321,14.3,,2.3
06-019-0011,4/6/2020,36.78538,-119.77321,11.3,,2.3
06-019-0011,4/7/2020,36.78538,-119.77321,12.1,,3.2
06-019-0011,4/8/2020,36.78538,-119.77321,13.7,,4.4
06-019-0011,4/9/2020,36.78538,-119.77321,11.7,,1.4
06-019-0011,4/10/2020,36.78538,-119.77321,13.1,,6.1
06-019-0011,4/11/2020,36.78538,-119.77321,15.4,,11.3
06-019-0011,4/12/2020,36.78538,-119.77321,17.6,,11.2
06-019-0011,4/13/2020,36.78538,-119.77321,16.3,,7.6
06-019-0011,4/14/2020,36.78538,-119.77321,17.3,,9.5
06-019-0011,4/15/2020,36.78538,-119.77321,19.3,,8.5
06-019-0011,4/16/2020,36.78538,-119.77321,20.7,,9.2
06-019-0011,4/17/2020,36.78538,-119.77321,18.8,,6.1
06-019-0011,4/18/2020,36.78538,-119.77321,16.2,,5.6
06-019-0011,4/19/2020,36.78538,-119.77321,17.1,,7.5
06-019-0011,4/20/2020,36.78538,-119.77321,15.7,,6
06-019-0011,4/21/2020,36.78538,-119.77321,15.1,,6.6
06-019-0011,4/22/2020,36.78538,-119.77321,19.3,,10.4
06-019-0011,4/23/2020,36.78538,-119.77321,21.7,,4.3
06-019-0011,4/24/2020,36.78538,-119.77321,22.6,,8.9
06-019-0011,4/28/2020,36.78538,-119.77321,23.8,,10.4
06-019-0011,4/29/2020,36.78538,-119.77321,26.7,,8.9
06-019-0011,4/30/2020,36.78538,-119.77321,23.6,,2.8
06-019-0011,5/1/2020,36.78538,-119.77321,21.4,,4.5
06-019-0011,5/2/2020,36.78538,-119.77321,21.2,,4
06-019-0011,5/3/2020,36.78538,-119.77321,20.3,,3.8
06-019-0011,5/4/2020,36.78538,-119.77321,19.8,,4.1
06-019-0011,5/5/2020,36.78538,-119.77321,22.5,,5.7
06-019-0011,5/6/2020,36.78538,-119.77321,21.8,,5.1
06-019-0011,5/7/2020,36.78538,-119.77321,22.7,,8.8
06-019-0011,5/8/2020,36.78538,-119.77321,26,,14.2
06-019-0011,5/9/2020,36.78538,-119.77321,27.4,,15.1
06-019-0011,5/10/2020,36.78538,-119.77321,26.6,,7.6
06-019-0011,5/20/2020,36.78538,-119.77321,18.2,,5.2
06-019-0011,5/21/2020,36.78538,-119.77321,20.8,,6
06-019-0011,5/22/2020,36.78538,-119.77321,22.9,,5
06-019-0011,5/23/2020,36.78538,-119.77321,20.6,,5.2
06-019-0011,5/24/2020,36.78538,-119.77321,23.8,,5.6
06-019-0011,5/25/2020,36.78538,-119.77321,27.1,,9.6
06-019-0011,5/26/2020,36.78538,-119.77321,30.7,,11.3
06-019-0011,5/28/2020,36.78538,-119.77321,31.8,,8.5
06-019-0011,5/29/2020,36.78538,-119.77321,30.6,,7.3
06-019-0011,5/30/2020,36.78538,-119.77321,24.3,,3.7
06-019-0011,5/31/2020,36.78538,-119.77321,21.4,,5.1
06-019-0011,6/1/2020,36.78538,-119.77321,23.7,,7.4
06-019-0011,6/2/2020,36.78538,-119.77321,25.8,,8.9
06-019-0011,6/3/2020,36.78538,-119.77321,29.6,,12.5
06-019-0011,6/4/2020,36.78538,-119.77321,31.6,,10.3
06-019-0011,6/5/2020,36.78538,-119.77321,27.7,,8.6
06-019-0011,6/6/2020,36.78538,-119.77321,21.1,,4.5
06-019-0011,6/7/2020,36.78538,-119.77321,18.8,,2.8
06-019-0011,6/8/2020,36.78538,-119.77321,19,,3.2
06-019-0011,6/10/2020,36.78538,-119.77321,27.1,,8.7
06-019-0011,6/11/2020,36.78538,-119.77321,29.3,,9.9
06-019-0011,6/12/2020,36.78538,-119.77321,27.7,,3.3
06-019-0011,6/13/2020,36.78538,-119.77321,19.9,,2.5
06-019-0011,6/14/2020,36.78538,-119.77321,20.9,,3.4
06-019-0011,6/15/2020,36.78538,-119.77321,25.1,,3.6
06-019-0011,6/16/2020,36.78538,-119.77321,23.3,,3.5
06-019-0011,6/17/2020,36.78538,-119.77321,22.5,,6.5
06-019-0011,6/18/2020,36.78538,-119.77321,26.3,,6.2
06-019-0011,6/19/2020,36.78538,-119.77321,28.7,,7.9
06-019-0011,6/20/2020,36.78538,-119.77321,29.8,,7.8
06-019-0011,6/21/2020,36.78538,-119.77321,28.8,,6.1
06-019-0011,6/22/2020,36.78538,-119.77321,29.8,,5.7
06-019-0011,6/23/2020,36.78538,-119.77321,31.4,,9.3
06-019-0011,6/24/2020,36.78538,-119.77321,31.7,,11.3
06-019-0011,6/25/2020,36.78538,-119.77321,31.4,,13
06-019-0011,6/26/2020,36.78538,-119.77321,31.2,,12
06-019-0011,6/27/2020,36.78538,-119.77321,33.1,,10.6
06-019-0011,6/28/2020,36.78538,-119.77321,28.8,,10.4
06-019-0011,6/29/2020,36.78538,-119.77321,21.8,,8.5
06-019-0011,6/30/2020,36.78538,-119.77321,26.3,,6.6
06-019-0011,7/1/2020,36.78538,-119.77321,28.5,,7.3
06-019-0011,7/2/2020,36.78538,-119.77321,26.9,,8
06-019-0011,7/3/2020,36.78538,-119.77321,26.9,,7.9
06-019-0011,7/4/2020,36.78538,-119.77321,28.3,,19.4
06-019-0011,7/5/2020,36.78538,-119.77321,29.4,,10.8
06-019-0011,7/6/2020,36.78538,-119.77321,28.9,,17.8
06-019-0011,7/7/2020,36.78538,-119.77321,26.2,,7.2
06-019-0011,7/8/2020,36.78538,-119.77321,27.4,,7.4
06-019-0011,7/9/2020,36.78538,-119.77321,29.6,,5.7
06-019-0011,7/10/2020,36.78538,-119.77321,30.4,,7.4
06-019-0011,7/11/2020,36.78538,-119.77321,32.2,,6.8
06-019-0011,7/12/2020,36.78538,-119.77321,33.1,,7.7
06-019-0011,7/13/2020,36.78538,-119.77321,32.7,,5.7
06-019-0011,7/14/2020,36.78538,-119.77321,28.9,,9.6
06-019-0011,7/15/2020,36.78538,-119.77321,28,,10.5
06-019-0011,7/17/2020,36.78538,-119.77321,29.6,,5.6
06-019-0011,7/18/2020,36.78538,-119.77321,29.3,,6.7
06-019-0011,7/19/2020,36.78538,-119.77321,30.6,,5.8
06-019-0011,7/20/2020,36.78538,-119.77321,29.3,,5.8
06-019-0011,7/21/2020,36.78538,-119.77321,29,,6.8
06-019-0011,7/22/2020,36.78538,-119.77321,28,,7.7
06-019-0011,7/23/2020,36.78538,-119.77321,26.2,,5.1
06-019-0011,7/24/2020,36.78538,-119.77321,28.2,,6.2
06-019-0011,7/25/2020,36.78538,-119.77321,28.6,,7.8
06-019-0011,7/26/2020,36.78538,-119.77321,30,,7.8
06-019-0011,,,-119.77321,30.4,,7.8
06-019-0011,,,-119.77321,30.6,,6.2
06-019-0011,,,-119.77321,31,,8.8
06-019-0011,,,-119.77321,30.5,,9.5
06-019-0011,,,-119.77321,29.2,,6.4
06-019-0011,8/2/2020,36.78538,-119.77321,29.5,,5
06-019-0011,8/3/2020,36.78538,-119.77321,30.1,,3.8
06-019-0011,8/5/2020,36.78538,-119.77321,26.8,,5.5
06-019-0011,8/6/2020,36.78538,-119.77321,23.5,,5.2
06-019-0011,8/7/2020,36.78538,-119.77321,26.3,,4.5
06-019-0011,8/8/2020,36.78538,-119.77321,28.7,,5.7
06-019-0011,8/9/2020,36.78538,-119.77321,30.3,,7
06-019-0011,8/10/2020,36.78538,-119.77321,31.3,,9.3
06-019-0011,8/11/2020,36.78538,-119.77321,30.4,,6.6
06-019-0011,8/12/2020,36.78538,-119.77321,29.7,,9.1
06-019-0011,8/13/2020,36.78538,-119.77321,30.6,,11.4
06-019-0011,8/14/2020,36.78538,-119.77321,31.2,,12.2
06-019-0011,8/15/2020,36.78538,-119.77321,34.2,,11.4
06-019-0011,8/16/2020,36.78538,-119.77321,34.6,,12.1
06-019-0011,8/17/2020,36.78538,-119.77321,34.7,,13.5
06-019-0011,8/18/2020,36.78538,-119.77321,33.8,,24.9
06-019-0011,8/19/2020,36.78538,-119.77321,34.5,,30.3
06-019-0011,8/20/2020,36.78538,-119.77321,29.9,,69.5
06-019-0011,8/21/2020,36.78538,-119.77321,28.9,,120.1
06-019-0011,8/22/2020,36.78538,-119.77321,28.2,,140.2
06-019-0011,8/23/2020,36.78538,-119.77321,29.4,,96.8
06-019-0011,8/24/2020,36.78538,-119.77321,30.3,,96.5
06-019-0011,8/25/2020,36.78538,-119.77321,30.3,,32.7
06-019-0011,8/26/2020,36.78538,-119.77321,29.4,,28.4
06-019-0011,8/27/2020,36.78538,-119.77321,28.4,,17.2
06-019-0011,8/28/2020,36.78538,-119.77321,28.6,,19
06-019-0011,8/29/2020,36.78538,-119.77321,29.8,,26.5
06-019-0011,8/30/2020,36.78538,-119.77321,28.2,,34.3
06-019-0011,8/31/2020,36.78538,-119.77321,28.7,,40.7
06-019-0011,9/1/2020,36.78538,-119.77321,27.9,,38
06-019-0011,9/2/2020,36.78538,-119.77321,26.9,,25.7
06-019-0011,9/3/2020,36.78538,-119.77321,26.8,,26.7
06-019-0011,9/4/2020,36.78538,-119.77321,28.9,,26.6
06-019-0011,9/5/2020,36.78538,-119.77321,30.7,,29.1
06-019-0011,9/6/2020,36.78538,-119.77321,31.8,,30.1
06-019-0011,9/7/2020,36.78538,-119.77321,32.3,,39.3
06-019-0011,9/8/2020,36.78538,-119.77321,31.5,,53.4
06-019-0011,9/9/2020,36.78538,-119.77321,28.1,,53.4
06-019-0011,9/10/2020,36.78538,-119.77321,25.1,,33.3
06-019-0011,9/11/2020,36.78538,-119.77321,22.4,,46.5
06-019-0011,9/12/2020,36.78538,-119.77321,22.3,,72.6
06-019-0011,9/13/2020,36.78538,-119.77321,23.3,,135.9
06-019-0011,9/14/2020,36.78538,-119.77321,25.1,,168.6
06-019-0011,9/15/2020,36.78538,-119.77321,25.2,,94.2
06-019-0011,9/16/2020,36.78538,-119.77321,25.3,,86.5
06-019-0011,9/17/2020,36.78538,-119.77321,25.4,,66
06-019-0011,9/18/2020,36.78538,-119.77321,25.7,,11.1
06-019-0011,9/19/2020,36.78538,-119.77321,23.3,,7.7
06-019-0011,9/20/2020,36.78538,-119.77321,24,,27
06-019-0011,9/21/2020,36.78538,-119.77321,25.3,,39.3
06-019-0011,9/22/2020,36.78538,-119.77321,26.2,,28.5
06-019-0011,9/23/2020,36.78538,-119.77321,25.1,,8
06-019-0011,9/24/2020,36.78538,-119.77321,25,,3.4
06-019-0011,9/25/2020,36.78538,-119.77321,24.7,,7.1
06-019-0011,9/26/2020,36.78538,-119.77321,24,,15.5
06-019-0011,9/27/2020,36.78538,-119.77321,25.3,,21
06-019-0011,9/28/2020,36.78538,-119.77321,26.3,,20.9
06-019-0011,9/29/2020,36.78538,-119.77321,28,,29.2
06-019-0011,9/30/2020,36.78538,-119.77321,27.6,,35
06-019-0011,10/1/2020,36.78538,-119.77321,27.3,,50.2
06-019-0011,10/2/2020,36.78538,-119.77321,26.8,,69.8
06-019-0011,10/3/2020,36.78538,-119.77321,26.4,,81.4
06-019-0011,10/4/2020,36.78538,-119.77321,26.7,,61.8
06-019-0011,10/5/2020,36.78538,-119.77321,25.3,,54.3
06-019-0011,10/6/2020,36.78538,-119.77321,25.1,,39.8
06-019-0011,10/7/2020,36.78538,-119.77321,24.1,,36.7
06-019-0011,10/8/2020,36.78538,-119.77321,23.5,,21.5
06-019-0011,10/9/2020,36.78538,-119.77321,19.7,,22.2
06-019-0011,10/10/2020,36.78538,-119.77321,19.9,,8.7
06-019-0011,10/11/2020,36.78538,-119.77321,21.1,,4.4
06-019-0011,10/12/2020,36.78538,-119.77321,21.8,,9.6
06-019-0011,10/13/2020,36.78538,-119.77321,22.9,,15.1
06-019-0011,10/14/2020,36.78538,-119.77321,23.2,,22.7
06-019-0011,10/15/2020,36.78538,-119.77321,23.7,,19.5
06-019-0011,10/17/2020,36.78538,-119.77321,24.3,,30.3
06-019-0011,10/18/2020,36.78538,-119.77321,24.3,,26.7
06-019-0011,10/19/2020,36.78538,-119.77321,23.6,,19.8
06-019-0011,10/20/2020,36.78538,-119.77321,23,,21.2
06-019-0011,10/21/2020,36.78538,-119.77321,22.4,,20.6
06-019-0011,10/22/2020,36.78538,-119.77321,21.7,,20.1
06-019-0011,10/23/2020,36.78538,-119.77321,19.4,,10.1
06-019-0011,10/24/2020,36.78538,-119.77321,19,,12
06-019-0011,10/25/2020,36.78538,-119.77321,17.5,,7.4
06-019-0011,10/26/2020,36.78538,-119.77321,14.1,,11.9
06-019-0011,10/27/2020,36.78538,-119.77321,14.2,,16.8
06-019-0011,10/28/2020,36.78538,-119.77321,15.3,,23.2
06-019-0011,10/29/2020,36.78538,-119.77321,16.6,,18.5
06-019-0011,10/30/2020,36.78538,-119.77321,17,,28.4
06-019-0011,10/31/2020,36.78538,-119.77321,17.7,,49.6
06-019-0011,11/1/2020,36.78538,-119.77321,17.6,,40.3
06-019-0011,11/2/2020,36.78538,-119.77321,18.4,,48.3
06-019-0011,11/3/2020,36.78538,-119.77321,18.1,,46.3
06-019-0011,11/4/2020,36.78538,-119.77321,17.7,,32.7
06-019-0011,11/5/2020,36.78538,-119.77321,17.4,,27.5
06-019-0011,11/6/2020,36.78538,-119.77321,16.6,,15.7
06-019-0011,11/7/2020,36.78538,-119.77321,10.8,,6.6
06-019-0011,11/9/2020,36.78538,-119.77321,6.7,,9.3
06-019-0011,11/10/2020,36.78538,-119.77321,8.2,,19.5
06-019-0011,11/11/2020,36.78538,-119.77321,9.3,,22.5
06-019-0011,11/12/2020,36.78538,-119.77321,11.6,,27.9
06-019-0011,11/13/2020,36.78538,-119.77321,11.6,,26.6
06-019-0011,11/15/2020,36.78538,-119.77321,11.9,,19.5
06-019-0011,11/16/2020,36.78538,-119.77321,13.1,,25.7
06-019-0011,11/17/2020,36.78538,-119.77321,16.5,,11.1
06-019-0011,11/18/2020,36.78538,-119.77321,16.7,,4.7
06-019-0011,11/19/2020,36.78538,-119.77321,13.3,,6.4
06-019-0011,11/20/2020,36.78538,-119.77321,11.2,,17.8
06-019-0011,11/21/2020,36.78538,-119.77321,10.5,,33.6
06-019-0011,11/22/2020,36.78538,-119.77321,10.6,,38.1
06-019-0011,11/23/2020,36.78538,-119.77321,11.5,,28.3
06-019-0011,11/24/2020,36.78538,-119.77321,10.8,,29.3
06-019-0011,11/25/2020,36.78538,-119.77321,10.9,,16.6
06-019-0011,11/26/2020,36.78538,-119.77321,9.6,,23.2
06-019-0011,11/27/2020,36.78538,-119.77321,9.2,,27.6
06-019-0011,11/28/2020,36.78538,-119.77321,9.4,,30.5
06-019-0011,11/29/2020,36.78538,-119.77321,9.2,,39.1
06-019-0011,11/30/2020,36.78538,-119.77321,9.7,,28
06-019-0011,12/1/2020,36.78538,-119.77321,9.9,,30.4
06-019-0011,,,-119.77321,9.7,,35.5
06-019-0011,,,-119.77321,12,,27.2
06-019-0011,,,-119.77321,10.5,,33.9
06-019-0011,,,-119.77321,11.4,,31.2
06-019-0011,,,-119.77321,11.2,,35.3
06-019-0011,,,-119.77321,9,,38.8
06-027-1003,1/1/2016,36.487823,-117.871036,,,2.25
06-027-1003,1/4/2016,36.487823,-117.871036,,,6.565217
06-027-1003,1/7/2016,36.487823,-117.871036,,,2.545833
06-027-1003,1/10/2016,36.487823,-117.871036,,,3.595833
06-027-1003,1/13/2016,36.487823,-117.871036,,,3.208333
06-027-1003,1/16/2016,36.487823,-117.871036,,,2.6
06-027-1003,1/19/2016,36.487823,-117.871036,,,3.257143
06-027-1003,1/22/2016,36.487823,-117.871036,,,2.866667
06-027-1003,1/25/2016,36.487823,-117.871036,,,2.814286
06-027-1003,1/28/2016,36.487823,-117.871036,,,3.695833
06-027-1003,1/31/2016,36.487823,-117.871036,,,2.6375
06-027-1003,2/3/2016,36.487823,-117.871036,,,2.883333
06-027-1003,2/6/2016,36.487823,-117.871036,,,3.533333
06-027-1003,2/9/2016,36.487823,-117.871036,,,2.466667
06-027-1003,2/12/2016,36.487823,-117.871036,,,4.258333
06-027-1003,2/15/2016,36.487823,-117.871036,,,1.8875
06-027-1003,2/18/2016,36.487823,-117.871036,,,3.566667
06-027-1003,2/21/2016,36.487823,-117.871036,,,3.691667
06-027-1003,2/27/2016,36.487823,-117.871036,,,2.866667
06-027-1003,3/1/2016,36.487823,-117.871036,,,3.991667
06-027-1003,3/4/2016,36.487823,-117.871036,,,4.091667
06-027-1003,3/7/2016,36.487823,-117.871036,,,2.654167
06-027-1003,3/10/2016,36.487823,-117.871036,,,2.422727
06-027-1003,3/13/2016,36.487823,-117.871036,,,3.3
06-027-1003,3/16/2016,36.487823,-117.871036,,,3.545833
06-027-1003,3/22/2016,36.487823,-117.871036,,,12.579167
06-027-1003,3/25/2016,36.487823,-117.871036,,,3.283333
06-027-1003,3/28/2016,36.487823,-117.871036,,,15.9
06-027-1003,3/31/2016,36.487823,-117.871036,,,3.359091
06-027-1003,4/3/2016,36.487823,-117.871036,,,4.675
06-027-1003,4/6/2016,36.487823,-117.871036,,,3.6625
06-027-1003,4/9/2016,36.487823,-117.871036,,,2.4875
06-027-1003,4/12/2016,36.487823,-117.871036,,,4.579167
06-027-1003,4/15/2016,36.487823,-117.871036,,,25.475
06-027-1003,4/24/2016,36.487823,-117.871036,,,5.045833
06-027-1003,4/27/2016,36.487823,-117.871036,,,4.909524
06-027-1003,4/30/2016,36.487823,-117.871036,,,5.283333
06-027-1003,5/3/2016,36.487823,-117.871036,,,5.316667
06-027-1003,5/6/2016,36.487823,-117.871036,,,3.870833
06-027-1003,5/9/2016,36.487823,-117.871036,,,4.566667
06-027-1003,5/12/2016,36.487823,-117.871036,,,4.008696
06-027-1003,5/15/2016,36.487823,-117.871036,,,5.316667
06-027-1003,5/18/2016,36.487823,-117.871036,,,3.754167
06-027-1003,5/21/2016,36.487823,-117.871036,,,6.333333
06-027-1003,5/24/2016,36.487823,-117.871036,,,5.231818
06-027-1003,5/30/2016,36.487823,-117.871036,,,9.170833
06-027-1003,6/2/2016,36.487823,-117.871036,,,11.254167
06-027-1003,6/5/2016,36.487823,-117.871036,,,10.720833
06-027-1003,6/8/2016,36.487823,-117.871036,,,10.7125
06-027-1003,6/11/2016,36.487823,-117.871036,,,15.908696
06-027-1003,6/14/2016,36.487823,-117.871036,,,9.454167
06-027-1003,6/17/2016,36.487823,-117.871036,,,5.433333
06-027-1003,6/20/2016,36.487823,-117.871036,,,5.45
06-027-1003,6/23/2016,36.487823,-117.871036,,,3.956522
06-027-1003,6/26/2016,36.487823,-117.871036,,,20.7875
06-027-1003,6/29/2016,36.487823,-117.871036,,,4.665217
06-027-1003,7/2/2016,36.487823,-117.871036,,,16.1625
06-027-1003,7/5/2016,36.487823,-117.871036,,,7.3375
06-027-1003,7/8/2016,36.487823,-117.871036,,,6.1125
06-027-1003,7/11/2016,36.487823,-117.871036,,,4.958333
06-027-1003,7/14/2016,36.487823,-117.871036,,,8.604348
06-027-1003,7/17/2016,36.487823,-117.871036,,,6.704167
06-027-1003,7/20/2016,36.487823,-117.871036,,,4.391667
06-027-1003,7/23/2016,36.487823,-117.871036,,,8.5375
06-027-1003,7/26/2016,36.487823,-117.871036,,,9.5125
06-027-1003,7/29/2016,36.487823,-117.871036,,,10.116667
06-027-1003,8/1/2016,36.487823,-117.871036,,,15.020833
06-027-1003,8/4/2016,36.487823,-117.871036,,,14.091304
06-027-1003,8/7/2016,36.487823,-117.871036,,,6.6
06-027-1003,8/10/2016,36.487823,-117.871036,,,6.377273
06-027-1003,8/13/2016,36.487823,-117.871036,,,5.05
06-027-1003,8/16/2016,36.487823,-117.871036,,,4.379167
06-027-1003,8/19/2016,36.487823,-117.871036,,,5.7375
06-027-1003,8/22/2016,36.487823,-117.871036,,,14.716667
06-027-1003,8/25/2016,36.487823,-117.871036,,,27.870833
06-027-1003,8/28/2016,36.487823,-117.871036,,,21.529167
06-027-1003,8/31/2016,36.487823,-117.871036,,,8.366667
06-027-1003,9/3/2016,36.487823,-117.871036,,,6.004167
06-027-1003,9/6/2016,36.487823,-117.871036,,,7.566667
06-027-1003,9/9/2016,36.487823,-117.871036,,,11.716667
06-027-1003,9/15/2016,36.487823,-117.871036,,,5.638095
06-027-1003,9/18/2016,36.487823,-117.871036,,,4.379167
06-027-1003,9/24/2016,36.487823,-117.871036,,,3.2625
06-027-1003,9/27/2016,36.487823,-117.871036,,,4.516667
06-027-1003,9/30/2016,36.487823,-117.871036,,,8.175
06-027-1003,10/6/2016,36.487823,-117.871036,,,3.521739
06-027-1003,10/9/2016,36.487823,-117.871036,,,4.683333
06-027-1003,10/12/2016,36.487823,-117.871036,,,4.820833
06-027-1003,10/15/2016,36.487823,-117.871036,,,7.016667
06-027-1003,10/21/2016,36.487823,-117.871036,,,4.791667
06-027-1003,10/24/2016,36.487823,-117.871036,,,5.675
06-027-1003,10/27/2016,36.487823,-117.871036,,,5.981818
06-027-1003,10/30/2016,36.487823,-117.871036,,,6.645833
06-027-1003,11/2/2016,36.487823,-117.871036,,,1.770833
06-027-1003,11/5/2016,36.487823,-117.871036,,,4.9
06-027-1003,11/8/2016,36.487823,-117.871036,,,6.125
06-027-1003,11/11/2016,36.487823,-117.871036,,,4.433333
06-027-1003,11/14/2016,36.487823,-117.871036,,,7.75
06-027-1003,11/17/2016,36.487823,-117.871036,,,4.1625
06-027-1003,11/20/2016,36.487823,-117.871036,,,4.4625
06-027-1003,11/23/2016,36.487823,-117.871036,,,6.083333
06-027-1003,11/26/2016,36.487823,-117.871036,,,7.7375
06-027-1003,11/29/2016,36.487823,-117.871036,,,2.45
06-027-1003,12/2/2016,36.487823,-117.871036,,,13.945833
06-027-1003,12/5/2016,36.487823,-117.871036,,,4.725
06-027-1003,12/8/2016,36.487823,-117.871036,,,4.933333
06-027-1003,12/11/2016,36.487823,-117.871036,,,3.233333
06-027-1003,12/14/2016,36.487823,-117.871036,,,3.966667
06-027-1003,12/17/2016,36.487823,-117.871036,,,5.225
06-027-1003,12/20/2016,36.487823,-117.871036,,,4.3625
06-027-1003,12/23/2016,36.487823,-117.871036,,,3.695833
06-027-1003,12/26/2016,36.487823,-117.871036,,,4.020833
06-027-1003,12/29/2016,36.487823,-117.871036,,,6.104167
06-027-1003,1/13/2017,36.487823,-117.871036,,,4.3
06-027-1003,1/16/2017,36.487823,-117.871036,,,5.3
06-027-1003,1/19/2017,36.487823,-117.871036,,,2.3
06-027-1003,1/25/2017,36.487823,-117.871036,,,2.7
06-027-1003,1/28/2017,36.487823,-117.871036,,,3.3
06-027-1003,1/31/2017,36.487823,-117.871036,,,5
06-027-1003,2/3/2017,36.487823,-117.871036,,,2
06-027-1003,2/6/2017,36.487823,-117.871036,,,1.1
06-027-1003,2/9/2017,36.487823,-117.871036,,,3
06-027-1003,2/12/2017,36.487823,-117.871036,,,10.9
06-027-1003,2/15/2017,36.487823,-117.871036,,,3
06-027-1003,2/18/2017,36.487823,-117.871036,,,1.8
06-027-1003,2/21/2017,36.487823,-117.871036,,,2.7
06-027-1003,3/2/2017,36.487823,-117.871036,,,2.1
06-027-1003,3/5/2017,36.487823,-117.871036,,,17.7
06-027-1003,3/8/2017,36.487823,-117.871036,,,3
06-027-1003,3/11/2017,36.487823,-117.871036,,,2.9
06-027-1003,3/14/2017,36.487823,-117.871036,,,2.9
06-027-1003,3/17/2017,36.487823,-117.871036,,,4.2
06-027-1003,3/20/2017,36.487823,-117.871036,,,4.9
06-027-1003,3/23/2017,36.487823,-117.871036,,,4.3
06-027-1003,3/26/2017,36.487823,-117.871036,,,2.4
06-027-1003,3/29/2017,36.487823,-117.871036,,,5.6
06-027-1003,4/1/2017,36.487823,-117.871036,,,26.9
06-027-1003,4/4/2017,36.487823,-117.871036,,,5
06-027-1003,4/7/2017,36.487823,-117.871036,,,18.5
06-027-1003,4/10/2017,36.487823,-117.871036,,,5.5
06-027-1003,4/16/2017,36.487823,-117.871036,,,6.8
06-027-1003,4/19/2017,36.487823,-117.871036,,,4.4
06-027-1003,4/22/2017,36.487823,-117.871036,,,8.9
06-027-1003,4/25/2017,36.487823,-117.871036,,,5.1
06-027-1003,4/28/2017,36.487823,-117.871036,,,16.4
06-027-1003,5/1/2017,36.487823,-117.871036,,,6.5
06-027-1003,5/4/2017,36.487823,-117.871036,,,7.6
06-027-1003,5/7/2017,36.487823,-117.871036,,,3.5
06-027-1003,5/10/2017,36.487823,-117.871036,,,11.4
06-027-1003,5/13/2017,36.487823,-117.871036,,,5.7
06-027-1003,5/16/2017,36.487823,-117.871036,,,3.4
06-027-1003,5/19/2017,36.487823,-117.871036,,,1.8
06-027-1003,5/22/2017,36.487823,-117.871036,,,5.4
06-027-1003,5/25/2017,36.487823,-117.871036,,,3.8
06-027-1003,5/28/2017,36.487823,-117.871036,,,3.4
06-027-1003,5/31/2017,36.487823,-117.871036,,,6.3
06-027-1003,6/3/2017,36.487823,-117.871036,,,7.6
06-027-1003,6/6/2017,36.487823,-117.871036,,,6.8
06-027-1003,6/21/2017,36.487823,-117.871036,,,10.8
06-027-1003,6/24/2017,36.487823,-117.871036,,,8.6
06-027-1003,6/27/2017,36.487823,-117.871036,,,5
06-027-1003,6/30/2017,36.487823,-117.871036,,,12.3
06-027-1003,7/3/2017,36.487823,-117.871036,,,11.1
06-027-1003,7/9/2017,36.487823,-117.871036,,,17.3
06-027-1003,7/15/2017,36.487823,-117.871036,,,13
06-027-1003,7/18/2017,36.487823,-117.871036,,,8.5
06-027-1003,7/21/2017,36.487823,-117.871036,,,10
06-027-1003,7/24/2017,36.487823,-117.871036,,,9.9
06-027-1003,7/30/2017,36.487823,-117.871036,,,4.2
06-027-1003,8/2/2017,36.487823,-117.871036,,,7.1
06-027-1003,8/5/2017,36.487823,-117.871036,,,12.6
06-027-1003,8/8/2017,36.487823,-117.871036,,,6.6
06-027-1003,8/11/2017,36.487823,-117.871036,,,7.3
06-027-1003,8/14/2017,36.487823,-117.871036,,,13.3
06-027-1003,8/17/2017,36.487823,-117.871036,,,6
06-027-1003,8/20/2017,36.487823,-117.871036,,,8.5
06-027-1003,8/23/2017,36.487823,-117.871036,,,4.6
06-027-1003,8/26/2017,36.487823,-117.871036,,,4.6
06-027-1003,8/29/2017,36.487823,-117.871036,,,9.6
06-027-1003,9/1/2017,36.487823,-117.871036,,,8.8
06-027-1003,9/4/2017,36.487823,-117.871036,,,7
06-027-1003,9/7/2017,36.487823,-117.871036,,,6.6
06-027-1003,9/10/2017,36.487823,-117.871036,,,3.8
06-027-1003,9/13/2017,36.487823,-117.871036,,,3.4
06-027-1003,9/16/2017,36.487823,-117.871036,,,11.4
06-027-1003,9/19/2017,36.487823,-117.871036,,,9
06-027-1003,9/22/2017,36.487823,-117.871036,,,2.5
06-027-1003,9/25/2017,36.487823,-117.871036,,,3.5
06-027-1003,10/4/2017,36.487823,-117.871036,,,8
06-027-1003,10/7/2017,36.487823,-117.871036,,,4.9
06-027-1003,10/10/2017,36.487823,-117.871036,,,3
06-027-1003,10/13/2017,36.487823,-117.871036,,,15.5
06-027-1003,10/16/2017,36.487823,-117.871036,,,7.3
06-027-1003,10/22/2017,36.487823,-117.871036,,,3.9
06-027-1003,10/28/2017,36.487823,-117.871036,,,3.3
06-027-1003,10/31/2017,36.487823,-117.871036,,,8
06-027-1003,11/3/2017,36.487823,-117.871036,,,6.1
06-027-1003,11/6/2017,36.487823,-117.871036,,,2.8
06-027-1003,11/9/2017,36.487823,-117.871036,,,4.4
06-027-1003,11/12/2017,36.487823,-117.871036,,,5.5
06-027-1003,11/15/2017,36.487823,-117.871036,,,5
06-027-1003,11/18/2017,36.487823,-117.871036,,,4.1
06-027-1003,11/21/2017,36.487823,-117.871036,,,5.4
06-027-1003,11/24/2017,36.487823,-117.871036,,,3.8
06-027-1003,11/27/2017,36.487823,-117.871036,,,61
06-027-1003,11/30/2017,36.487823,-117.871036,,,3.5
06-027-1003,12/6/2017,36.487823,-117.871036,,,3.3
06-027-1003,12/15/2017,36.487823,-117.871036,,,4.1
06-027-1003,12/21/2017,36.487823,-117.871036,,,40.3
06-027-1003,12/24/2017,36.487823,-117.871036,,,7.1
06-027-1003,12/27/2017,36.487823,-117.871036,,,3.7
06-027-1003,12/30/2017,36.487823,-117.871036,,,5
06-027-1003,1/2/2018,36.487823,-117.871036,,,4.947826
06-027-1003,1/5/2018,36.487823,-117.871036,,,3.670833
06-027-1003,1/8/2018,36.487823,-117.871036,,,2.883333
06-027-1003,1/11/2018,36.487823,-117.871036,,,6.741667
06-027-1003,1/17/2018,36.487823,-117.871036,,,4.941667
06-027-1003,1/20/2018,36.487823,-117.871036,,,7.9
06-027-1003,1/23/2018,36.487823,-117.871036,,,2.8875
06-027-1003,1/26/2018,36.487823,-117.871036,,,2.7
06-027-1003,1/29/2018,36.487823,-117.871036,,,7.195833
06-027-1003,2/7/2018,36.487823,-117.871036,,,6.704545
06-027-1003,2/10/2018,36.487823,-117.871036,,,19.595833
06-027-1003,2/13/2018,36.487823,-117.871036,,,3.258333
06-027-1003,2/16/2018,36.487823,-117.871036,,,3.170833
06-027-1003,2/19/2018,36.487823,-117.871036,,,3.491667
06-027-1003,2/25/2018,36.487823,-117.871036,,,2.558333
06-027-1003,2/28/2018,36.487823,-117.871036,,,3.778261
06-027-1003,3/4/2018,36.487823,-117.871036,,,1.641667
06-027-1003,3/7/2018,36.487823,-117.871036,,,2
06-027-1003,3/9/2018,36.487823,-117.871036,,,3.1375
06-027-1003,3/12/2018,36.487823,-117.871036,,,2.109524
06-027-1003,3/15/2018,36.487823,-117.871036,,,2.491667
06-027-1003,3/18/2018,36.487823,-117.871036,,,1.895833
06-027-1003,3/21/2018,36.487823,-117.871036,,,2.991667
06-027-1003,3/24/2018,36.487823,-117.871036,,,3.4375
06-027-1003,3/27/2018,36.487823,-117.871036,,,13.495833
06-027-1003,4/2/2018,36.487823,-117.871036,,,5.825
06-027-1003,4/5/2018,36.487823,-117.871036,,,6.008333
06-027-1003,4/8/2018,36.487823,-117.871036,,,6.172727
06-027-1003,4/11/2018,36.487823,-117.871036,,,7.5875
06-027-1003,4/17/2018,36.487823,-117.871036,,,2.591667
06-027-1003,4/20/2018,36.487823,-117.871036,,,19.55
06-027-1003,4/23/2018,36.487823,-117.871036,,,7.979167
06-027-1003,4/29/2018,36.487823,-117.871036,,,21.270833
06-027-1003,5/5/2018,36.487823,-117.871036,,,5.0125
06-027-1003,5/8/2018,36.487823,-117.871036,,,5.913043
06-027-1003,5/11/2018,36.487823,-117.871036,,,152.233333
06-027-1003,5/17/2018,36.487823,-117.871036,,,5.958333
06-027-1003,5/23/2018,36.487823,-117.871036,,,6.171429
06-027-1003,5/26/2018,36.487823,-117.871036,,,5.0625
06-027-1003,5/29/2018,36.487823,-117.871036,,,6.183333
06-027-1003,6/1/2018,36.487823,-117.871036,,,6.358333
06-027-1003,6/4/2018,36.487823,-117.871036,,,7.929167
06-027-1003,6/7/2018,36.487823,-117.871036,,,8.920833
06-027-1003,6/10/2018,36.487823,-117.871036,,,8.2875
06-027-1003,6/13/2018,36.487823,-117.871036,,,8.733333
06-027-1003,6/16/2018,36.487823,-117.871036,,,5.5875
06-027-1003,6/22/2018,36.487823,-117.871036,,,4.608333
06-027-1003,6/25/2018,36.487823,-117.871036,,,10.2375
06-027-1003,6/28/2018,36.487823,-117.871036,,,6.808333
06-027-1003,7/1/2018,36.487823,-117.871036,,,6.908333
06-027-1003,7/4/2018,36.487823,-117.871036,,,12.043478
06-027-1003,7/7/2018,36.487823,-117.871036,,,9.804167
06-027-1003,7/10/2018,36.487823,-117.871036,,,15.2
06-027-1003,7/13/2018,36.487823,-117.871036,,,5.379167
06-027-1003,7/16/2018,36.487823,-117.871036,,,9.682609
06-027-1003,7/19/2018,36.487823,-117.871036,,,11.095833
06-027-1003,7/22/2018,36.487823,-117.871036,,,6.154167
06-027-1003,7/25/2018,36.487823,-117.871036,,,10.929167
06-027-1003,7/28/2018,36.487823,-117.871036,,,25.041667
06-027-1003,7/31/2018,36.487823,-117.871036,,,16.841667
06-027-1003,8/3/2018,36.487823,-117.871036,,,33.866667
06-027-1003,8/6/2018,36.487823,-117.871036,,,35.3375
06-027-1003,8/9/2018,36.487823,-117.871036,,,15.941667
06-027-1003,8/12/2018,36.487823,-117.871036,,,20.8875
06-027-1003,8/15/2018,36.487823,-117.871036,,,7.7875
06-027-1003,8/18/2018,36.487823,-117.871036,,,11.358333
06-027-1003,8/21/2018,36.487823,-117.871036,,,4.454167
06-027-1003,8/24/2018,36.487823,-117.871036,,,7.558333
06-027-1003,8/27/2018,36.487823,-117.871036,,,10.3
06-027-1003,9/2/2018,36.487823,-117.871036,,,5.9
06-027-1003,9/5/2018,36.487823,-117.871036,,,3.241667
06-027-1003,9/8/2018,36.487823,-117.871036,,,4.2375
06-027-1003,9/11/2018,36.487823,-117.871036,,,5.754545
06-027-1003,9/14/2018,36.487823,-117.871036,,,1.795833
06-027-1003,9/17/2018,36.487823,-117.871036,,,2.295833
06-027-1003,9/20/2018,36.487823,-117.871036,,,3.416667
06-027-1003,9/23/2018,36.487823,-117.871036,,,6.545833
06-027-1003,9/26/2018,36.487823,-117.871036,,,3.054167
06-027-1003,9/29/2018,36.487823,-117.871036,,,3.104167
06-027-1003,10/2/2018,36.487823,-117.871036,,,4.108333
06-027-1003,10/5/2018,36.487823,-117.871036,,,2.304167
06-027-1003,10/8/2018,36.487823,-117.871036,,,3.0375
06-027-1003,10/11/2018,36.487823,-117.871036,,,5.763636
06-027-1003,10/14/2018,36.487823,-117.871036,,,4.65
06-027-1003,10/17/2018,36.487823,-117.871036,,,1.563636
06-027-1003,10/20/2018,36.487823,-117.871036,,,2.129167
06-027-1003,10/23/2018,36.487823,-117.871036,,,4.475
06-027-1003,10/26/2018,36.487823,-117.871036,,,4.6875
06-027-1003,10/29/2018,36.487823,-117.871036,,,7.433333
06-027-1003,11/1/2018,36.487823,-117.871036,,,2.691667
06-027-1003,11/4/2018,36.487823,-117.871036,,,2.35
06-027-1003,11/7/2018,36.487823,-117.871036,,,3.7875
06-027-1003,11/10/2018,36.487823,-117.871036,,,6.8125
06-027-1003,11/13/2018,36.487823,-117.871036,,,3.933333
06-027-1003,11/16/2018,36.487823,-117.871036,,,5.116667
06-027-1003,11/19/2018,36.487823,-117.871036,,,7.0875
06-027-1003,11/22/2018,36.487823,-117.871036,,,3.5875
06-027-1003,12/1/2018,36.487823,-117.871036,,,2.791667
06-027-1003,12/4/2018,36.487823,-117.871036,,,2.820833
06-027-1003,12/7/2018,36.487823,-117.871036,,,3.0625
06-027-1003,12/10/2018,36.487823,-117.871036,,,8.109091
06-027-1003,12/13/2018,36.487823,-117.871036,,,3.770833
06-027-1003,12/16/2018,36.487823,-117.871036,,,6.779167
06-027-1003,12/19/2018,36.487823,-117.871036,,,4.783333
06-027-1003,12/22/2018,36.487823,-117.871036,,,2.475
06-027-1003,12/25/2018,36.487823,-117.871036,,,5.0875
06-027-1003,12/28/2018,36.487823,-117.871036,,,16.7625
06-027-1003,12/31/2018,36.487823,-117.871036,,,9.879167
06-027-1003,1/3/2019,36.487823,-117.871036,,,2
06-027-1003,1/6/2019,36.487823,-117.871036,,,5.3
06-027-1003,1/9/2019,36.487823,-117.871036,,,6.2
06-027-1003,1/12/2019,36.487823,-117.871036,,,2.9
06-027-1003,1/15/2019,36.487823,-117.871036,,,2.2
06-027-1003,1/18/2019,36.487823,-117.871036,,,1.7
06-027-1003,1/21/2019,36.487823,-117.871036,,,8.6
06-027-1003,1/24/2019,36.487823,-117.871036,,,2.9
06-027-1003,1/27/2019,36.487823,-117.871036,,,2.6
06-027-1003,1/30/2019,36.487823,-117.871036,,,2.3
06-027-1003,2/2/2019,36.487823,-117.871036,,,2.4
06-027-1003,2/5/2019,36.487823,-117.871036,,,2.1
06-027-1003,2/8/2019,36.487823,-117.871036,,,2.2
06-027-1003,2/11/2019,36.487823,-117.871036,,,2.1
06-027-1003,2/14/2019,36.487823,-117.871036,,,1.1
06-027-1003,2/17/2019,36.487823,-117.871036,,,2.8
06-027-1003,2/20/2019,36.487823,-117.871036,,,4
06-027-1003,2/23/2019,36.487823,-117.871036,,,3.5
06-027-1003,2/26/2019,36.487823,-117.871036,,,4.3
06-027-1003,3/1/2019,36.487823,-117.871036,,,2.8
06-027-1003,3/4/2019,36.487823,-117.871036,,,1.4
06-027-1003,3/7/2019,36.487823,-117.871036,,,1.6
06-027-1003,3/10/2019,36.487823,-117.871036,,,2
06-027-1003,3/13/2019,36.487823,-117.871036,,,26.4
06-027-1003,3/16/2019,36.487823,-117.871036,,,2.1
06-027-1003,3/19/2019,36.487823,-117.871036,,,3.9
06-027-1003,3/22/2019,36.487823,-117.871036,,,1.8
06-027-1003,3/25/2019,36.487823,-117.871036,,,9.3
06-027-1003,3/28/2019,36.487823,-117.871036,,,4.4
06-027-1003,3/31/2019,36.487823,-117.871036,,,2.9
06-027-1003,4/3/2019,36.487823,-117.871036,,,3
06-027-1003,4/6/2019,36.487823,-117.871036,,,2.3
06-027-1003,4/9/2019,36.487823,-117.871036,,,63.4
06-027-1003,4/12/2019,36.487823,-117.871036,,,0.4
06-027-1003,4/15/2019,36.487823,-117.871036,,,5.7
06-027-1003,4/18/2019,36.487823,-117.871036,,,2.5
06-027-1003,4/21/2019,36.487823,-117.871036,,,7.1
06-027-1003,4/24/2019,36.487823,-117.871036,,,2.2
06-027-1003,4/27/2019,36.487823,-117.871036,,,4.3
06-027-1003,4/30/2019,36.487823,-117.871036,,,16.2
06-027-1003,5/3/2019,36.487823,-117.871036,,,6.6
06-027-1003,5/6/2019,36.487823,-117.871036,,,7.1
06-027-1003,5/9/2019,36.487823,-117.871036,,,5.2
06-027-1003,5/12/2019,36.487823,-117.871036,,,4.7
06-027-1003,5/15/2019,36.487823,-117.871036,,,6
06-027-1003,5/18/2019,36.487823,-117.871036,,,4.8
06-027-1003,5/21/2019,36.487823,-117.871036,,,7
06-027-1003,5/24/2019,36.487823,-117.871036,,,2.7
06-027-1003,5/27/2019,36.487823,-117.871036,,,1.8
06-027-1003,5/30/2019,36.487823,-117.871036,,,5.3
06-027-1003,6/2/2019,36.487823,-117.871036,,,4.2
06-027-1003,6/5/2019,36.487823,-117.871036,,,5.2
06-027-1003,6/8/2019,36.487823,-117.871036,,,5.4
06-027-1003,6/11/2019,36.487823,-117.871036,,,10.3
06-027-1003,6/14/2019,36.487823,-117.871036,,,12.4
06-027-1003,6/17/2019,36.487823,-117.871036,,,5.9
06-027-1003,6/20/2019,36.487823,-117.871036,,,7.2
06-027-1003,6/23/2019,36.487823,-117.871036,,,4.2
06-027-1003,6/26/2019,36.487823,-117.871036,,,7.1
06-027-1003,6/29/2019,36.487823,-117.871036,,,4.6
06-027-1003,7/3/2019,36.487823,-117.871036,,,5
06-027-1003,7/5/2019,36.487823,-117.871036,,,6.1
06-027-1003,7/8/2019,36.487823,-117.871036,,,6.8
06-027-1003,7/11/2019,36.487823,-117.871036,,,5.4
06-027-1003,7/14/2019,36.487823,-117.871036,,,4.2
06-027-1003,7/17/2019,36.487823,-117.871036,,,5.7
06-027-1003,7/20/2019,36.487823,-117.871036,,,6.7
06-027-1003,7/23/2019,36.487823,-117.871036,,,7.4
06-027-1003,7/26/2019,36.487823,-117.871036,,,7.4
06-027-1003,7/29/2019,36.487823,-117.871036,,,2.9
06-027-1003,8/1/2019,36.487823,-117.871036,,,4.1
06-027-1003,8/4/2019,36.487823,-117.871036,,,4.1
06-027-1003,8/7/2019,36.487823,-117.871036,,,6.4
06-027-1003,8/10/2019,36.487823,-117.871036,,,2.8
06-027-1003,8/13/2019,36.487823,-117.871036,,,3.2
06-027-1003,8/16/2019,36.487823,-117.871036,,,6.6
06-027-1003,8/19/2019,36.487823,-117.871036,,,4.3
06-027-1003,8/22/2019,36.487823,-117.871036,,,7.3
06-027-1003,8/25/2019,36.487823,-117.871036,,,6
06-027-1003,8/28/2019,36.487823,-117.871036,,,5.7
06-027-1003,8/31/2019,36.487823,-117.871036,,,5.2
06-027-1003,9/3/2019,36.487823,-117.871036,,,6.3
06-027-1003,9/6/2019,36.487823,-117.871036,,,8.7
06-027-1003,9/9/2019,36.487823,-117.871036,,,6.4
06-027-1003,9/12/2019,36.487823,-117.871036,,,5.8
06-027-1003,9/15/2019,36.487823,-117.871036,,,6.4
06-027-1003,9/18/2019,36.487823,-117.871036,,,4.1
06-027-1003,9/19/2019,36.487823,-117.871036,,,6.3
06-027-1003,9/21/2019,36.487823,-117.871036,,,2.6
06-027-1003,9/24/2019,36.487823,-117.871036,,,3.1
06-027-1003,9/27/2019,36.487823,-117.871036,,,8.8
06-027-1003,9/30/2019,36.487823,-117.871036,,,4.2
06-027-1003,10/3/2019,36.487823,-117.871036,,,3.7
06-027-1003,10/6/2019,36.487823,-117.871036,,,3.5
06-027-1003,10/9/2019,36.487823,-117.871036,,,28.6
06-027-1003,10/12/2019,36.487823,-117.871036,,,2
06-027-1003,10/15/2019,36.487823,-117.871036,,,3.5
06-027-1003,10/18/2019,36.487823,-117.871036,,,2.7
06-027-1003,10/21/2019,36.487823,-117.871036,,,1.5
06-027-1003,10/24/2019,36.487823,-117.871036,,,2
06-027-1003,10/27/2019,36.487823,-117.871036,,,37.8
06-027-1003,10/30/2019,36.487823,-117.871036,,,9.5
06-027-1003,11/2/2019,36.487823,-117.871036,,,4.6
06-027-1003,11/5/2019,36.487823,-117.871036,,,5.8
06-027-1003,11/8/2019,36.487823,-117.871036,,,3.7
06-027-1003,11/11/2019,36.487823,-117.871036,,,3.2
06-027-1003,11/14/2019,36.487823,-117.871036,,,3.5
06-027-1003,11/17/2019,36.487823,-117.871036,,,2.8
06-027-1003,11/20/2019,36.487823,-117.871036,,,3.8
06-027-1003,11/23/2019,36.487823,-117.871036,,,6.8
06-027-1003,11/26/2019,36.487823,-117.871036,,,2.6
06-027-1003,11/29/2019,36.487823,-117.871036,,,4.3
06-027-1003,12/2/2019,36.487823,-117.871036,,,8.4
06-027-1003,12/5/2019,36.487823,-117.871036,,,6.3
06-027-1003,12/8/2019,36.487823,-117.871036,,,2.2
06-027-1003,12/11/2019,36.487823,-117.871036,,,3.9
06-027-1003,12/14/2019,36.487823,-117.871036,,,2.5
06-027-1003,12/17/2019,36.487823,-117.871036,,,3.9
06-027-1003,12/20/2019,36.487823,-117.871036,,,6.8
06-027-1003,12/23/2019,36.487823,-117.871036,,,2.5
06-027-1003,12/26/2019,36.487823,-117.871036,,,1.9
06-027-1003,12/29/2019,36.487823,-117.871036,,,3.7
06-027-1003,1/1/2020,36.487823,-117.871036,,,3.8
06-027-1003,1/4/2020,36.487823,-117.871036,,,3.5
06-027-1003,1/7/2020,36.487823,-117.871036,,,3.5
06-027-1003,1/10/2020,36.487823,-117.871036,,,4.2
06-027-1003,1/13/2020,36.487823,-117.871036,,,6.2
06-027-1003,1/16/2020,36.487823,-117.871036,,,4.7
06-027-1003,1/19/2020,36.487823,-117.871036,,,3.6
06-027-1003,1/22/2020,36.487823,-117.871036,,,4.7
06-027-1003,1/25/2020,36.487823,-117.871036,,,4.3
06-027-1003,1/28/2020,36.487823,-117.871036,,,3.7
06-027-1003,1/31/2020,36.487823,-117.871036,,,2.9
06-027-1003,2/3/2020,36.487823,-117.871036,,,15
06-027-1003,2/6/2020,36.487823,-117.871036,,,1.1
06-027-1003,2/9/2020,36.487823,-117.871036,,,10.5
06-027-1003,2/12/2020,36.487823,-117.871036,,,3
06-027-1003,2/15/2020,36.487823,-117.871036,,,3.9
06-027-1003,2/18/2020,36.487823,-117.871036,,,5.2
06-027-1003,2/21/2020,36.487823,-117.871036,,,4
06-027-1003,2/24/2020,36.487823,-117.871036,,,3.3
06-027-1003,2/27/2020,36.487823,-117.871036,,,4.2
06-027-1003,3/1/2020,36.487823,-117.871036,,,3.1
06-027-1003,3/4/2020,36.487823,-117.871036,,,2.4
06-027-1003,3/7/2020,36.487823,-117.871036,,,3.8
06-027-1003,3/10/2020,36.487823,-117.871036,,,3
06-027-1003,3/13/2020,36.487823,-117.871036,,,2.9
06-027-1003,3/16/2020,36.487823,-117.871036,,,2.6
06-027-1003,3/19/2020,36.487823,-117.871036,,,2.6
06-027-1003,3/22/2020,36.487823,-117.871036,,,2.6
06-027-1003,3/25/2020,36.487823,-117.871036,,,4.1
06-027-1003,3/28/2020,36.487823,-117.871036,,,3.6
06-027-1003,3/31/2020,36.487823,-117.871036,,,3.4
06-027-1003,4/3/2020,36.487823,-117.871036,,,5.5
06-027-1003,4/6/2020,36.487823,-117.871036,,,0.4
06-027-1003,4/9/2020,36.487823,-117.871036,,,2.4
06-027-1003,4/12/2020,36.487823,-117.871036,,,3.4
06-027-1003,4/15/2020,36.487823,-117.871036,,,3.1
06-027-1003,4/18/2020,36.487823,-117.871036,,,2.9
06-027-1003,4/21/2020,36.487823,-117.871036,,,4.1
06-027-1003,4/24/2020,36.487823,-117.871036,,,4.2
06-027-1003,4/27/2020,36.487823,-117.871036,,,5.2
06-027-1003,4/30/2020,36.487823,-117.871036,,,5.7
06-027-1003,5/24/2020,36.487823,-117.871036,,,2.3
06-027-1003,5/27/2020,36.487823,-117.871036,,,6.9
06-027-1003,5/30/2020,36.487823,-117.871036,,,4.2
06-027-1003,6/2/2020,36.487823,-117.871036,,,4.8
06-027-1003,6/5/2020,36.487823,-117.871036,,,7
06-027-1003,6/8/2020,36.487823,-117.871036,,,3.9
06-027-1003,6/11/2020,36.487823,-117.871036,,,7.6
06-027-1003,6/14/2020,36.487823,-117.871036,,,2.4
06-027-1003,6/17/2020,36.487823,-117.871036,,,10
06-027-1003,6/20/2020,36.487823,-117.871036,,,8
06-027-1003,6/23/2020,36.487823,-117.871036,,,8.2
06-027-1003,6/26/2020,36.487823,-117.871036,,,6.5
06-027-1003,6/29/2020,36.487823,-117.871036,,,14.1
06-027-1003,7/2/2020,36.487823,-117.871036,,,8.9
06-027-1003,7/5/2020,36.487823,-117.871036,,,5.5
06-027-1003,7/11/2020,36.487823,-117.871036,,,7.1
06-027-1003,7/14/2020,36.487823,-117.871036,,,7
06-027-1003,7/17/2020,36.487823,-117.871036,,,5.4
06-027-1003,7/20/2020,36.487823,-117.871036,,,5.5
06-027-1003,7/23/2020,36.487823,-117.871036,,,6.4
06-027-1003,7/26/2020,36.487823,-117.871036,,,5.4
06-027-1003,7/29/2020,36.487823,-117.871036,,,7.4
06-027-1003,8/1/2020,36.487823,-117.871036,,,5.7
06-027-1003,8/4/2020,36.487823,-117.871036,,,7.9
06-027-1003,8/7/2020,36.487823,-117.871036,,,10.1
06-027-1003,8/10/2020,36.487823,-117.871036,,,5.4
06-027-1003,8/13/2020,36.487823,-117.871036,,,4
06-027-1003,8/16/2020,36.487823,-117.871036,,,5.8
06-027-1003,8/19/2020,36.487823,-117.871036,,,10.6
06-027-1003,8/22/2020,36.487823,-117.871036,,,31.7
06-027-1003,8/25/2020,36.487823,-117.871036,,,20
06-027-1003,8/28/2020,36.487823,-117.871036,,,14
06-027-1003,8/31/2020,36.487823,-117.871036,,,39.6
06-027-1003,9/3/2020,36.487823,-117.871036,,,27.2
06-027-1003,9/6/2020,36.487823,-117.871036,,,114.5
06-027-1003,9/9/2020,36.487823,-117.871036,,,7
06-027-1003,9/12/2020,36.487823,-117.871036,,,7.2
06-027-1003,9/15/2020,36.487823,-117.871036,,,33.3
06-027-1003,9/18/2020,36.487823,-117.871036,,,99.9
06-027-1003,9/21/2020,36.487823,-117.871036,,,30
06-027-1003,9/24/2020,36.487823,-117.871036,,,103.8
06-027-1003,9/27/2020,36.487823,-117.871036,,,14.5
06-027-1003,9/30/2020,36.487823,-117.871036,,,20.4
06-027-1003,10/3/2020,36.487823,-117.871036,,,6.6
06-027-1003,10/6/2020,36.487823,-117.871036,,,35.7
06-027-1003,10/9/2020,36.487823,-117.871036,,,16.8
06-027-1003,10/12/2020,36.487823,-117.871036,,,15.4
06-027-1003,10/15/2020,36.487823,-117.871036,,,12.5
06-027-1003,10/18/2020,36.487823,-117.871036,,,39.5
06-027-1003,10/21/2020,36.487823,-117.871036,,,25.8
06-027-1003,10/24/2020,36.487823,-117.871036,,,13.4
06-027-1003,10/27/2020,36.487823,-117.871036,,,15.6
06-027-1003,10/30/2020,36.487823,-117.871036,,,2.6
06-027-1003,11/2/2020,36.487823,-117.871036,,,4.1
06-027-1003,11/5/2020,36.487823,-117.871036,,,8.1
06-027-1003,11/8/2020,36.487823,-117.871036,,,4.6
06-027-1003,11/11/2020,36.487823,-117.871036,,,3.3
06-027-1003,11/14/2020,36.487823,-117.871036,,,3.5
06-027-1003,11/17/2020,36.487823,-117.871036,,,6.5
06-027-1003,11/20/2020,36.487823,-117.871036,,,3.8
06-027-1003,11/23/2020,36.487823,-117.871036,,,4.2
06-027-1003,11/26/2020,36.487823,-117.871036,,,6.2
06-027-1003,11/29/2020,36.487823,-117.871036,,,7.4
06-027-1003,12/2/2020,36.487823,-117.871036,,,3.8
06-027-1003,12/5/2020,36.487823,-117.871036,,,4.3
06-027-1003,12/8/2020,36.487823,-117.871036,,,3.7
06-027-1003,12/11/2020,36.487823,-117.871036,,,4.2
06-027-1003,12/14/2020,36.487823,-117.871036,,,5.8
06-027-1003,12/17/2020,36.487823,-117.871036,,,5.4
06-027-1003,12/20/2020,36.487823,-117.871036,,,4.5
06-027-1003,12/23/2020,36.487823,-117.871036,,,2.5
06-027-1003,12/26/2020,36.487823,-117.871036,,,3.8
06-027-1003,12/29/2020,36.487823,-117.871036,,,3.5
06-057-0005,12/9/2017,39.233477,-121.055608,14.4,,1.4
06-057-0005,12/27/2017,39.233477,-121.055608,10,,1.6
06-057-0005,1/2/2018,39.233477,-121.055608,15.9,,-1.636364
06-057-0005,1/8/2018,39.233477,-121.055608,9.8,,0.083333
06-057-0005,1/14/2018,39.233477,-121.055608,15.4,,-0.25
06-057-0005,1/20/2018,39.233477,-121.055608,4.2,,1.458333
06-057-0005,1/26/2018,39.233477,-121.055608,3,,3.625
06-057-0005,2/1/2018,39.233477,-121.055608,16.1,,-1.478261
06-057-0005,2/7/2018,39.233477,-121.055608,15.7,,2.217391
06-057-0005,2/13/2018,39.233477,-121.055608,7,,2.5
06-057-0005,2/19/2018,39.233477,-121.055608,-0.3,,2.5
06-057-0005,2/25/2018,39.233477,-121.055608,5.6,,3.583333
06-057-0005,3/6/2018,39.233477,-121.055608,10.2,,0.458333
06-057-0005,3/9/2018,39.233477,-121.055608,10.6,,1.708333
06-057-0005,3/15/2018,39.233477,-121.055608,1.7,,2.125
06-057-0005,3/21/2018,39.233477,-121.055608,10.2,,-2.136364
06-057-0005,3/27/2018,39.233477,-121.055608,12.7,,-0.857143
06-057-0005,4/2/2018,39.233477,-121.055608,,,1.708333
06-057-0005,4/8/2018,39.233477,-121.055608,10.1,,2.541667
06-057-0005,4/14/2018,39.233477,-121.055608,14,,0.125
06-057-0005,4/20/2018,39.233477,-121.055608,15,,-0.565217
06-057-0005,4/26/2018,39.233477,-121.055608,,,6
06-057-0005,5/2/2018,39.233477,-121.055608,15.3,,0.666667
06-057-0005,5/8/2018,39.233477,-121.055608,,,1.958333
06-057-0005,5/20/2018,39.233477,-121.055608,16.2,,4.708333
06-057-0005,5/30/2018,39.233477,-121.055608,19.7,,3.041667
06-057-0005,6/13/2018,39.233477,-121.055608,25.9,,1.75
06-057-0005,6/15/2018,39.233477,-121.055608,22.5,,3.333333
06-057-0005,6/19/2018,39.233477,-121.055608,23.5,,0.458333
06-057-0005,6/25/2018,39.233477,-121.055608,25.7,,3.708333
06-057-0005,7/1/2018,39.233477,-121.055608,28.9,,0.125
06-057-0005,7/7/2018,39.233477,-121.055608,26.7,,-1.666667
06-057-0005,7/13/2018,39.233477,-121.055608,26.3,,1.652174
06-057-0005,7/19/2018,39.233477,-121.055608,30.1,,6
06-057-0005,7/25/2018,39.233477,-121.055608,30.3,,1.625
06-057-0005,7/31/2018,39.233477,-121.055608,28.7,,40.416667
06-057-0005,8/6/2018,39.233477,-121.055608,24.9,,61.083333
06-057-0005,8/12/2018,39.233477,-121.055608,27.4,,5.833333
06-057-0005,8/18/2018,39.233477,-121.055608,,,1.916667
06-057-0005,8/24/2018,39.233477,-121.055608,,,26.208333
06-057-0005,8/30/2018,39.233477,-121.055608,,,6.708333
06-057-0005,9/5/2018,39.233477,-121.055608,,,11.583333
06-057-0005,9/11/2018,39.233477,-121.055608,23,,7.833333
06-057-0005,9/18/2018,39.233477,-121.055608,,,1.458333
06-057-0005,9/23/2018,39.233477,-121.055608,22.5,,-0.173913
06-057-0005,9/29/2018,39.233477,-121.055608,,,2.916667
06-057-0005,10/5/2018,39.233477,-121.055608,15,,-0.458333
06-057-0005,10/11/2018,39.233477,-121.055608,,,2.571429
06-057-0005,10/17/2018,39.233477,-121.055608,18.3,,4.416667
06-057-0005,10/29/2018,39.233477,-121.055608,12.8,,4.125
06-057-0005,11/4/2018,39.233477,-121.055608,,,3.125
06-057-0005,11/10/2018,39.233477,-121.055608,,,24.125
06-057-0005,11/17/2018,39.233477,-121.055608,,,28.5
06-057-0005,11/22/2018,39.233477,-121.055608,,,4.875
06-057-0005,11/28/2018,39.233477,-121.055608,,,5.416667
06-057-0005,12/5/2018,39.233477,-121.055608,6.7,,12.125
06-057-0005,12/10/2018,39.233477,-121.055608,,,8.916667
06-057-0005,12/16/2018,39.233477,-121.055608,9,,5.916667
06-057-0005,12/22/2018,39.233477,-121.055608,,,6.208333
06-057-0005,12/28/2018,39.233477,-121.055608,4.7,,3.666667
06-057-0005,1/3/2019,39.233477,-121.055608,7.5,,13
06-057-0005,1/9/2019,39.233477,-121.055608,,,7.3
06-057-0005,1/15/2019,39.233477,-121.055608,5.2,,6.6
06-057-0005,1/21/2019,39.233477,-121.055608,2.7,,6.4
06-057-0005,1/27/2019,39.233477,-121.055608,15.6,,3.9
06-057-0005,2/2/2019,39.233477,-121.055608,6.3,,5.8
06-057-0005,2/8/2019,39.233477,-121.055608,,,8.9
06-057-0005,2/14/2019,39.233477,-121.055608,7.1,,5.7
06-057-0005,2/23/2019,39.233477,-121.055608,,,9.9
06-057-0005,2/27/2019,39.233477,-121.055608,,,6.5
06-057-0005,3/4/2019,39.233477,-121.055608,6.1,,7
06-057-0005,3/13/2019,39.233477,-121.055608,6.1,,5
06-057-0005,3/16/2019,39.233477,-121.055608,11.9,,7.1
06-057-0005,3/22/2019,39.233477,-121.055608,6.4,,8.3
06-057-0005,3/28/2019,39.233477,-121.055608,5.3,,8.3
06-057-0005,4/3/2019,39.233477,-121.055608,,,5.3
06-057-0005,4/9/2019,39.233477,-121.055608,,,3.6
06-057-0005,4/15/2019,39.233477,-121.055608,,,6.7
06-057-0005,4/21/2019,39.233477,-121.055608,13.7,,4.8
06-057-0005,4/27/2019,39.233477,-121.055608,19.8,,5.5
06-057-0005,5/3/2019,39.233477,-121.055608,16.9,,5.2
06-057-0005,5/9/2019,39.233477,-121.055608,,,5.8
06-057-0005,5/15/2019,39.233477,-121.055608,11.8,,6.1
06-057-0005,5/21/2019,39.233477,-121.055608,6.2,,4.5
06-057-0005,5/27/2019,39.233477,-121.055608,9.3,,6.3
06-057-0005,6/2/2019,39.233477,-121.055608,20,,6.5
06-057-0005,6/8/2019,39.233477,-121.055608,,,2.7
06-057-0005,6/15/2019,39.233477,-121.055608,23.3,,9.2
06-057-0005,6/20/2019,39.233477,-121.055608,22.8,,8.3
06-057-0005,6/26/2019,39.233477,-121.055608,,,2.5
06-057-0005,7/2/2019,39.233477,-121.055608,,,6.3
06-057-0005,7/9/2019,39.233477,-121.055608,,,6.3
06-057-0005,7/15/2019,39.233477,-121.055608,,,3.9
06-057-0005,7/20/2019,39.233477,-121.055608,23.5,,7.5
06-057-0005,7/26/2019,39.233477,-121.055608,27.7,,6.3
06-057-0005,8/1/2019,39.233477,-121.055608,25.5,,7.4
06-057-0005,8/7/2019,39.233477,-121.055608,27,,8.1
06-057-0005,8/13/2019,39.233477,-121.055608,25.4,,5.8
06-057-0005,8/19/2019,39.233477,-121.055608,23.5,,7.4
06-057-0005,8/31/2019,39.233477,-121.055608,25.2,,4.3
06-057-0005,9/6/2019,39.233477,-121.055608,25.2,,3.7
06-057-0005,9/18/2019,39.233477,-121.055608,,,5.5
06-057-0005,9/24/2019,39.233477,-121.055608,26.5,,1.9
06-057-0005,9/30/2019,39.233477,-121.055608,7.8,,4.9
06-057-0005,10/6/2019,39.233477,-121.055608,20,,3.1
06-057-0005,10/12/2019,39.233477,-121.055608,,,12.3
06-057-0005,10/18/2019,39.233477,-121.055608,,,3.6
06-057-0005,10/30/2019,39.233477,-121.055608,,,7.4
06-057-0005,11/6/2019,39.233477,-121.055608,,,5.2
06-057-0005,11/14/2019,39.233477,-121.055608,,,9.1
06-057-0005,11/17/2019,39.233477,-121.055608,,,7
06-057-0005,11/21/2019,39.233477,-121.055608,8.8,,9.3
06-057-0005,11/23/2019,39.233477,-121.055608,12.2,,6
06-057-0005,11/29/2019,39.233477,-121.055608,1.1,,11
06-057-0005,12/5/2019,39.233477,-121.055608,9.2,,8.4
06-057-0005,12/11/2019,39.233477,-121.055608,8,,9.5
06-057-0005,12/17/2019,39.233477,-121.055608,6.8,,7.5
06-057-0005,12/23/2019,39.233477,-121.055608,5.7,,7.3
06-057-0005,12/29/2019,39.233477,-121.055608,5.7,,16.8
06-057-0005,1/10/2020,39.233477,-121.055608,5.5,,7.7
06-057-0005,1/16/2020,39.233477,-121.055608,1.8,,8.7
06-057-0005,1/22/2020,39.233477,-121.055608,8.4,,4.8
06-057-0005,1/28/2020,39.233477,-121.055608,6.5,,7.2
06-057-0005,2/3/2020,39.233477,-121.055608,2.2,,3.5
06-057-0005,2/9/2020,39.233477,-121.055608,7,,5
06-057-0005,2/15/2020,39.233477,-121.055608,10.8,,12
06-057-0005,2/21/2020,39.233477,-121.055608,13.6,,6
06-057-0005,2/27/2020,39.233477,-121.055608,16,,8.6
06-057-0005,3/4/2020,39.233477,-121.055608,16.1,,8.7
06-057-0005,3/10/2020,39.233477,-121.055608,13.5,,5.3
06-057-0005,3/16/2020,39.233477,-121.055608,1.5,,5
06-057-0005,3/22/2020,39.233477,-121.055608,9.7,,6.3
06-057-0005,3/28/2020,39.233477,-121.055608,5,,9.4
06-057-0005,4/9/2020,39.233477,-121.055608,7.7,,8.9
06-057-0005,4/15/2020,39.233477,-121.055608,15.7,,5.7
06-057-0005,,,-121.055608,13.1,,8.6
06-057-0005,,,-121.055608,19,,5.9
06-057-0005,,,-121.055608,14.4,,5.3
06-057-0005,,,-121.055608,23.5,,6
06-057-0005,,,-121.055608,15.6,,5.1
06-057-0005,5/21/2020,39.233477,-121.055608,16.1,,5.3
06-057-0005,5/27/2020,39.233477,-121.055608,27.4,,5.7
06-057-0005,6/2/2020,39.233477,-121.055608,23.8,,4
06-057-0005,6/8/2020,39.233477,-121.055608,14.7,,1.7
06-057-0005,6/14/2020,39.233477,-121.055608,17.2,,2.9
06-057-0005,6/20/2020,39.233477,-121.055608,,,3.7
06-057-0005,6/26/2020,39.233477,-121.055608,,,10.6
06-057-0005,8/1/2020,39.233477,-121.055608,26.8,,3.2
06-057-0005,8/7/2020,39.233477,-121.055608,22.9,,6.3
06-057-0005,8/13/2020,39.233477,-121.055608,,,4.2
06-057-0005,8/25/2020,39.233477,-121.055608,25.6,,86.3
06-057-0005,8/31/2020,39.233477,-121.055608,24.7,,45.3
06-057-0005,9/6/2020,39.233477,-121.055608,32.6,,9.8
06-057-0005,9/12/2020,39.233477,-121.055608,23.5,,202.2
06-057-0005,9/30/2020,39.233477,-121.055608,27.6,,39.8
06-057-0005,10/6/2020,39.233477,-121.055608,25.3,,11.5
06-057-0005,10/12/2020,39.233477,-121.055608,21.1,,2.4
06-057-0005,10/18/2020,39.233477,-121.055608,23.4,,5.3
06-057-0005,10/24/2020,39.233477,-121.055608,15.7,,7
06-057-0005,10/30/2020,39.233477,-121.055608,19.1,,18.2
06-057-0005,11/5/2020,39.233477,-121.055608,20.3,,1.7
06-057-0005,11/17/2020,39.233477,-121.055608,12.3,,5.1
06-059-0007,1/1/2016,33.83062,-117.93845,13.5,,7.4625
06-059-0007,1/2/2016,33.83062,-117.93845,11.7,,17.75
06-059-0007,1/3/2016,33.83062,-117.93845,12.2,,18.166667
06-059-0007,1/4/2016,33.83062,-117.93845,15.9,,10.625
06-059-0007,1/5/2016,33.83062,-117.93845,13.9,,6.679167
06-059-0007,1/6/2016,33.83062,-117.93845,10.9,,8.791667
06-059-0007,1/7/2016,33.83062,-117.93845,11.5,,6.775
06-059-0007,1/8/2016,33.83062,-117.93845,10.5,,16.233333
06-059-0007,1/9/2016,33.83062,-117.93845,11.8,,13.295833
06-059-0007,1/10/2016,33.83062,-117.93845,13.4,,12.8625
06-059-0007,1/11/2016,33.83062,-117.93845,13.1,,18.541667
06-059-0007,1/12/2016,33.83062,-117.93845,12.2,,10.875
06-059-0007,1/13/2016,33.83062,-117.93845,12.4,,15.875
06-059-0007,1/14/2016,33.83062,-117.93845,13.8,,22.6875
06-059-0007,1/15/2016,33.83062,-117.93845,,,16.983333
06-059-0007,1/16/2016,33.83062,-117.93845,,,21.020833
06-059-0007,1/17/2016,33.83062,-117.93845,,,38.370833
06-059-0007,1/18/2016,33.83062,-117.93845,,,19.208333
06-059-0007,1/19/2016,33.83062,-117.93845,,,14.75
06-059-0007,1/20/2016,33.83062,-117.93845,,,14.345833
06-059-0007,1/21/2016,33.83062,-117.93845,,,18.354167
06-059-0007,1/22/2016,33.83062,-117.93845,,,21.3625
06-059-0007,1/23/2016,33.83062,-117.93845,,,21.083333
06-059-0007,1/24/2016,33.83062,-117.93845,,,13.091667
06-059-0007,1/25/2016,33.83062,-117.93845,,,13.333333
06-059-0007,1/26/2016,33.83062,-117.93845,,,6.166667
06-059-0007,1/27/2016,33.83062,-117.93845,14.1,,17.458333
06-059-0007,1/28/2016,33.83062,-117.93845,14.6,,20.2125
06-059-0007,1/29/2016,33.83062,-117.93845,14.8,,21.772727
06-059-0007,1/30/2016,33.83062,-117.93845,15.4,,12.958333
06-059-0007,1/31/2016,33.83062,-117.93845,13.9,,4.208333
06-059-0007,2/1/2016,33.83062,-117.93845,11.9,,4.375
06-059-0007,2/2/2016,33.83062,-117.93845,9.5,,9.983333
06-059-0007,2/3/2016,33.83062,-117.93845,12.6,,8.179167
06-059-0007,2/4/2016,33.83062,-117.93845,14.2,,7.4
06-059-0007,2/5/2016,33.83062,-117.93845,17.9,,1.959091
06-059-0007,2/6/2016,33.83062,-117.93845,19.2,,3.954167
06-059-0007,2/7/2016,33.83062,-117.93845,20.2,,3.875
06-059-0007,2/8/2016,33.83062,-117.93845,22.8,,3.666667
06-059-0007,2/9/2016,33.83062,-117.93845,23.2,,6.87
06-059-0007,2/20/2016,33.83062,-117.93845,15.5,,16.754167
06-059-0007,2/21/2016,33.83062,-117.93845,15.9,,19.754167
06-059-0007,2/22/2016,33.83062,-117.93845,18.1,,19.004167
06-059-0007,2/23/2016,33.83062,-117.93845,19.9,,14.108333
06-059-0007,2/24/2016,33.83062,-117.93845,22.4,,10.304545
06-059-0007,2/25/2016,33.83062,-117.93845,18.8,,14.691667
06-059-0007,2/26/2016,33.83062,-117.93845,17.8,,21.8625
06-059-0007,2/27/2016,33.83062,-117.93845,17.8,,22.4375
06-059-0007,2/28/2016,33.83062,-117.93845,17.5,,23.2625
06-059-0007,2/29/2016,33.83062,-117.93845,17.7,,28.9625
06-059-0007,3/1/2016,33.83062,-117.93845,17.4,,29.254167
06-059-0007,3/2/2016,33.83062,-117.93845,17,,29.395833
06-059-0007,3/3/2016,33.83062,-117.93845,16.5,,17.666667
06-059-0007,3/4/2016,33.83062,-117.93845,17,,11.116667
06-059-0007,3/5/2016,33.83062,-117.93845,17.4,,8.520833
06-059-0007,3/6/2016,33.83062,-117.93845,16.3,,6.295833
06-059-0007,3/9/2016,33.83062,-117.93845,17,,11.833333
06-059-0007,3/10/2016,33.83062,-117.93845,18.1,,17.229167
06-059-0007,3/11/2016,33.83062,-117.93845,15.2,,8.291667
06-059-0007,3/12/2016,33.83062,-117.93845,13.8,,9.291667
06-059-0007,3/13/2016,33.83062,-117.93845,14,,6.5
06-059-0007,3/14/2016,33.83062,-117.93845,17.2,,5.766667
06-059-0007,3/15/2016,33.83062,-117.93845,17.9,,14.291667
06-059-0007,3/16/2016,33.83062,-117.93845,21,,17.208333
06-059-0007,3/17/2016,33.83062,-117.93845,19.3,,14.983333
06-059-0007,3/18/2016,33.83062,-117.93845,18.5,,17.875
06-059-0007,3/19/2016,33.83062,-117.93845,17.6,,17.9125
06-059-0007,3/20/2016,33.83062,-117.93845,17,,25.933333
06-059-0007,3/21/2016,33.83062,-117.93845,17.3,,10.429167
06-059-0007,3/22/2016,33.83062,-117.93845,17.5,,9.1375
06-059-0007,3/23/2016,33.83062,-117.93845,18.4,,7.929167
06-059-0007,3/24/2016,33.83062,-117.93845,19,,8.891667
06-059-0007,3/25/2016,33.83062,-117.93845,18.4,,11.836364
06-059-0007,3/26/2016,33.83062,-117.93845,18.1,,15.595833
06-059-0007,3/27/2016,33.83062,-117.93845,17.7,,15.6
06-059-0007,3/28/2016,33.83062,-117.93845,16.1,,11.095833
06-059-0007,3/29/2016,33.83062,-117.93845,12.8,,11.370833
06-059-0007,3/30/2016,33.83062,-117.93845,14.4,,8.908333
06-059-0007,3/31/2016,33.83062,-117.93845,15.8,,10.9125
06-059-0007,4/1/2016,33.83062,-117.93845,16.6,,12.625
06-059-0007,4/2/2016,33.83062,-117.93845,19.2,,18.4875
06-059-0007,4/3/2016,33.83062,-117.93845,19.6,,15.125
06-059-0007,4/4/2016,33.83062,-117.93845,20,,14.270833
06-059-0007,4/5/2016,33.83062,-117.93845,20.5,,14.333333
06-059-0007,4/6/2016,33.83062,-117.93845,19.8,,16.0625
06-059-0007,4/7/2016,33.83062,-117.93845,17.7,,17.625
06-059-0007,4/8/2016,33.83062,-117.93845,16.5,,12.456522
06-059-0007,4/9/2016,33.83062,-117.93845,17.4,,8.291667
06-059-0007,4/10/2016,33.83062,-117.93845,17.4,,8.25
06-059-0007,4/11/2016,33.83062,-117.93845,18.2,,7.916667
06-059-0007,4/12/2016,33.83062,-117.93845,18.1,,9.869565
06-059-0007,4/13/2016,33.83062,-117.93845,18,,10.083333
06-059-0007,4/14/2016,33.83062,-117.93845,18.2,,13.504545
06-059-0007,4/15/2016,33.83062,-117.93845,19.2,,12.625
06-059-0007,4/16/2016,33.83062,-117.93845,21.8,,8.545833
06-059-0007,4/17/2016,33.83062,-117.93845,23,,8.958333
06-059-0007,4/18/2016,33.83062,-117.93845,23.7,,9.045833
06-059-0007,4/20/2016,33.83062,-117.93845,23.1,,10.545833
06-059-0007,4/21/2016,33.83062,-117.93845,21.2,,8.552381
06-059-0007,4/22/2016,33.83062,-117.93845,19.2,,7.52381
06-059-0007,4/23/2016,33.83062,-117.93845,19.1,,9.316667
06-059-0007,4/24/2016,33.83062,-117.93845,18.3,,10.191667
06-059-0007,4/25/2016,33.83062,-117.93845,17,,14.791667
06-059-0007,4/26/2016,33.83062,-117.93845,16.7,,12.841667
06-059-0007,4/27/2016,33.83062,-117.93845,17.6,,11.916667
06-059-0007,4/28/2016,33.83062,-117.93845,16.6,,10.75
06-059-0007,4/29/2016,33.83062,-117.93845,17,,11.347619
06-059-0007,4/30/2016,33.83062,-117.93845,17.2,,8.35
06-059-0007,5/1/2016,33.83062,-117.93845,17.7,,12.45
06-059-0007,5/2/2016,33.83062,-117.93845,19.3,,17.245833
06-059-0007,5/3/2016,33.83062,-117.93845,19.6,,15.020833
06-059-0007,5/4/2016,33.83062,-117.93845,17.3,,12.3375
06-059-0007,5/5/2016,33.83062,-117.93845,17.7,,7.604167
06-059-0007,5/6/2016,33.83062,-117.93845,16.5,,5.4625
06-059-0007,5/7/2016,33.83062,-117.93845,17.1,,5.083333
06-059-0007,5/8/2016,33.83062,-117.93845,16.9,,5.341667
06-059-0007,5/9/2016,33.83062,-117.93845,17.1,,6.2
06-059-0007,5/10/2016,33.83062,-117.93845,17.1,,7.733333
06-059-0007,5/11/2016,33.83062,-117.93845,18.9,,17.291667
06-059-0007,5/12/2016,33.83062,-117.93845,19,,18.318182
06-059-0007,5/13/2016,33.83062,-117.93845,19.4,,14.95
06-059-0007,5/14/2016,33.83062,-117.93845,18.9,,9.2875
06-059-0007,5/15/2016,33.83062,-117.93845,18.5,,6.829167
06-059-0007,5/16/2016,33.83062,-117.93845,18.5,,9.2
06-059-0007,5/17/2016,33.83062,-117.93845,19.5,,9.8
06-059-0007,5/18/2016,33.83062,-117.93845,19.1,,15.291667
06-059-0007,5/25/2016,33.83062,-117.93845,18.3,,4.291667
06-059-0007,5/26/2016,33.83062,-117.93845,18.6,,8.775
06-059-0007,5/27/2016,33.83062,-117.93845,19,,11.5
06-059-0007,5/28/2016,33.83062,-117.93845,18.8,,13.616667
06-059-0007,5/29/2016,33.83062,-117.93845,19.2,,11.125
06-059-0007,5/30/2016,33.83062,-117.93845,18.9,,12.754167
06-059-0007,5/31/2016,33.83062,-117.93845,18,,11.75
06-059-0007,6/1/2016,33.83062,-117.93845,19.2,,10.5
06-059-0007,6/2/2016,33.83062,-117.93845,23.2,,20.325
06-059-0007,6/3/2016,33.83062,-117.93845,21.4,,17.382609
06-059-0007,6/4/2016,33.83062,-117.93845,21.1,,22.041667
06-059-0007,6/5/2016,33.83062,-117.93845,19.2,,17.408333
06-059-0007,6/6/2016,33.83062,-117.93845,18.5,,10.254167
06-059-0007,6/7/2016,33.83062,-117.93845,19.4,,8.5
06-059-0007,6/8/2016,33.83062,-117.93845,19.6,,10.775
06-059-0007,6/9/2016,33.83062,-117.93845,19.3,,11.833333
06-059-0007,6/11/2016,33.83062,-117.93845,18.8,,5.4
06-059-0007,6/12/2016,33.83062,-117.93845,19.3,,4.458333
06-059-0007,6/13/2016,33.83062,-117.93845,18.8,,8.441667
06-059-0007,6/14/2016,33.83062,-117.93845,18.5,,12.895833
06-059-0007,6/15/2016,33.83062,-117.93845,19.7,,11.575
06-059-0007,6/16/2016,33.83062,-117.93845,20.9,,14.270833
06-059-0007,6/17/2016,33.83062,-117.93845,24,,27.409091
06-059-0007,6/18/2016,33.83062,-117.93845,26.4,,18.958333
06-059-0007,6/19/2016,33.83062,-117.93845,30,,13.991667
06-059-0007,6/20/2016,33.83062,-117.93845,31,,17.958333
06-059-0007,6/21/2016,33.83062,-117.93845,24.7,,16.173913
06-059-0007,6/22/2016,33.83062,-117.93845,22.6,,15.033333
06-059-0007,6/23/2016,33.83062,-117.93845,22.9,,12.925
06-059-0007,6/24/2016,33.83062,-117.93845,21.7,,13.470833
06-059-0007,6/25/2016,33.83062,-117.93845,22.1,,17.691667
06-059-0007,6/26/2016,33.83062,-117.93845,23,,19.254167
06-059-0007,6/27/2016,33.83062,-117.93845,24.5,,17.995833
06-059-0007,6/28/2016,33.83062,-117.93845,25.2,,16.820833
06-059-0007,6/29/2016,33.83062,-117.93845,24.7,,17.125
06-059-0007,6/30/2016,33.83062,-117.93845,23.3,,17.109091
06-059-0007,7/1/2016,33.83062,-117.93845,22.3,,13.875
06-059-0007,7/2/2016,33.83062,-117.93845,21.3,,10.375
06-059-0007,7/3/2016,33.83062,-117.93845,21,,8.25
06-059-0007,7/4/2016,33.83062,-117.93845,21.8,,25.173913
06-059-0007,7/5/2016,33.83062,-117.93845,22.8,,18.5
06-059-0007,7/6/2016,33.83062,-117.93845,21.9,,7.791667
06-059-0007,7/7/2016,33.83062,-117.93845,22.2,,9.791667
06-059-0007,7/8/2016,33.83062,-117.93845,23.2,,10.916667
06-059-0007,7/9/2016,33.83062,-117.93845,23.3,,11.333333
06-059-0007,7/10/2016,33.83062,-117.93845,23.6,,7.458333
06-059-0007,7/11/2016,33.83062,-117.93845,23.1,,11.125
06-059-0007,7/12/2016,33.83062,-117.93845,23.3,,14.833333
06-059-0007,7/13/2016,33.83062,-117.93845,24.1,,15.652174
06-059-0007,7/14/2016,33.83062,-117.93845,23.9,,17.625
06-059-0007,7/15/2016,33.83062,-117.93845,23.2,,16.333333
06-059-0007,7/16/2016,33.83062,-117.93845,23.3,,12.75
06-059-0007,7/17/2016,33.83062,-117.93845,22.8,,12.541667
06-059-0007,7/18/2016,33.83062,-117.93845,23.6,,10
06-059-0007,7/19/2016,33.83062,-117.93845,25.5,,14.458333
06-059-0007,7/20/2016,33.83062,-117.93845,27.3,,14.708333
06-059-0007,7/21/2016,33.83062,-117.93845,28,,14.666667
06-059-0007,7/22/2016,33.83062,-117.93845,29.1,,18.25
06-059-0007,7/23/2016,33.83062,-117.93845,26.6,,18.083333
06-059-0007,7/24/2016,33.83062,-117.93845,25.7,,16.75
06-059-0007,7/25/2016,33.83062,-117.93845,26.4,,18.708333
06-059-0007,7/26/2016,33.83062,-117.93845,27.7,,17.375
06-059-0007,7/27/2016,33.83062,-117.93845,27.7,,13.125
06-059-0007,7/28/2016,33.83062,-117.93845,26.5,,13.545455
06-059-0007,7/29/2016,33.83062,-117.93845,26.1,,12.333333
06-059-0007,7/30/2016,33.83062,-117.93845,25.5,,11.208333
06-059-0007,7/31/2016,33.83062,-117.93845,25,,10.208333
06-059-0007,8/1/2016,33.83062,-117.93845,25.3,,8.333333
06-059-0007,8/2/2016,33.83062,-117.93845,25.1,,9.708333
06-059-0007,8/3/2016,33.83062,-117.93845,24.4,,8.541667
06-059-0007,8/4/2016,33.83062,-117.93845,24.4,,11.833333
06-059-0007,8/5/2016,33.83062,-117.93845,23.1,,10.541667
06-059-0007,8/6/2016,33.83062,-117.93845,23,,10.041667
06-059-0007,8/7/2016,33.83062,-117.93845,23.1,,13.375
06-059-0007,8/8/2016,33.83062,-117.93845,22.3,,13.583333
06-059-0007,8/9/2016,33.83062,-117.93845,23.1,,13.333333
06-059-0007,8/10/2016,33.83062,-117.93845,23.4,,13.5
06-059-0007,8/11/2016,33.83062,-117.93845,23.3,,10.25
06-059-0007,8/12/2016,33.83062,-117.93845,24.2,,12.208333
06-059-0007,8/13/2016,33.83062,-117.93845,25.6,,11.916667
06-059-0007,8/14/2016,33.83062,-117.93845,26.4,,12.375
06-059-0007,8/15/2016,33.83062,-117.93845,27.3,,15.416667
06-059-0007,8/16/2016,33.83062,-117.93845,25.4,,14.041667
06-059-0007,8/17/2016,33.83062,-117.93845,24.3,,17.833333
06-059-0007,8/18/2016,33.83062,-117.93845,22.8,,15.375
06-059-0007,8/19/2016,33.83062,-117.93845,23.4,,15.25
06-059-0007,8/20/2016,33.83062,-117.93845,23.1,,13.166667
06-059-0007,8/25/2016,33.83062,-117.93845,21.9,,12.761905
06-059-0007,8/26/2016,33.83062,-117.93845,21.2,,9.833333
06-059-0007,8/27/2016,33.83062,-117.93845,21.6,,12.434783
06-059-0007,8/28/2016,33.83062,-117.93845,23.6,,14.666667
06-059-0007,8/29/2016,33.83062,-117.93845,24.9,,15.75
06-059-0007,8/30/2016,33.83062,-117.93845,24.8,,15.75
06-059-0007,8/31/2016,33.83062,-117.93845,25.2,,18.666667
06-059-0007,9/1/2016,33.83062,-117.93845,22.8,,14.875
06-059-0007,9/2/2016,33.83062,-117.93845,22.4,,13.375
06-059-0007,9/3/2016,33.83062,-117.93845,21.6,,9.125
06-059-0007,9/4/2016,33.83062,-117.93845,21.7,,9
06-059-0007,9/5/2016,33.83062,-117.93845,21.4,,11.416667
06-059-0007,9/6/2016,33.83062,-117.93845,22.1,,17.291667
06-059-0007,9/7/2016,33.83062,-117.93845,21.2,,20
06-059-0007,9/8/2016,33.83062,-117.93845,22.5,,15.125
06-059-0007,9/9/2016,33.83062,-117.93845,22.6,,16.583333
06-059-0007,9/10/2016,33.83062,-117.93845,22.8,,17.291667
06-059-0007,9/11/2016,33.83062,-117.93845,22.2,,16.791667
06-059-0007,9/12/2016,33.83062,-117.93845,20.6,,8.833333
06-059-0007,9/13/2016,33.83062,-117.93845,19.9,,5.909091
06-059-0007,9/14/2016,33.83062,-117.93845,20,,9.083333
06-059-0007,9/15/2016,33.83062,-117.93845,20.6,,10
06-059-0007,9/16/2016,33.83062,-117.93845,21.4,,13.791667
06-059-0007,9/17/2016,33.83062,-117.93845,22.2,,16.083333
06-059-0007,9/18/2016,33.83062,-117.93845,22.2,,17.875
06-059-0007,9/19/2016,33.83062,-117.93845,23.9,,22.583333
06-059-0007,9/20/2016,33.83062,-117.93845,25.6,,12.083333
06-059-0007,9/21/2016,33.83062,-117.93845,25.5,,10.541667
06-059-0007,9/22/2016,33.83062,-117.93845,21.9,,12.229167
06-059-0007,9/23/2016,33.83062,-117.93845,21.2,,13.8
06-059-0007,9/24/2016,33.83062,-117.93845,23.7,,15.495833
06-059-0007,9/25/2016,33.83062,-117.93845,26.5,,10.720833
06-059-0007,9/26/2016,33.83062,-117.93845,29.6,,7.404167
06-059-0007,9/27/2016,33.83062,-117.93845,28.2,,8.483333
06-059-0007,9/28/2016,33.83062,-117.93845,27.4,,7.679167
06-059-0007,9/29/2016,33.83062,-117.93845,27.1,,10.277778
06-059-0007,9/30/2016,33.83062,-117.93845,25.7,,11.820833
06-059-0007,10/1/2016,33.83062,-117.93845,23.3,,13.175
06-059-0007,10/2/2016,33.83062,-117.93845,20.9,,9.520833
06-059-0007,10/3/2016,33.83062,-117.93845,20.2,,9.808333
06-059-0007,10/4/2016,33.83062,-117.93845,19.9,,6.645833
06-059-0007,10/5/2016,33.83062,-117.93845,20.1,,6.65
06-059-0007,10/6/2016,33.83062,-117.93845,22,,13.408333
06-059-0007,10/7/2016,33.83062,-117.93845,23.5,,13.6375
06-059-0007,10/8/2016,33.83062,-117.93845,23.6,,12.475
06-059-0007,10/9/2016,33.83062,-117.93845,23.7,,9.7
06-059-0007,10/10/2016,33.83062,-117.93845,22.8,,9.279167
06-059-0007,10/11/2016,33.83062,-117.93845,18.7,,7.883333
06-059-0007,10/12/2016,33.83062,-117.93845,18.4,,12.379167
06-059-0007,10/13/2016,33.83062,-117.93845,18.6,,16.466667
06-059-0007,10/15/2016,33.83062,-117.93845,20.6,,11.191667
06-059-0007,10/16/2016,33.83062,-117.93845,21.4,,1.570833
06-059-0007,10/17/2016,33.83062,-117.93845,18.7,,2.091667
06-059-0007,10/18/2016,33.83062,-117.93845,19.4,,9.654167
06-059-0007,10/19/2016,33.83062,-117.93845,24.1,,11.629167
06-059-0007,10/20/2016,33.83062,-117.93845,26.7,,8.375
06-059-0007,10/21/2016,33.83062,-117.93845,23.6,,13.070833
06-059-0007,10/22/2016,33.83062,-117.93845,21.2,,11.375
06-059-0007,10/27/2016,33.83062,-117.93845,21,,16.663158
06-059-0007,10/28/2016,33.83062,-117.93845,21.7,,7.6625
06-059-0007,10/29/2016,33.83062,-117.93845,22.1,,7.679167
06-059-0007,10/30/2016,33.83062,-117.93845,19.9,,2.765217
06-059-0007,10/31/2016,33.83062,-117.93845,17.9,,4.145833
06-059-0007,11/2/2016,33.83062,-117.93845,19.1,,11.204167
06-059-0007,11/5/2016,33.83062,-117.93845,19.4,,19.904167
06-059-0007,11/6/2016,33.83062,-117.93845,17.8,,15.8
06-059-0007,11/7/2016,33.83062,-117.93845,19.1,,19.225
06-059-0007,11/8/2016,33.83062,-117.93845,22.6,,21.666667
06-059-0007,11/9/2016,33.83062,-117.93845,27.2,,8.133333
06-059-0007,11/10/2016,33.83062,-117.93845,24.9,,8.320833
06-059-0007,11/11/2016,33.83062,-117.93845,22.2,,7.3875
06-059-0007,11/12/2016,33.83062,-117.93845,21.8,,14.304167
06-059-0007,11/13/2016,33.83062,-117.93845,22,,10.5625
06-059-0007,11/14/2016,33.83062,-117.93845,21.4,,13.108333
06-059-0007,11/15/2016,33.83062,-117.93845,18.1,,19.831818
06-059-0007,11/16/2016,33.83062,-117.93845,17.6,,19.727273
06-059-0007,11/17/2016,33.83062,-117.93845,17.6,,10.404167
06-059-0007,11/18/2016,33.83062,-117.93845,19.2,,5.958333
06-059-0007,11/19/2016,33.83062,-117.93845,16,,11.395833
06-059-0007,11/20/2016,33.83062,-117.93845,15.4,,10.870833
06-059-0007,11/21/2016,33.83062,-117.93845,16.6,,3.95
06-059-0007,11/22/2016,33.83062,-117.93845,16,,10.729167
06-059-0007,11/23/2016,33.83062,-117.93845,15.5,,19.108333
06-059-0007,11/24/2016,33.83062,-117.93845,17.9,,13.575
06-059-0007,11/25/2016,33.83062,-117.93845,15.2,,13.858333
06-059-0007,11/26/2016,33.83062,-117.93845,11.8,,14.258333
06-059-0007,11/27/2016,33.83062,-117.93845,13.1,,9.145833
06-059-0007,11/28/2016,33.83062,-117.93845,12.6,,10.15
06-059-0007,11/29/2016,33.83062,-117.93845,14.4,,7.4625
06-059-0007,11/30/2016,33.83062,-117.93845,13.4,,7.291667
06-059-0007,12/1/2016,33.83062,-117.93845,13.9,,12.675
06-059-0007,12/2/2016,33.83062,-117.93845,14.1,,8.870833
06-059-0007,12/3/2016,33.83062,-117.93845,13.9,,7.125
06-059-0007,12/4/2016,33.83062,-117.93845,13.5,,16.370833
06-059-0007,12/5/2016,33.83062,-117.93845,13.4,,16.895833
06-059-0007,12/6/2016,33.83062,-117.93845,14.6,,16.854167
06-059-0007,12/7/2016,33.83062,-117.93845,14.1,,16.729167
06-059-0007,12/8/2016,33.83062,-117.93845,13.9,,18.504762
06-059-0007,12/9/2016,33.83062,-117.93845,14.2,,21.9
06-059-0007,12/10/2016,33.83062,-117.93845,15.7,,28.254167
06-059-0007,12/11/2016,33.83062,-117.93845,16.7,,8.891667
06-059-0007,12/12/2016,33.83062,-117.93845,17,,14.191667
06-059-0007,12/13/2016,33.83062,-117.93845,15.9,,25.7
06-059-0007,12/14/2016,33.83062,-117.93845,15.2,,45.570833
06-059-0007,12/15/2016,33.83062,-117.93845,14.9,,31.042857
06-059-0007,12/16/2016,33.83062,-117.93845,14.8,,4.795833
06-059-0007,12/17/2016,33.83062,-117.93845,10.8,,11.254167
06-059-0007,12/18/2016,33.83062,-117.93845,11.7,,9.908333
06-059-0007,12/19/2016,33.83062,-117.93845,15.6,,2.1
06-059-0007,12/20/2016,33.83062,-117.93845,18.1,,4.308333
06-059-0007,12/21/2016,33.83062,-117.93845,16.1,,5.616667
06-059-0007,12/22/2016,33.83062,-117.93845,14.6,,4.833333
06-059-0007,12/23/2016,33.83062,-117.93845,14.9,,7.241667
06-059-0007,12/24/2016,33.83062,-117.93845,12.2,,6.029167
06-059-0007,12/25/2016,33.83062,-117.93845,8.9,,18.425
06-059-0007,12/26/2016,33.83062,-117.93845,12.6,,6.479167
06-059-0007,12/27/2016,33.83062,-117.93845,16,,8.554167
06-059-0007,12/28/2016,33.83062,-117.93845,15.2,,12.845833
06-059-0007,12/29/2016,33.83062,-117.93845,16.6,,16.741667
06-059-0007,12/30/2016,33.83062,-117.93845,15.4,,11.8375
06-059-0007,12/31/2016,33.83062,-117.93845,14.1,,10.475
06-059-0007,1/1/2017,33.83062,-117.93845,10.4,,14.9
06-059-0007,1/2/2017,33.83062,-117.93845,12,,8.4
06-059-0007,1/3/2017,33.83062,-117.93845,11.4,,11.7
06-059-0007,1/4/2017,33.83062,-117.93845,12.7,,16.9
06-059-0007,1/6/2017,33.83062,-117.93845,14.3,,9
06-059-0007,1/7/2017,33.83062,-117.93845,15.4,,9.6
06-059-0007,1/8/2017,33.83062,-117.93845,17.3,,11.2
06-059-0007,1/9/2017,33.83062,-117.93845,15,,12.7
06-059-0007,1/10/2017,33.83062,-117.93845,13.3,,11.7
06-059-0007,1/11/2017,33.83062,-117.93845,15.2,,7.1
06-059-0007,1/12/2017,33.83062,-117.93845,12.8,,7.8
06-059-0007,1/25/2017,33.83062,-117.93845,10.1,,15.1
06-059-0007,1/26/2017,33.83062,-117.93845,11.1,,9.9
06-059-0007,2/8/2017,33.83062,-117.93845,17.8,,6.7
06-059-0007,2/9/2017,33.83062,-117.93845,17.6,,13.6
06-059-0007,2/10/2017,33.83062,-117.93845,16,,10.8
06-059-0007,2/11/2017,33.83062,-117.93845,15,,7.3
06-059-0007,2/12/2017,33.83062,-117.93845,15.8,,9.7
06-059-0007,2/13/2017,33.83062,-117.93845,15.9,,7.5
06-059-0007,2/14/2017,33.83062,-117.93845,15.3,,12.2
06-059-0007,2/15/2017,33.83062,-117.93845,16.8,,16.3
06-059-0007,2/16/2017,33.83062,-117.93845,15,,15.3
06-059-0007,2/17/2017,33.83062,-117.93845,14.2,,5.3
06-059-0007,2/18/2017,33.83062,-117.93845,13.4,,4
06-059-0007,2/19/2017,33.83062,-117.93845,13.9,,6.1
06-059-0007,2/20/2017,33.83062,-117.93845,14.9,,4.6
06-059-0007,2/21/2017,33.83062,-117.93845,17.1,,12.8
06-059-0007,2/22/2017,33.83062,-117.93845,15.4,,8.1
06-059-0007,2/23/2017,33.83062,-117.93845,12,,6.3
06-059-0007,2/24/2017,33.83062,-117.93845,11.1,,9.7
06-059-0007,2/25/2017,33.83062,-117.93845,11.4,,9.4
06-059-0007,2/26/2017,33.83062,-117.93845,11.9,,3.8
06-059-0007,2/27/2017,33.83062,-117.93845,12.4,,6.2
06-059-0007,2/28/2017,33.83062,-117.93845,12.4,,9.6
06-059-0007,3/1/2017,33.83062,-117.93845,15.7,,8.5
06-059-0007,3/2/2017,33.83062,-117.93845,19.3,,3.6
06-059-0007,3/3/2017,33.83062,-117.93845,18.6,,7
06-059-0007,3/4/2017,33.83062,-117.93845,14.9,,8.4
06-059-0007,3/5/2017,33.83062,-117.93845,13.8,,5
06-059-0007,3/6/2017,33.83062,-117.93845,11.7,,7
06-059-0007,3/7/2017,33.83062,-117.93845,15.3,,11.3
06-059-0007,3/8/2017,33.83062,-117.93845,19.4,,11.7
06-059-0007,3/9/2017,33.83062,-117.93845,19.8,,14.5
06-059-0007,3/10/2017,33.83062,-117.93845,19.8,,18.6
06-059-0007,3/11/2017,33.83062,-117.93845,18.2,,21.4
06-059-0007,3/12/2017,33.83062,-117.93845,16.4,,36.9
06-059-0007,3/13/2017,33.83062,-117.93845,17.5,,44.1
06-059-0007,3/14/2017,33.83062,-117.93845,20,,23.2
06-059-0007,3/15/2017,33.83062,-117.93845,20.8,,26.5
06-059-0007,3/16/2017,33.83062,-117.93845,18.3,,13.3
06-059-0007,3/17/2017,33.83062,-117.93845,17.7,,22.2
06-059-0007,3/18/2017,33.83062,-117.93845,17.5,,21.7
06-059-0007,3/19/2017,33.83062,-117.93845,17,,16.8
06-059-0007,3/20/2017,33.83062,-117.93845,16.7,,5.2
06-059-0007,3/21/2017,33.83062,-117.93845,15.8,,5
06-059-0007,3/22/2017,33.83062,-117.93845,16.9,,4.3
06-059-0007,3/23/2017,33.83062,-117.93845,15.4,,5.6
06-059-0007,3/24/2017,33.83062,-117.93845,15.8,,7.2
06-059-0007,3/25/2017,33.83062,-117.93845,16.3,,7.1
06-059-0007,3/26/2017,33.83062,-117.93845,15.9,,6.9
06-059-0007,3/27/2017,33.83062,-117.93845,17.6,,8.1
06-059-0007,3/28/2017,33.83062,-117.93845,18.7,,8.6
06-059-0007,3/29/2017,33.83062,-117.93845,19.9,,10.8
06-059-0007,3/30/2017,33.83062,-117.93845,17.7,,11.3
06-059-0007,3/31/2017,33.83062,-117.93845,17.4,,7.6
06-059-0007,4/1/2017,33.83062,-117.93845,17.2,,11.7
06-059-0007,4/2/2017,33.83062,-117.93845,17.3,,11.4
06-059-0007,4/3/2017,33.83062,-117.93845,15.8,,7.2
06-059-0007,4/4/2017,33.83062,-117.93845,18.4,,12.8
06-059-0007,4/5/2017,33.83062,-117.93845,20.4,,17.8
06-059-0007,4/6/2017,33.83062,-117.93845,18.2,,15.2
06-059-0007,4/7/2017,33.83062,-117.93845,17.8,,9.5
06-059-0007,4/8/2017,33.83062,-117.93845,16.7,,5
06-059-0007,4/9/2017,33.83062,-117.93845,16.5,,8.4
06-059-0007,4/10/2017,33.83062,-117.93845,17.7,,9.5
06-059-0007,4/11/2017,33.83062,-117.93845,17.6,,9.7
06-059-0007,4/12/2017,33.83062,-117.93845,17.8,,8.8
06-059-0007,4/13/2017,33.83062,-117.93845,17.4,,4.8
06-059-0007,4/14/2017,33.83062,-117.93845,16.5,,6.2
06-059-0007,4/15/2017,33.83062,-117.93845,17.9,,10.5
06-059-0007,4/16/2017,33.83062,-117.93845,18.5,,9.3
06-059-0007,4/17/2017,33.83062,-117.93845,18.8,,5.2
06-059-0007,4/18/2017,33.83062,-117.93845,19.9,,6.1
06-059-0007,4/19/2017,33.83062,-117.93845,20,,5.9
06-059-0007,4/20/2017,33.83062,-117.93845,19.7,,11.5
06-059-0007,4/21/2017,33.83062,-117.93845,23.2,,13.9
06-059-0007,4/22/2017,33.83062,-117.93845,23.5,,16.7
06-059-0007,4/23/2017,33.83062,-117.93845,19.8,,12.8
06-059-0007,4/24/2017,33.83062,-117.93845,18.7,,10.9
06-059-0007,4/25/2017,33.83062,-117.93845,19.6,,11.8
06-059-0007,4/26/2017,33.83062,-117.93845,19.3,,10.5
06-059-0007,4/27/2017,33.83062,-117.93845,21.2,,10.9
06-059-0007,4/28/2017,33.83062,-117.93845,22.2,,10.7
06-059-0007,4/29/2017,33.83062,-117.93845,24.5,,6.1
06-059-0007,4/30/2017,33.83062,-117.93845,22.3,,9.6
06-059-0007,5/1/2017,33.83062,-117.93845,21.8,,11.7
06-059-0007,5/2/2017,33.83062,-117.93845,21.4,,12.9
06-059-0007,5/3/2017,33.83062,-117.93845,21.5,,15.3
06-059-0007,5/4/2017,33.83062,-117.93845,21.2,,15.9
06-059-0007,5/5/2017,33.83062,-117.93845,17.8,,12.3
06-059-0007,5/6/2017,33.83062,-117.93845,16.3,,5.7
06-059-0007,5/7/2017,33.83062,-117.93845,13.5,,4.2
06-059-0007,5/8/2017,33.83062,-117.93845,16.4,,11.4
06-059-0007,5/9/2017,33.83062,-117.93845,17.1,,10.1
06-059-0007,5/10/2017,33.83062,-117.93845,17.9,,7.4
06-059-0007,5/11/2017,33.83062,-117.93845,19.2,,11
06-059-0007,5/12/2017,33.83062,-117.93845,17.4,,10
06-059-0007,5/13/2017,33.83062,-117.93845,19.2,,9.8
06-059-0007,5/14/2017,33.83062,-117.93845,17.3,,9.9
06-059-0007,5/15/2017,33.83062,-117.93845,16.2,,7.1
06-059-0007,5/16/2017,33.83062,-117.93845,16.1,,8.3
06-059-0007,5/17/2017,33.83062,-117.93845,16.9,,5.9
06-059-0007,5/18/2017,33.83062,-117.93845,19.1,,9.5
06-059-0007,5/19/2017,33.83062,-117.93845,22.4,,11.1
06-059-0007,5/20/2017,33.83062,-117.93845,25.5,,10.2
06-059-0007,5/21/2017,33.83062,-117.93845,23.4,,11.3
06-059-0007,5/22/2017,33.83062,-117.93845,21.1,,17.1
06-059-0007,5/23/2017,33.83062,-117.93845,21.1,,16.5
06-059-0007,5/24/2017,33.83062,-117.93845,18.4,,11.5
06-059-0007,5/25/2017,33.83062,-117.93845,17.9,,4.8
06-059-0007,5/26/2017,33.83062,-117.93845,19.1,,3.7
06-059-0007,5/27/2017,33.83062,-117.93845,18.7,,4.7
06-059-0007,5/28/2017,33.83062,-117.93845,20,,9.2
06-059-0007,5/29/2017,33.83062,-117.93845,18.3,,12.1
06-059-0007,5/30/2017,33.83062,-117.93845,18.2,,11.4
06-059-0007,5/31/2017,33.83062,-117.93845,18.1,,10.4
06-059-0007,6/1/2017,33.83062,-117.93845,19.4,,9.1
06-059-0007,6/2/2017,33.83062,-117.93845,20.9,,16.2
06-059-0007,6/3/2017,33.83062,-117.93845,19.9,,14.9
06-059-0007,6/4/2017,33.83062,-117.93845,19.7,,15.2
06-059-0007,6/5/2017,33.83062,-117.93845,18.9,,10.8
06-059-0007,6/6/2017,33.83062,-117.93845,18.4,,9
06-059-0007,6/7/2017,33.83062,-117.93845,18.7,,5.5
06-059-0007,6/8/2017,33.83062,-117.93845,19.4,,10.2
06-059-0007,6/9/2017,33.83062,-117.93845,19.8,,8.5
06-059-0007,6/10/2017,33.83062,-117.93845,19,,5.5
06-059-0007,6/11/2017,33.83062,-117.93845,18.3,,6.6
06-059-0007,6/12/2017,33.83062,-117.93845,19.1,,7.4
06-059-0007,6/13/2017,33.83062,-117.93845,20.8,,11.1
06-059-0007,6/14/2017,33.83062,-117.93845,22.7,,13.5
06-059-0007,6/15/2017,33.83062,-117.93845,23.6,,16.2
06-059-0007,6/16/2017,33.83062,-117.93845,24.4,,15.3
06-059-0007,6/17/2017,33.83062,-117.93845,23.8,,11.4
06-059-0007,6/18/2017,33.83062,-117.93845,22.9,,12.1
06-059-0007,6/19/2017,33.83062,-117.93845,23.3,,14.3
06-059-0007,6/20/2017,33.83062,-117.93845,24.1,,18.9
06-059-0007,6/21/2017,33.83062,-117.93845,22.6,,17.3
06-059-0007,6/22/2017,33.83062,-117.93845,20.3,,11.3
06-059-0007,6/23/2017,33.83062,-117.93845,21.7,,15.8
06-059-0007,6/24/2017,33.83062,-117.93845,21.5,,13
06-059-0007,6/26/2017,33.83062,-117.93845,25.4,,13.6
06-059-0007,6/27/2017,33.83062,-117.93845,24.5,,9.8
06-059-0007,6/28/2017,33.83062,-117.93845,20.6,,17.7
06-059-0007,6/29/2017,33.83062,-117.93845,20.4,,31.7
06-059-0007,6/30/2017,33.83062,-117.93845,21,,14.2
06-059-0007,7/1/2017,33.83062,-117.93845,20,,12.3
06-059-0007,7/2/2017,33.83062,-117.93845,21.3,,12
06-059-0007,7/3/2017,33.83062,-117.93845,22.6,,14.5
06-059-0007,7/4/2017,33.83062,-117.93845,24,,42.3
06-059-0007,7/5/2017,33.83062,-117.93845,23.6,,11.7
06-059-0007,7/6/2017,33.83062,-117.93845,24.8,,12.7
06-059-0007,7/7/2017,33.83062,-117.93845,26.6,,13.8
06-059-0007,7/8/2017,33.83062,-117.93845,27.1,,18.7
06-059-0007,7/9/2017,33.83062,-117.93845,26.7,,19.4
06-059-0007,7/10/2017,33.83062,-117.93845,26.1,,15.7
06-059-0007,7/11/2017,33.83062,-117.93845,25.2,,9.3
06-059-0007,7/12/2017,33.83062,-117.93845,24.6,,12
06-059-0007,7/13/2017,33.83062,-117.93845,24.5,,11.9
06-059-0007,7/14/2017,33.83062,-117.93845,22,,15.5
06-059-0007,7/15/2017,33.83062,-117.93845,23.9,,14.6
06-059-0007,7/16/2017,33.83062,-117.93845,23.7,,15.5
06-059-0007,7/17/2017,33.83062,-117.93845,23.8,,14.2
06-059-0007,7/18/2017,33.83062,-117.93845,24.4,,15
06-059-0007,7/19/2017,33.83062,-117.93845,24.7,,12.8
06-059-0007,7/20/2017,33.83062,-117.93845,24.8,,13.6
06-059-0007,7/21/2017,33.83062,-117.93845,24.2,,15.1
06-059-0007,7/22/2017,33.83062,-117.93845,23.9,,16.4
06-059-0007,7/23/2017,33.83062,-117.93845,24.1,,13
06-059-0007,7/24/2017,33.83062,-117.93845,23.1,,9.5
06-059-0007,7/25/2017,33.83062,-117.93845,24,,6.3
06-059-0007,7/26/2017,33.83062,-117.93845,24.5,,8.7
06-059-0007,7/27/2017,33.83062,-117.93845,24.9,,9.8
06-059-0007,7/28/2017,33.83062,-117.93845,22.6,,8.5
06-059-0007,7/29/2017,33.83062,-117.93845,23.2,,11.1
06-059-0007,7/30/2017,33.83062,-117.93845,24.3,,10.6
06-059-0007,7/31/2017,33.83062,-117.93845,24.1,,14
06-059-0007,8/2/2017,33.83062,-117.93845,26.7,,12.6
06-059-0007,8/3/2017,33.83062,-117.93845,28.1,,12.6
06-059-0007,8/4/2017,33.83062,-117.93845,26.3,,8.5
06-059-0007,8/5/2017,33.83062,-117.93845,23.8,,8.1
06-059-0007,8/6/2017,33.83062,-117.93845,24.1,,8.3
06-059-0007,8/7/2017,33.83062,-117.93845,23.8,,11.7
06-059-0007,8/8/2017,33.83062,-117.93845,24.3,,16.1
06-059-0007,8/9/2017,33.83062,-117.93845,23.6,,16.5
06-059-0007,8/10/2017,33.83062,-117.93845,24,,16.3
06-059-0007,8/11/2017,33.83062,-117.93845,24.4,,16.8
06-059-0007,8/12/2017,33.83062,-117.93845,23,,13.9
06-059-0007,8/13/2017,33.83062,-117.93845,23.4,,17.6
06-059-0007,8/14/2017,33.83062,-117.93845,22.5,,11.4
06-059-0007,8/15/2017,33.83062,-117.93845,21.3,,7
06-059-0007,8/16/2017,33.83062,-117.93845,22.2,,10.3
06-059-0007,8/17/2017,33.83062,-117.93845,22.9,,11.7
06-059-0007,8/18/2017,33.83062,-117.93845,22.8,,13.7
06-059-0007,8/19/2017,33.83062,-117.93845,22.4,,13.6
06-059-0007,8/20/2017,33.83062,-117.93845,22.2,,9.9
06-059-0007,8/21/2017,33.83062,-117.93845,23.1,,7.4
06-059-0007,8/22/2017,33.83062,-117.93845,23.3,,10.4
06-059-0007,8/23/2017,33.83062,-117.93845,22.2,,13.1
06-059-0007,8/24/2017,33.83062,-117.93845,21.6,,15.6
06-059-0007,8/25/2017,33.83062,-117.93845,21.5,,17
06-059-0007,8/26/2017,33.83062,-117.93845,24.1,,25.7
06-059-0007,8/27/2017,33.83062,-117.93845,24.4,,20.1
06-059-0007,8/28/2017,33.83062,-117.93845,25.9,,16
06-059-0007,8/29/2017,33.83062,-117.93845,27.1,,23.9
06-059-0007,8/30/2017,33.83062,-117.93845,28,,20.6
06-059-0007,8/31/2017,33.83062,-117.93845,28.7,,18.8
06-059-0007,9/1/2017,33.83062,-117.93845,30.5,,16.8
06-059-0007,9/2/2017,33.83062,-117.93845,29.4,,18.2
06-059-0007,9/3/2017,33.83062,-117.93845,28.7,,12.3
06-059-0007,9/4/2017,33.83062,-117.93845,24.3,,13.5
06-059-0007,9/5/2017,33.83062,-117.93845,25.3,,14.6
06-059-0007,9/6/2017,33.83062,-117.93845,24.7,,15
06-059-0007,9/7/2017,33.83062,-117.93845,24.5,,18.9
06-059-0007,9/8/2017,33.83062,-117.93845,22.8,,15.5
06-059-0007,9/9/2017,33.83062,-117.93845,23.6,,15.4
06-059-0007,9/10/2017,33.83062,-117.93845,25,,14.5
06-059-0007,9/11/2017,33.83062,-117.93845,26.3,,13.6
06-059-0007,9/12/2017,33.83062,-117.93845,24.2,,13.6
06-059-0007,9/13/2017,33.83062,-117.93845,22,,10.1
06-059-0007,9/14/2017,33.83062,-117.93845,21.3,,7.8
06-059-0007,9/15/2017,33.83062,-117.93845,21.4,,7.4
06-059-0007,9/16/2017,33.83062,-117.93845,21.7,,9.9
06-059-0007,9/17/2017,33.83062,-117.93845,21.2,,13.9
06-059-0007,9/18/2017,33.83062,-117.93845,20.6,,15.8
06-059-0007,9/19/2017,33.83062,-117.93845,21.8,,11.7
06-059-0007,9/20/2017,33.83062,-117.93845,21.3,,9.7
06-059-0007,9/21/2017,33.83062,-117.93845,20.8,,7.1
06-059-0007,9/22/2017,33.83062,-117.93845,18.9,,7.8
06-059-0007,9/23/2017,33.83062,-117.93845,19.1,,7.8
06-059-0007,9/24/2017,33.83062,-117.93845,21.5,,8.4
06-059-0007,9/25/2017,33.83062,-117.93845,23,,8.2
06-059-0007,9/26/2017,33.83062,-117.93845,22,,27.7
06-059-0007,9/27/2017,33.83062,-117.93845,22.2,,15.8
06-059-0007,9/28/2017,33.83062,-117.93845,23.6,,15.5
06-059-0007,11/1/2017,33.83062,-117.93845,19.3,,6.6
06-059-0007,11/2/2017,33.83062,-117.93845,18.2,,6
06-059-0007,11/3/2017,33.83062,-117.93845,18.3,,7.6
06-059-0007,11/4/2017,33.83062,-117.93845,18.1,,11.6
06-059-0007,11/8/2017,33.83062,-117.93845,19,,9.3
06-059-0007,11/10/2017,33.83062,-117.93845,17.8,,9.2
06-059-0007,11/11/2017,33.83062,-117.93845,16.7,,18.3
06-059-0007,11/12/2017,33.83062,-117.93845,16.6,,22.4
06-059-0007,11/13/2017,33.83062,-117.93845,16.4,,29.8
06-059-0007,11/14/2017,33.83062,-117.93845,17.7,,32.8
06-059-0007,11/15/2017,33.83062,-117.93845,18.5,,30.9
06-059-0007,11/18/2017,33.83062,-117.93845,18,,15.7
06-059-0007,11/21/2017,33.83062,-117.93845,20.5,,23.5
06-059-0007,11/22/2017,33.83062,-117.93845,23.6,,16.6
06-059-0007,11/23/2017,33.83062,-117.93845,23.1,,10.4
06-059-0007,11/24/2017,33.83062,-117.93845,20.6,,13.2
06-059-0007,11/25/2017,33.83062,-117.93845,18.6,,19.4
06-059-0007,11/29/2017,33.83062,-117.93845,15.6,,17.2
06-059-0007,11/30/2017,33.83062,-117.93845,15.3,,22.6
06-059-0007,12/1/2017,33.83062,-117.93845,15.9,,24.8
06-059-0007,12/2/2017,33.83062,-117.93845,16.7,,22.6
06-059-0007,12/3/2017,33.83062,-117.93845,15.2,,19
06-059-0007,12/4/2017,33.83062,-117.93845,15.9,,14
06-059-0007,12/5/2017,33.83062,-117.93845,18,,7.1
06-059-0007,12/7/2017,33.83062,-117.93845,20,,5
06-059-0007,12/13/2017,33.83062,-117.93845,15.7,,15.8
06-059-0007,12/16/2017,33.83062,-117.93845,14.4,,16.9
06-059-0007,12/17/2017,33.83062,-117.93845,15.8,,9.1
06-059-0007,12/18/2017,33.83062,-117.93845,14,,10.9
06-059-0007,12/19/2017,33.83062,-117.93845,13.2,,15.2
06-059-0007,12/20/2017,33.83062,-117.93845,11.9,,13.6
06-059-0007,12/21/2017,33.83062,-117.93845,10.7,,7.7
06-059-0007,12/22/2017,33.83062,-117.93845,10.6,,13
06-059-0007,12/23/2017,33.83062,-117.93845,12,,16.6
06-059-0007,12/24/2017,33.83062,-117.93845,13.1,,30.8
06-059-0007,12/25/2017,33.83062,-117.93845,11.9,,44.9
06-059-0007,12/26/2017,33.83062,-117.93845,12.2,,55.4
06-059-0007,12/27/2017,33.83062,-117.93845,14.2,,56.2
06-059-0007,12/28/2017,33.83062,-117.93845,15,,47.6
06-059-0007,12/29/2017,33.83062,-117.93845,16.1,,30.1
06-059-0007,12/30/2017,33.83062,-117.93845,13.8,,32.2
06-059-0007,12/31/2017,33.83062,-117.93845,12.9,,47.3
06-059-0007,1/1/2018,33.83062,-117.93845,13.5,,58.2125
06-059-0007,1/2/2018,33.83062,-117.93845,16.1,,68.083333
06-059-0007,1/3/2018,33.83062,-117.93845,16.4,,48.908333
06-059-0007,1/4/2018,33.83062,-117.93845,16.8,,34.541667
06-059-0007,1/5/2018,33.83062,-117.93845,16.9,,20.863636
06-059-0007,1/6/2018,33.83062,-117.93845,17,,19.229167
06-059-0007,1/7/2018,33.83062,-117.93845,17.2,,21.266667
06-059-0007,1/8/2018,33.83062,-117.93845,17.4,,21.725
06-059-0007,1/9/2018,33.83062,-117.93845,14.3,,3.4875
06-059-0007,1/10/2018,33.83062,-117.93845,14,,15.1125
06-059-0007,1/11/2018,33.83062,-117.93845,14.4,,20.633333
06-059-0007,1/12/2018,33.83062,-117.93845,15.1,,35.633333
06-059-0007,1/13/2018,33.83062,-117.93845,20.3,,9.929167
06-059-0007,1/14/2018,33.83062,-117.93845,20.8,,6.4375
06-059-0007,1/15/2018,33.83062,-117.93845,16.1,,13.6875
06-059-0007,1/16/2018,33.83062,-117.93845,15.6,,29.7
06-059-0007,1/17/2018,33.83062,-117.93845,16.7,,34.516667
06-059-0007,1/18/2018,33.83062,-117.93845,17.1,,22.233333
06-059-0007,1/19/2018,33.83062,-117.93845,15.1,,12.404762
06-059-0007,1/20/2018,33.83062,-117.93845,13.3,,4.915
06-059-0007,1/24/2018,33.83062,-117.93845,16.3,,5.1375
06-059-0007,1/25/2018,33.83062,-117.93845,12.3,,9.218182
06-059-0007,1/26/2018,33.83062,-117.93845,12.6,,9.871429
06-059-0007,1/27/2018,33.83062,-117.93845,14.7,,9.181818
06-059-0007,1/28/2018,33.83062,-117.93845,20.6,,4.947368
06-059-0007,1/29/2018,33.83062,-117.93845,24.1,,0.528571
06-059-0007,1/30/2018,33.83062,-117.93845,19.2,,6.654167
06-059-0007,1/31/2018,33.83062,-117.93845,18.1,,9.483333
06-059-0007,2/1/2018,33.83062,-117.93845,16.9,,22.679167
06-059-0007,2/2/2018,33.83062,-117.93845,17.9,,27.666667
06-059-0007,2/3/2018,33.83062,-117.93845,17.9,,28.179167
06-059-0007,2/4/2018,33.83062,-117.93845,17.7,,23.158333
06-059-0007,2/5/2018,33.83062,-117.93845,16,,19.479167
06-059-0007,2/6/2018,33.83062,-117.93845,15.4,,22.5125
06-059-0007,2/7/2018,33.83062,-117.93845,18.1,,17.645833
06-059-0007,2/8/2018,33.83062,-117.93845,18.9,,11.691667
06-059-0007,2/9/2018,33.83062,-117.93845,15.5,,16.5375
06-059-0007,2/10/2018,33.83062,-117.93845,15.5,,13.195833
06-059-0007,2/11/2018,33.83062,-117.93845,15.5,,13.05
06-059-0007,2/12/2018,33.83062,-117.93845,14.2,,6.045833
06-059-0007,2/13/2018,33.83062,-117.93845,14.4,,5.190476
06-059-0007,2/14/2018,33.83062,-117.93845,16.7,,4.831818
06-059-0007,2/15/2018,33.83062,-117.93845,16.6,,8.704167
06-059-0007,2/16/2018,33.83062,-117.93845,17.7,,4.620833
06-059-0007,2/17/2018,33.83062,-117.93845,16.2,,9.329167
06-059-0007,2/18/2018,33.83062,-117.93845,14.4,,8.45
06-059-0007,2/19/2018,33.83062,-117.93845,12.3,,3.045
06-059-0007,2/20/2018,33.83062,-117.93845,10,,4.104167
06-059-0007,2/21/2018,33.83062,-117.93845,11,,4.9125
06-059-0007,2/22/2018,33.83062,-117.93845,11.3,,5.875
06-059-0007,2/23/2018,33.83062,-117.93845,11,,7.561905
06-059-0007,2/24/2018,33.83062,-117.93845,10.4,,9.566667
06-059-0007,2/25/2018,33.83062,-117.93845,13,,8.6375
06-059-0007,2/26/2018,33.83062,-117.93845,12.5,,7.433333
06-059-0007,2/27/2018,33.83062,-117.93845,10.4,,5.854167
06-059-0007,2/28/2018,33.83062,-117.93845,10.8,,7.225
06-059-0007,3/1/2018,33.83062,-117.93845,12.3,,5.7625
06-059-0007,3/2/2018,33.83062,-117.93845,12.6,,4.941667
06-059-0007,3/3/2018,33.83062,-117.93845,13.3,,5.716667
06-059-0007,3/4/2018,33.83062,-117.93845,11.7,,7.3125
06-059-0007,3/5/2018,33.83062,-117.93845,15.5,,3.125
06-059-0007,3/6/2018,33.83062,-117.93845,18.4,,2.966667
06-059-0007,3/7/2018,33.83062,-117.93845,15.8,,15.358333
06-059-0007,3/8/2018,33.83062,-117.93845,16,,14.120833
06-059-0007,3/9/2018,33.83062,-117.93845,15.9,,6.27619
06-059-0007,3/10/2018,33.83062,-117.93845,15.2,,3.7625
06-059-0007,3/11/2018,33.83062,-117.93845,15.8,,3.908333
06-059-0007,3/12/2018,33.83062,-117.93845,17.4,,12.2875
06-059-0007,3/13/2018,33.83062,-117.93845,17.4,,11.55
06-059-0007,3/14/2018,33.83062,-117.93845,16.1,,3.147619
06-059-0007,3/15/2018,33.83062,-117.93845,15.4,,2.683333
06-059-0007,3/16/2018,33.83062,-117.93845,13.5,,3.6375
06-059-0007,3/17/2018,33.83062,-117.93845,13.7,,1.991667
06-059-0007,3/18/2018,33.83062,-117.93845,13,,5.0875
06-059-0007,3/19/2018,33.83062,-117.93845,16.7,,7.720833
06-059-0007,3/20/2018,33.83062,-117.93845,17.5,,12.383333
06-059-0007,3/21/2018,33.83062,-117.93845,17.5,,9.125
06-059-0007,3/22/2018,33.83062,-117.93845,16.9,,10.366667
06-059-0007,3/23/2018,33.83062,-117.93845,16.7,,4.5125
06-059-0007,3/24/2018,33.83062,-117.93845,14.7,,6.745833
06-059-0007,3/25/2018,33.83062,-117.93845,14.4,,4.016667
06-059-0007,3/26/2018,33.83062,-117.93845,14.8,,6.091667
06-059-0007,3/27/2018,33.83062,-117.93845,16.8,,6.025
06-059-0007,3/28/2018,33.83062,-117.93845,17.2,,9.104167
06-059-0007,3/29/2018,33.83062,-117.93845,17.5,,13.691667
06-059-0007,3/30/2018,33.83062,-117.93845,17.8,,22.266667
06-059-0007,3/31/2018,33.83062,-117.93845,16.5,,20.9875
06-059-0007,4/1/2018,33.83062,-117.93845,15.7,,11.975
06-059-0007,4/2/2018,33.83062,-117.93845,16.8,,8.670833
06-059-0007,4/3/2018,33.83062,-117.93845,17.5,,13.595833
06-059-0007,4/4/2018,33.83062,-117.93845,15.6,,19.429167
06-059-0007,4/5/2018,33.83062,-117.93845,16.3,,18.066667
06-059-0007,4/6/2018,33.83062,-117.93845,17.1,,11.2375
06-059-0007,4/7/2018,33.83062,-117.93845,17.9,,8.133333
06-059-0007,4/8/2018,33.83062,-117.93845,19,,11.675
06-059-0007,4/9/2018,33.83062,-117.93845,23.1,,17.5125
06-059-0007,4/10/2018,33.83062,-117.93845,22.8,,17.479167
06-059-0007,4/11/2018,33.83062,-117.93845,19.4,,12.9
06-059-0007,4/12/2018,33.83062,-117.93845,17.8,,8.495833
06-059-0007,4/13/2018,33.83062,-117.93845,18.9,,8.291667
06-059-0007,4/14/2018,33.83062,-117.93845,21.4,,11.933333
06-059-0007,4/15/2018,33.83062,-117.93845,18.3,,12.441667
06-059-0007,4/16/2018,33.83062,-117.93845,15.7,,6.791667
06-059-0007,4/17/2018,33.83062,-117.93845,15.5,,4.804167
06-059-0007,4/18/2018,33.83062,-117.93845,16.5,,7.586364
06-059-0007,4/19/2018,33.83062,-117.93845,14.3,,5.233333
06-059-0007,4/20/2018,33.83062,-117.93845,17,,11.195833
06-059-0007,4/21/2018,33.83062,-117.93845,20.4,,15.866667
06-059-0007,4/22/2018,33.83062,-117.93845,20.2,,15.245833
06-059-0007,4/23/2018,33.83062,-117.93845,18.3,,16.720833
06-059-0007,4/24/2018,33.83062,-117.93845,17,,16.354167
06-059-0007,4/25/2018,33.83062,-117.93845,17.9,,17.516667
06-059-0007,4/26/2018,33.83062,-117.93845,16.8,,16.933333
06-059-0007,4/27/2018,33.83062,-117.93845,17,,15.05
06-059-0007,4/28/2018,33.83062,-117.93845,17.3,,13.341667
06-059-0007,4/29/2018,33.83062,-117.93845,17.4,,10.283333
06-059-0007,4/30/2018,33.83062,-117.93845,16.4,,9.554167
06-059-0007,5/1/2018,33.83062,-117.93845,14.8,,9.770833
06-059-0007,5/2/2018,33.83062,-117.93845,14.8,,7.509091
06-059-0007,5/3/2018,33.83062,-117.93845,17.3,,10.425
06-059-0007,5/4/2018,33.83062,-117.93845,22.3,,10.866667
06-059-0007,5/5/2018,33.83062,-117.93845,23.4,,14.083333
06-059-0007,5/6/2018,33.83062,-117.93845,21,,12.358333
06-059-0007,5/7/2018,33.83062,-117.93845,18.7,,8.720833
06-059-0007,5/8/2018,33.83062,-117.93845,19,,10.4125
06-059-0007,5/9/2018,33.83062,-117.93845,19.7,,10.55
06-059-0007,5/10/2018,33.83062,-117.93845,19.2,,9.545833
06-059-0007,5/11/2018,33.83062,-117.93845,17.1,,7.1875
06-059-0007,5/12/2018,33.83062,-117.93845,16.9,,2.883333
06-059-0007,5/13/2018,33.83062,-117.93845,17.9,,4.554167
06-059-0007,5/14/2018,33.83062,-117.93845,18,,7.45
06-059-0007,5/15/2018,33.83062,-117.93845,17.7,,4.883333
06-059-0007,5/16/2018,33.83062,-117.93845,18.4,,4.2125
06-059-0007,5/17/2018,33.83062,-117.93845,18.1,,4.670833
06-059-0007,5/18/2018,33.83062,-117.93845,18.2,,5.6375
06-059-0007,5/19/2018,33.83062,-117.93845,18.1,,5.658333
06-059-0007,5/20/2018,33.83062,-117.93845,18.5,,7.295833
06-059-0007,5/21/2018,33.83062,-117.93845,17.3,,5.766667
06-059-0007,5/22/2018,33.83062,-117.93845,18.2,,4.866667
06-059-0007,5/23/2018,33.83062,-117.93845,18.5,,6.575
06-059-0007,5/24/2018,33.83062,-117.93845,17.5,,4.185714
06-059-0007,5/25/2018,33.83062,-117.93845,18.7,,2.291667
06-059-0007,5/26/2018,33.83062,-117.93845,18.4,,2.575
06-059-0007,5/27/2018,33.83062,-117.93845,18.9,,6.791667
06-059-0007,5/28/2018,33.83062,-117.93845,19.6,,10.708333
06-059-0007,5/29/2018,33.83062,-117.93845,18.9,,7.458333
06-059-0007,5/30/2018,33.83062,-117.93845,18.3,,3.283333
06-059-0007,5/31/2018,33.83062,-117.93845,19.6,,3.775
06-059-0007,6/1/2018,33.83062,-117.93845,20,,8.691667
06-059-0007,6/2/2018,33.83062,-117.93845,21.6,,11.45
06-059-0007,6/3/2018,33.83062,-117.93845,21.7,,12.208333
06-059-0007,6/4/2018,33.83062,-117.93845,19.7,,11.104167
06-059-0007,6/5/2018,33.83062,-117.93845,19,,8.883333
06-059-0007,6/6/2018,33.83062,-117.93845,19.9,,10.175
06-059-0007,6/7/2018,33.83062,-117.93845,20.7,,9.491667
06-059-0007,6/8/2018,33.83062,-117.93845,22.5,,12.054167
06-059-0007,6/9/2018,33.83062,-117.93845,22,,11.756522
06-059-0007,6/10/2018,33.83062,-117.93845,22.2,,12.575
06-059-0007,6/11/2018,33.83062,-117.93845,22.9,,13.170833
06-059-0007,6/12/2018,33.83062,-117.93845,22.1,,11.695833
06-059-0007,6/13/2018,33.83062,-117.93845,22.1,,12.391667
06-059-0007,6/14/2018,33.83062,-117.93845,22.5,,12.4
06-059-0007,6/15/2018,33.83062,-117.93845,21.8,,11.629167
06-059-0007,6/16/2018,33.83062,-117.93845,19.2,,5.508333
06-059-0007,6/17/2018,33.83062,-117.93845,19.1,,3
06-059-0007,6/18/2018,33.83062,-117.93845,20,,6.875
06-059-0007,6/19/2018,33.83062,-117.93845,20.2,,11.736842
06-059-0007,6/20/2018,33.83062,-117.93845,20.4,,12.345833
06-059-0007,6/21/2018,33.83062,-117.93845,21,,13.375
06-059-0007,6/22/2018,33.83062,-117.93845,22.3,,13.258333
06-059-0007,6/23/2018,33.83062,-117.93845,19.6,,9.7625
06-059-0007,6/24/2018,33.83062,-117.93845,20.2,,9.308333
06-059-0007,6/25/2018,33.83062,-117.93845,21.6,,10.133333
06-059-0007,6/26/2018,33.83062,-117.93845,22.2,,11.116667
06-059-0007,6/27/2018,33.83062,-117.93845,22.2,,11.1375
06-059-0007,6/28/2018,33.83062,-117.93845,20.8,,11.008333
06-059-0007,6/29/2018,33.83062,-117.93845,20.8,,9.6875
06-059-0007,6/30/2018,33.83062,-117.93845,21.1,,6.595833
06-059-0007,7/1/2018,33.83062,-117.93845,21.7,,4.958333
06-059-0007,7/2/2018,33.83062,-117.93845,22.4,,8.604167
06-059-0007,7/3/2018,33.83062,-117.93845,21.9,,6.9875
06-059-0007,7/4/2018,33.83062,-117.93845,22.9,,40.325
06-059-0007,7/5/2018,33.83062,-117.93845,25.8,,41.179167
06-059-0007,7/6/2018,33.83062,-117.93845,32.3,,14.2375
06-059-0007,7/7/2018,33.83062,-117.93845,29.3,,17.3625
06-059-0007,7/8/2018,33.83062,-117.93845,28.9,,15.770833
06-059-0007,7/9/2018,33.83062,-117.93845,27.4,,14.95
06-059-0007,7/11/2018,33.83062,-117.93845,25.8,,11.695833
06-059-0007,7/13/2018,33.83062,-117.93845,25.9,,9.991667
06-059-0007,7/14/2018,33.83062,-117.93845,25.9,,9.85
06-059-0007,7/15/2018,33.83062,-117.93845,24.5,,7.2
06-059-0007,7/16/2018,33.83062,-117.93845,24.6,,9.366667
06-059-0007,7/17/2018,33.83062,-117.93845,24.2,,9.204167
06-059-0007,7/18/2018,33.83062,-117.93845,24,,8.525
06-059-0007,7/19/2018,33.83062,-117.93845,24.8,,10.0375
06-059-0007,7/20/2018,33.83062,-117.93845,24.5,,6.445833
06-059-0007,7/21/2018,33.83062,-117.93845,25.2,,5.791667
06-059-0007,7/22/2018,33.83062,-117.93845,26.4,,6.225
06-059-0007,7/23/2018,33.83062,-117.93845,27.5,,10.608333
06-059-0007,7/24/2018,33.83062,-117.93845,27.2,,15.214286
06-059-0007,7/25/2018,33.83062,-117.93845,25.8,,16.254167
06-059-0007,7/26/2018,33.83062,-117.93845,24.7,,15.954167
06-059-0007,7/27/2018,33.83062,-117.93845,25.8,,17.495833
06-059-0007,7/28/2018,33.83062,-117.93845,24.5,,12.3625
06-059-0007,7/29/2018,33.83062,-117.93845,26.3,,11.2
06-059-0007,7/30/2018,33.83062,-117.93845,28,,9.054167
06-059-0007,7/31/2018,33.83062,-117.93845,27.6,,8.170833
06-059-0007,8/1/2018,33.83062,-117.93845,28,,10.908333
06-059-0007,8/2/2018,33.83062,-117.93845,26.6,,10.516667
06-059-0007,8/3/2018,33.83062,-117.93845,26.6,,11.941667
06-059-0007,8/4/2018,33.83062,-117.93845,25.7,,10.666667
06-059-0007,8/5/2018,33.83062,-117.93845,26.2,,12.2625
06-059-0007,8/6/2018,33.83062,-117.93845,27.9,,13.758333
06-059-0007,8/7/2018,33.83062,-117.93845,24.8,,12.891667
06-059-0007,8/8/2018,33.83062,-117.93845,28.3,,10.958333
06-059-0007,8/9/2018,33.83062,-117.93845,28.7,,13.991667
06-059-0007,8/10/2018,33.83062,-117.93845,28.6,,9.7875
06-059-0007,8/11/2018,33.83062,-117.93845,27.7,,9.408333
06-059-0007,8/12/2018,33.83062,-117.93845,25.7,,9.229167
06-059-0007,8/13/2018,33.83062,-117.93845,25,,8.879167
06-059-0007,8/14/2018,33.83062,-117.93845,24.8,,8.4
06-059-0007,8/15/2018,33.83062,-117.93845,24.6,,8.641667
06-059-0007,8/16/2018,33.83062,-117.93845,25.1,,12.479167
06-059-0007,8/17/2018,33.83062,-117.93845,26,,15.0375
06-059-0007,8/18/2018,33.83062,-117.93845,25,,15.495833
06-059-0007,8/19/2018,33.83062,-117.93845,25,,16.741667
06-059-0007,8/20/2018,33.83062,-117.93845,24.5,,17.545833
06-059-0007,8/21/2018,33.83062,-117.93845,24.9,,18.508333
06-059-0007,8/22/2018,33.83062,-117.93845,25.3,,13.531579
06-059-0007,8/23/2018,33.83062,-117.93845,25,,16.604167
06-059-0007,8/24/2018,33.83062,-117.93845,23.7,,24.679167
06-059-0007,8/25/2018,33.83062,-117.93845,23.6,,28.1125
06-059-0007,8/26/2018,33.83062,-117.93845,23.6,,21.825
06-059-0007,8/27/2018,33.83062,-117.93845,23,,20.204167
06-059-0007,8/28/2018,33.83062,-117.93845,23.3,,13.729167
06-059-0007,8/29/2018,33.83062,-117.93845,24.6,,10.054167
06-059-0007,8/30/2018,33.83062,-117.93845,24.3,,12.025
06-059-0007,8/31/2018,33.83062,-117.93845,23.2,,15.775
06-059-0007,9/1/2018,33.83062,-117.93845,22.7,,16.0125
06-059-0007,9/2/2018,33.83062,-117.93845,22.4,,12.608333
06-059-0007,9/3/2018,33.83062,-117.93845,23.1,,11.508333
06-059-0007,9/4/2018,33.83062,-117.93845,23.1,,12.05
06-059-0007,9/5/2018,33.83062,-117.93845,23.3,,9.666667
06-059-0007,9/6/2018,33.83062,-117.93845,22.4,,10.791667
06-059-0007,9/7/2018,33.83062,-117.93845,23.1,,17.208333
06-059-0007,9/8/2018,33.83062,-117.93845,24.3,,23.55
06-059-0007,9/9/2018,33.83062,-117.93845,23.2,,15.754167
06-059-0007,9/13/2018,33.83062,-117.93845,23.9,,16.270833
06-059-0007,9/14/2018,33.83062,-117.93845,25.2,,13.166667
06-059-0007,9/15/2018,33.83062,-117.93845,24.4,,12.2375
06-059-0007,9/16/2018,33.83062,-117.93845,23.7,,10.125
06-059-0007,9/17/2018,33.83062,-117.93845,23.5,,9.5375
06-059-0007,9/18/2018,33.83062,-117.93845,22.3,,10.6125
06-059-0007,9/19/2018,33.83062,-117.93845,21.7,,12.290476
06-059-0007,9/20/2018,33.83062,-117.93845,21.8,,13.838095
06-059-0007,9/21/2018,33.83062,-117.93845,22.7,,16.429167
06-059-0007,9/22/2018,33.83062,-117.93845,23.5,,14.633333
06-059-0007,9/23/2018,33.83062,-117.93845,22.7,,9.229167
06-059-0007,9/24/2018,33.83062,-117.93845,21.2,,8.133333
06-059-0007,9/25/2018,33.83062,-117.93845,21,,15.770833
06-059-0007,9/26/2018,33.83062,-117.93845,21.5,,18.358333
06-059-0007,9/27/2018,33.83062,-117.93845,20.5,,20.016667
06-059-0007,9/28/2018,33.83062,-117.93845,20.6,,14.95
06-059-0007,9/29/2018,33.83062,-117.93845,20.3,,9.270833
06-059-0007,9/30/2018,33.83062,-117.93845,20.6,,12.1875
06-059-0007,10/1/2018,33.83062,-117.93845,24.8,,8.920833
06-059-0007,10/2/2018,33.83062,-117.93845,21.9,,6.520833
06-059-0007,10/3/2018,33.83062,-117.93845,21.1,,4.929167
06-059-0007,10/4/2018,33.83062,-117.93845,20.6,,3.708333
06-059-0007,10/5/2018,33.83062,-117.93845,20.3,,6.2125
06-059-0007,10/6/2018,33.83062,-117.93845,20.9,,7.620833
06-059-0007,10/7/2018,33.83062,-117.93845,20.9,,9.029167
06-059-0007,10/8/2018,33.83062,-117.93845,20.7,,9.7125
06-059-0007,10/9/2018,33.83062,-117.93845,20.5,,9.116667
06-059-0007,10/10/2018,33.83062,-117.93845,19.9,,9.191667
06-059-0007,10/11/2018,33.83062,-117.93845,19.7,,6.528571
06-059-0007,10/12/2018,33.83062,-117.93845,20.5,,8.433333
06-059-0007,10/13/2018,33.83062,-117.93845,18.3,,5.7875
06-059-0007,10/14/2018,33.83062,-117.93845,19.3,,8.925
06-059-0007,10/15/2018,33.83062,-117.93845,21,,5.03913
06-059-0007,10/16/2018,33.83062,-117.93845,19.8,,5.395833
06-059-0007,10/17/2018,33.83062,-117.93845,20.3,,7.5625
06-059-0007,10/18/2018,33.83062,-117.93845,21.4,,7.691667
06-059-0007,10/19/2018,33.83062,-117.93845,23.2,,6.583333
06-059-0007,10/20/2018,33.83062,-117.93845,23.8,,6.65
06-059-0007,10/21/2018,33.83062,-117.93845,20.7,,8.7625
06-059-0007,10/22/2018,33.83062,-117.93845,20.3,,11.908333
06-059-0007,10/23/2018,33.83062,-117.93845,20.3,,18.579167
06-059-0007,10/24/2018,33.83062,-117.93845,20.3,,15.466667
06-059-0007,10/25/2018,33.83062,-117.93845,20.7,,16.391667
06-059-0007,10/26/2018,33.83062,-117.93845,21.5,,22.9625
06-059-0007,10/27/2018,33.83062,-117.93845,20.7,,21.4125
06-059-0007,10/28/2018,33.83062,-117.93845,18.7,,24.683333
06-059-0007,10/29/2018,33.83062,-117.93845,18.6,,19.3625
06-059-0007,10/30/2018,33.83062,-117.93845,19.8,,14.333333
06-059-0007,10/31/2018,33.83062,-117.93845,20.2,,14.429167
06-059-0007,11/1/2018,33.83062,-117.93845,20.3,,12.529167
06-059-0007,11/2/2018,33.83062,-117.93845,22.4,,11.525
06-059-0007,11/3/2018,33.83062,-117.93845,21.1,,13.925
06-059-0007,11/4/2018,33.83062,-117.93845,20.2,,15.566667
06-059-0007,11/5/2018,33.83062,-117.93845,19,,11.754167
06-059-0007,11/6/2018,33.83062,-117.93845,19.6,,9.9875
06-059-0007,11/7/2018,33.83062,-117.93845,18.8,,13.336364
06-059-0007,11/8/2018,33.83062,-117.93845,19.5,,19.020833
06-059-0007,11/9/2018,33.83062,-117.93845,22.6,,4.5875
06-059-0007,11/10/2018,33.83062,-117.93845,17.4,,8.229167
06-059-0007,11/11/2018,33.83062,-117.93845,16.9,,20.204167
06-059-0007,11/12/2018,33.83062,-117.93845,18.3,,3.408333
06-059-0007,11/13/2018,33.83062,-117.93845,20.6,,2.404167
06-059-0007,11/14/2018,33.83062,-117.93845,21.5,,5.2375
06-059-0007,11/15/2018,33.83062,-117.93845,18.4,,7.375
06-059-0007,11/16/2018,33.83062,-117.93845,17.1,,12.041667
06-059-0007,11/17/2018,33.83062,-117.93845,16.7,,14.7125
06-059-0007,11/18/2018,33.83062,-117.93845,17.3,,28.595833
06-059-0007,11/19/2018,33.83062,-117.93845,16.2,,28.325
06-059-0007,11/20/2018,33.83062,-117.93845,16,,25.358333
06-059-0007,11/21/2018,33.83062,-117.93845,16.7,,18.116667
06-059-0007,11/22/2018,33.83062,-117.93845,16.9,,8.216667
06-059-0007,11/23/2018,33.83062,-117.93845,16.8,,7.483333
06-059-0007,11/24/2018,33.83062,-117.93845,16.8,,10.2375
06-059-0007,11/25/2018,33.83062,-117.93845,17.5,,12.925
06-059-0007,11/26/2018,33.83062,-117.93845,18.2,,5.241667
06-059-0007,11/27/2018,33.83062,-117.93845,16.6,,9.025
06-059-0007,11/28/2018,33.83062,-117.93845,16.4,,6.095652
06-059-0007,11/29/2018,33.83062,-117.93845,15.3,,1.77619
06-059-0007,11/30/2018,33.83062,-117.93845,15.3,,9.0625
06-059-0007,12/1/2018,33.83062,-117.93845,13.7,,8.933333
06-059-0007,12/2/2018,33.83062,-117.93845,13.1,,7.645833
06-059-0007,12/3/2018,33.83062,-117.93845,13.9,,6.9875
06-059-0007,12/4/2018,33.83062,-117.93845,15.5,,2.3
06-059-0007,12/5/2018,33.83062,-117.93845,12.5,,3.841667
06-059-0007,12/6/2018,33.83062,-117.93845,13.4,,1.833333
06-059-0007,12/7/2018,33.83062,-117.93845,15.7,,4.7125
06-059-0007,12/8/2018,33.83062,-117.93845,14.6,,12.595833
06-059-0007,12/9/2018,33.83062,-117.93845,15.3,,16.4125
06-059-0007,12/10/2018,33.83062,-117.93845,14.8,,22.9
06-059-0007,12/11/2018,33.83062,-117.93845,15.2,,19.766667
06-059-0007,12/12/2018,33.83062,-117.93845,14.1,,16.841667
06-059-0007,12/13/2018,33.83062,-117.93845,15.8,,13.766667
06-059-0007,12/14/2018,33.83062,-117.93845,14.8,,15.95
06-059-0007,12/15/2018,33.83062,-117.93845,14.6,,15.591667
06-059-0007,12/16/2018,33.83062,-117.93845,13.6,,15.904167
06-059-0007,12/17/2018,33.83062,-117.93845,15.7,,10.370833
06-059-0007,12/18/2018,33.83062,-117.93845,16,,9.979167
06-059-0007,12/19/2018,33.83062,-117.93845,15.5,,19.854167
06-059-0007,12/20/2018,33.83062,-117.93845,15.1,,20.133333
06-059-0007,12/21/2018,33.83062,-117.93845,15.5,,17.754167
06-059-0007,12/22/2018,33.83062,-117.93845,14.1,,21.045833
06-059-0007,12/23/2018,33.83062,-117.93845,13.7,,37.475
06-059-0007,12/24/2018,33.83062,-117.93845,14.7,,44.095833
06-059-0007,12/25/2018,33.83062,-117.93845,15.5,,4.545833
06-059-0007,12/26/2018,33.83062,-117.93845,12.7,,10.45
06-059-0007,12/27/2018,33.83062,-117.93845,13.2,,7.375
06-059-0007,12/28/2018,33.83062,-117.93845,11.1,,1.820833
06-059-0007,12/29/2018,33.83062,-117.93845,9.9,,9.479167
06-059-0007,12/30/2018,33.83062,-117.93845,11.1,,9.495833
06-059-0007,12/31/2018,33.83062,-117.93845,12.7,,6.5
06-059-0007,1/1/2019,33.83062,-117.93845,11.8,,0.8
06-059-0007,1/2/2019,33.83062,-117.93845,10.5,,6.8
06-059-0007,1/3/2019,33.83062,-117.93845,11.1,,10.5
06-059-0007,1/4/2019,33.83062,-117.93845,10.8,,14.5
06-059-0007,1/5/2019,33.83062,-117.93845,12,,13.6
06-059-0007,1/6/2019,33.83062,-117.93845,12.4,,8.1
06-059-0007,1/7/2019,33.83062,-117.93845,13.4,,6.4
06-059-0007,1/8/2019,33.83062,-117.93845,15,,6.6
06-059-0007,1/9/2019,33.83062,-117.93845,13.6,,14.4
06-059-0007,1/10/2019,33.83062,-117.93845,13.6,,14.8
06-059-0007,1/12/2019,33.83062,-117.93845,12.8,,6.2
06-059-0007,1/13/2019,33.83062,-117.93845,12.3,,10.5
06-059-0007,1/14/2019,33.83062,-117.93845,12.8,,4.9
06-059-0007,1/15/2019,33.83062,-117.93845,13,,4.3
06-059-0007,1/16/2019,33.83062,-117.93845,14.8,,1.9
06-059-0007,1/17/2019,33.83062,-117.93845,16.1,,2.7
06-059-0007,1/18/2019,33.83062,-117.93845,15.2,,10.2
06-059-0007,1/19/2019,33.83062,-117.93845,16.6,,10.6
06-059-0007,1/20/2019,33.83062,-117.93845,16,,4.1
06-059-0007,1/21/2019,33.83062,-117.93845,14.5,,2.1
06-059-0007,1/22/2019,33.83062,-117.93845,12.8,,2.8
06-059-0007,1/23/2019,33.83062,-117.93845,12.9,,5.1
06-059-0007,1/24/2019,33.83062,-117.93845,15.1,,8.5
06-059-0007,1/25/2019,33.83062,-117.93845,17.4,,4.6
06-059-0007,1/26/2019,33.83062,-117.93845,19.3,,3.7
06-059-0007,1/27/2019,33.83062,-117.93845,16.1,,10.2
06-059-0007,1/28/2019,33.83062,-117.93845,15.4,,21.2
06-059-0007,1/29/2019,33.83062,-117.93845,16,,20.6
06-059-0007,1/30/2019,33.83062,-117.93845,15.4,,14.6
06-059-0007,1/31/2019,33.83062,-117.93845,13.8,,10.2
06-059-0007,2/1/2019,33.83062,-117.93845,13.7,,5.5
06-059-0007,2/2/2019,33.83062,-117.93845,13.6,,3.8
06-059-0007,2/3/2019,33.83062,-117.93845,12.5,,3.4
06-059-0007,2/4/2019,33.83062,-117.93845,13,,1.7
06-059-0007,2/5/2019,33.83062,-117.93845,10.9,,1.1
06-059-0007,2/6/2019,33.83062,-117.93845,9.2,,3.1
06-059-0007,2/7/2019,33.83062,-117.93845,10.2,,6.7
06-059-0007,2/8/2019,33.83062,-117.93845,10.9,,8.2
06-059-0007,2/9/2019,33.83062,-117.93845,11.5,,7.9
06-059-0007,2/10/2019,33.83062,-117.93845,10.4,,5.1
06-059-0007,2/11/2019,33.83062,-117.93845,9.5,,5.6
06-059-0007,2/12/2019,33.83062,-117.93845,12.3,,4.5
06-059-0007,2/13/2019,33.83062,-117.93845,13,,4
06-059-0007,2/14/2019,33.83062,-117.93845,14.8,,3.5
06-059-0007,2/15/2019,33.83062,-117.93845,12.6,,5
06-059-0007,2/16/2019,33.83062,-117.93845,12.4,,2.6
06-059-0007,2/17/2019,33.83062,-117.93845,10.6,,3.7
06-059-0007,2/18/2019,33.83062,-117.93845,9,,4.6
06-059-0007,2/19/2019,33.83062,-117.93845,8.9,,6.7
06-059-0007,2/20/2019,33.83062,-117.93845,9.6,,5.4
06-059-0007,2/21/2019,33.83062,-117.93845,8.9,,4
06-059-0007,2/22/2019,33.83062,-117.93845,9.5,,8
06-059-0007,3/2/2019,33.83062,-117.93845,15.1,,4.1
06-059-0007,3/3/2019,33.83062,-117.93845,15.2,,2.2
06-059-0007,3/4/2019,33.83062,-117.93845,14.3,,3.2
06-059-0007,3/5/2019,33.83062,-117.93845,14.2,,9
06-059-0007,3/6/2019,33.83062,-117.93845,15,,6.5
06-059-0007,3/7/2019,33.83062,-117.93845,14.3,,3.8
06-059-0007,3/8/2019,33.83062,-117.93845,12.6,,2.8
06-059-0007,3/9/2019,33.83062,-117.93845,12.4,,3.6
06-059-0007,3/10/2019,33.83062,-117.93845,12.3,,2.2
06-059-0007,3/11/2019,33.83062,-117.93845,13.7,,5.6
06-059-0007,3/12/2019,33.83062,-117.93845,15.1,,6.7
06-059-0007,3/13/2019,33.83062,-117.93845,14.3,,8.8
06-059-0007,3/14/2019,33.83062,-117.93845,16.9,,2.2
06-059-0007,3/16/2019,33.83062,-117.93845,19.1,,3.1
06-059-0007,3/17/2019,33.83062,-117.93845,20.1,,5.8
06-059-0007,3/18/2019,33.83062,-117.93845,17.7,,8.9
06-059-0007,3/19/2019,33.83062,-117.93845,15.4,,11
06-059-0007,3/20/2019,33.83062,-117.93845,15.8,,5.4
06-059-0007,3/21/2019,33.83062,-117.93845,13.1,,4.3
06-059-0007,3/22/2019,33.83062,-117.93845,14.1,,6.4
06-059-0007,3/23/2019,33.83062,-117.93845,15.3,,5.2
06-059-0007,3/24/2019,33.83062,-117.93845,16.6,,6.3
06-059-0007,3/25/2019,33.83062,-117.93845,16.8,,12.7
06-059-0007,3/26/2019,33.83062,-117.93845,16.3,,12.6
06-059-0007,3/27/2019,33.83062,-117.93845,17,,5.4
06-059-0007,3/28/2019,33.83062,-117.93845,17,,3.8
06-059-0007,3/29/2019,33.83062,-117.93845,16.4,,8
06-059-0007,3/30/2019,33.83062,-117.93845,19,,11.4
06-059-0007,3/31/2019,33.83062,-117.93845,20.4,,7.5
06-059-0007,4/1/2019,33.83062,-117.93845,21.4,,7.8
06-059-0007,4/2/2019,33.83062,-117.93845,17.2,,8.1
06-059-0007,4/3/2019,33.83062,-117.93845,16.4,,2
06-059-0007,4/4/2019,33.83062,-117.93845,16.3,,1
06-059-0007,4/5/2019,33.83062,-117.93845,16.8,,1.5
06-059-0007,4/6/2019,33.83062,-117.93845,17.3,,3
06-059-0007,4/7/2019,33.83062,-117.93845,19.9,,8.6
06-059-0007,4/8/2019,33.83062,-117.93845,22.3,,10.6
06-059-0007,4/9/2019,33.83062,-117.93845,20.7,,9.3
06-059-0007,4/10/2019,33.83062,-117.93845,20.1,,4.5
06-059-0007,4/11/2019,33.83062,-117.93845,16.9,,8.3
06-059-0007,4/12/2019,33.83062,-117.93845,17.6,,8.6
06-059-0007,4/13/2019,33.83062,-117.93845,19.1,,8.9
06-059-0007,4/14/2019,33.83062,-117.93845,18.5,,9.8
06-059-0007,4/15/2019,33.83062,-117.93845,15.1,,9.9
06-059-0007,4/16/2019,33.83062,-117.93845,16.1,,5.6
06-059-0007,4/17/2019,33.83062,-117.93845,17.8,,7.7
06-059-0007,4/18/2019,33.83062,-117.93845,20.7,,12.4
06-059-0007,4/19/2019,33.83062,-117.93845,17.8,,12
06-059-0007,4/20/2019,33.83062,-117.93845,16,,3.7
06-059-0007,4/21/2019,33.83062,-117.93845,16.8,,4.8
06-059-0007,4/22/2019,33.83062,-117.93845,17.3,,7.1
06-059-0007,4/23/2019,33.83062,-117.93845,18.5,,13
06-059-0007,4/24/2019,33.83062,-117.93845,18.7,,12.2
06-059-0007,4/25/2019,33.83062,-117.93845,18.7,,8.7
06-059-0007,4/26/2019,33.83062,-117.93845,17.6,,6.7
06-059-0007,4/27/2019,33.83062,-117.93845,17.3,,6.5
06-059-0007,4/28/2019,33.83062,-117.93845,17.4,,5.6
06-059-0007,4/29/2019,33.83062,-117.93845,16.4,,4.3
06-059-0007,4/30/2019,33.83062,-117.93845,16.7,,3.8
06-059-0007,5/1/2019,33.83062,-117.93845,17,,7.6
06-059-0007,5/2/2019,33.83062,-117.93845,17.5,,10.7
06-059-0007,5/3/2019,33.83062,-117.93845,18.1,,12.3
06-059-0007,5/4/2019,33.83062,-117.93845,18.3,,11.4
06-059-0007,5/5/2019,33.83062,-117.93845,17.9,,9
06-059-0007,5/6/2019,33.83062,-117.93845,17.9,,2.8
06-059-0007,5/7/2019,33.83062,-117.93845,17.2,,0.7
06-059-0007,5/8/2019,33.83062,-117.93845,17.1,,2.3
06-059-0007,5/9/2019,33.83062,-117.93845,17.2,,0.5
06-059-0007,5/10/2019,33.83062,-117.93845,17.3,,0.3
06-059-0007,5/11/2019,33.83062,-117.93845,19.4,,3.7
06-059-0007,5/12/2019,33.83062,-117.93845,18.8,,4.8
06-059-0007,5/13/2019,33.83062,-117.93845,18.6,,6.2
06-059-0007,5/14/2019,33.83062,-117.93845,19.4,,8.3
06-059-0007,5/15/2019,33.83062,-117.93845,18.2,,6.1
06-059-0007,5/16/2019,33.83062,-117.93845,17.5,,3.7
06-059-0007,5/17/2019,33.83062,-117.93845,17.4,,5.7
06-059-0007,5/18/2019,33.83062,-117.93845,17.5,,8.1
06-059-0007,5/19/2019,33.83062,-117.93845,15.6,,2
06-059-0007,5/20/2019,33.83062,-117.93845,17.5,,2.4
06-059-0007,5/21/2019,33.83062,-117.93845,17,,4.7
06-059-0007,5/22/2019,33.83062,-117.93845,15.7,,3.6
06-059-0007,5/23/2019,33.83062,-117.93845,15.8,,6.2
06-059-0007,5/24/2019,33.83062,-117.93845,17.3,,8.4
06-059-0007,5/25/2019,33.83062,-117.93845,16.9,,4.4
06-059-0007,5/26/2019,33.83062,-117.93845,15.1,,3.1
06-059-0007,5/27/2019,33.83062,-117.93845,15.5,,3.9
06-059-0007,5/28/2019,33.83062,-117.93845,17.1,,5
06-059-0007,5/29/2019,33.83062,-117.93845,18.7,,8.1
06-059-0007,5/30/2019,33.83062,-117.93845,18.4,,11.6
06-059-0007,5/31/2019,33.83062,-117.93845,18,,9.4
06-059-0007,6/1/2019,33.83062,-117.93845,17.6,,4.8
06-059-0007,6/2/2019,33.83062,-117.93845,17.6,,3.7
06-059-0007,6/3/2019,33.83062,-117.93845,18.9,,6.8
06-059-0007,6/4/2019,33.83062,-117.93845,18.5,,7.3
06-059-0007,6/5/2019,33.83062,-117.93845,19.1,,8.4
06-059-0007,6/6/2019,33.83062,-117.93845,19.8,,8.2
06-059-0007,6/7/2019,33.83062,-117.93845,19.3,,4.4
06-059-0007,6/8/2019,33.83062,-117.93845,20.1,,7.2
06-059-0007,6/9/2019,33.83062,-117.93845,22.4,,14.8
06-059-0007,6/10/2019,33.83062,-117.93845,25.3,,12
06-059-0007,6/11/2019,33.83062,-117.93845,23.8,,10.3
06-059-0007,6/12/2019,33.83062,-117.93845,22.4,,11.5
06-059-0007,6/13/2019,33.83062,-117.93845,19.7,,11.6
06-059-0007,6/14/2019,33.83062,-117.93845,19.4,,9.1
06-059-0007,6/15/2019,33.83062,-117.93845,20.2,,8.4
06-059-0007,6/16/2019,33.83062,-117.93845,20.4,,8.5
06-059-0007,6/17/2019,33.83062,-117.93845,19.3,,3.7
06-059-0007,6/18/2019,33.83062,-117.93845,19.1,,6.5
06-059-0007,6/19/2019,33.83062,-117.93845,21,,10.9
06-059-0007,6/20/2019,33.83062,-117.93845,19.5,,4
06-059-0007,6/21/2019,33.83062,-117.93845,19.2,,1.5
06-059-0007,6/22/2019,33.83062,-117.93845,20.7,,4.8
06-059-0007,6/23/2019,33.83062,-117.93845,20.9,,11.4
06-059-0007,6/24/2019,33.83062,-117.93845,19.8,,9.5
06-059-0007,6/25/2019,33.83062,-117.93845,18.7,,5.8
06-059-0007,6/26/2019,33.83062,-117.93845,20.2,,4.9
06-059-0007,6/27/2019,33.83062,-117.93845,21.4,,9.1
06-059-0007,6/28/2019,33.83062,-117.93845,21.7,,10.1
06-059-0007,6/29/2019,33.83062,-117.93845,22.6,,12.8
06-059-0007,6/30/2019,33.83062,-117.93845,24.1,,12.4
06-059-0007,7/1/2019,33.83062,-117.93845,23.3,,11.4
06-059-0007,7/2/2019,33.83062,-117.93845,22.1,,10.7
06-059-0007,7/3/2019,33.83062,-117.93845,21.4,,11.8
06-059-0007,7/4/2019,33.83062,-117.93845,21.8,,37.1
06-059-0007,7/5/2019,33.83062,-117.93845,21.6,,14
06-059-0007,7/6/2019,33.83062,-117.93845,20.9,,12.4
06-059-0007,7/7/2019,33.83062,-117.93845,20.2,,9.6
06-059-0007,7/8/2019,33.83062,-117.93845,20.4,,9.8
06-059-0007,7/9/2019,33.83062,-117.93845,22.6,,11.3
06-059-0007,7/10/2019,33.83062,-117.93845,22.7,,16.6
06-059-0007,7/11/2019,33.83062,-117.93845,23,,14.2
06-059-0007,7/12/2019,33.83062,-117.93845,23.3,,15.6
06-059-0007,7/13/2019,33.83062,-117.93845,21.9,,12.8
06-059-0007,7/14/2019,33.83062,-117.93845,23.4,,16.4
06-059-0007,7/15/2019,33.83062,-117.93845,23.2,,15.4
06-059-0007,7/16/2019,33.83062,-117.93845,22.1,,14.3
06-059-0007,7/17/2019,33.83062,-117.93845,21.7,,10.4
06-059-0007,7/18/2019,33.83062,-117.93845,22.3,,10
06-059-0007,7/19/2019,33.83062,-117.93845,21.5,,5.3
06-059-0007,7/20/2019,33.83062,-117.93845,22.4,,8
06-059-0007,7/21/2019,33.83062,-117.93845,23.2,,7.5
06-059-0007,7/22/2019,33.83062,-117.93845,23.4,,9
06-059-0007,7/23/2019,33.83062,-117.93845,27.7,,11
06-059-0007,7/24/2019,33.83062,-117.93845,27.6,,11.4
06-059-0007,7/25/2019,33.83062,-117.93845,27.6,,14.4
06-059-0007,7/26/2019,33.83062,-117.93845,26.8,,15.5
06-059-0007,7/27/2019,33.83062,-117.93845,26.6,,12.6
06-059-0007,7/28/2019,33.83062,-117.93845,23.6,,11
06-059-0007,7/29/2019,33.83062,-117.93845,23,,11.7
06-059-0007,7/30/2019,33.83062,-117.93845,22.9,,12.3
06-059-0007,7/31/2019,33.83062,-117.93845,23.1,,14.3
06-059-0007,8/1/2019,33.83062,-117.93845,23.9,,12.4
06-059-0007,8/2/2019,33.83062,-117.93845,24,,9.9
06-059-0007,8/3/2019,33.83062,-117.93845,24.3,,9.7
06-059-0007,8/4/2019,33.83062,-117.93845,24.1,,10
06-059-0007,8/5/2019,33.83062,-117.93845,24.5,,12.6
06-059-0007,8/6/2019,33.83062,-117.93845,24.1,,11.7
06-059-0007,8/7/2019,33.83062,-117.93845,22.8,,11
06-059-0007,8/8/2019,33.83062,-117.93845,22.6,,11.9
06-059-0007,8/9/2019,33.83062,-117.93845,22.4,,12.3
06-059-0007,8/10/2019,33.83062,-117.93845,22.5,,10.3
06-059-0007,8/11/2019,33.83062,-117.93845,22.5,,7
06-059-0007,8/12/2019,33.83062,-117.93845,22,,8.3
06-059-0007,8/13/2019,33.83062,-117.93845,23.2,,13.2
06-059-0007,8/14/2019,33.83062,-117.93845,23.6,,18.6
06-059-0007,8/15/2019,33.83062,-117.93845,22.8,,18
06-059-0007,8/16/2019,33.83062,-117.93845,21.3,,9
06-059-0007,8/17/2019,33.83062,-117.93845,21.4,,5.6
06-059-0007,8/18/2019,33.83062,-117.93845,21.6,,4.2
06-059-0007,8/19/2019,33.83062,-117.93845,22.7,,7.5
06-059-0007,8/20/2019,33.83062,-117.93845,23.6,,7.7
06-059-0007,8/21/2019,33.83062,-117.93845,24.6,,9.8
06-059-0007,8/22/2019,33.83062,-117.93845,22.2,,11.1
06-059-0007,8/23/2019,33.83062,-117.93845,22.5,,10.5
06-059-0007,8/24/2019,33.83062,-117.93845,25,,8
06-059-0007,8/25/2019,33.83062,-117.93845,26,,7.9
06-059-0007,8/26/2019,33.83062,-117.93845,25.9,,7.5
06-059-0007,8/27/2019,33.83062,-117.93845,24.4,,9.1
06-059-0007,8/28/2019,33.83062,-117.93845,23.9,,9.8
06-059-0007,8/29/2019,33.83062,-117.93845,25.7,,13.5
06-059-0007,8/30/2019,33.83062,-117.93845,26.4,,10.4
06-059-0007,8/31/2019,33.83062,-117.93845,25.4,,13.2
06-059-0007,9/1/2019,33.83062,-117.93845,24,,13.6
06-059-0007,9/2/2019,33.83062,-117.93845,26.4,,9.2
06-059-0007,9/3/2019,33.83062,-117.93845,28.3,,9.4
06-059-0007,9/4/2019,33.83062,-117.93845,28.2,,13.5
06-059-0007,9/5/2019,33.83062,-117.93845,27.9,,13.6
06-059-0007,9/6/2019,33.83062,-117.93845,27.3,,12.9
06-059-0007,9/7/2019,33.83062,-117.93845,25.6,,12.6
06-059-0007,9/9/2019,33.83062,-117.93845,22.6,,11.3
06-059-0007,9/10/2019,33.83062,-117.93845,22.2,,11.7
06-059-0007,9/12/2019,33.83062,-117.93845,24.3,,16.3
06-059-0007,9/13/2019,33.83062,-117.93845,26.4,,17.1
06-059-0007,9/14/2019,33.83062,-117.93845,26.6,,13.2
06-059-0007,9/15/2019,33.83062,-117.93845,24.3,,14.8
06-059-0007,9/16/2019,33.83062,-117.93845,23,,12.8
06-059-0007,9/17/2019,33.83062,-117.93845,22.6,,7.5
06-059-0007,9/18/2019,33.83062,-117.93845,22.3,,6.2
06-059-0007,9/19/2019,33.83062,-117.93845,22,,5.9
06-059-0007,9/20/2019,33.83062,-117.93845,22.6,,6.5
06-059-0007,9/21/2019,33.83062,-117.93845,23.6,,10.6
06-059-0007,9/22/2019,33.83062,-117.93845,24.3,,9.6
06-059-0007,9/23/2019,33.83062,-117.93845,22.6,,8.3
06-059-0007,9/24/2019,33.83062,-117.93845,23.8,,11.4
06-059-0007,9/25/2019,33.83062,-117.93845,22.9,,9.8
06-059-0007,9/26/2019,33.83062,-117.93845,22.4,,5.9
06-059-0007,9/27/2019,33.83062,-117.93845,21.8,,5.2
06-059-0007,9/28/2019,33.83062,-117.93845,20.7,,1.6
06-059-0007,9/29/2019,33.83062,-117.93845,19.4,,4.9
06-059-0007,10/1/2019,33.83062,-117.93845,18.7,,6.9
06-059-0007,10/2/2019,33.83062,-117.93845,20.3,,8.6
06-059-0007,10/8/2019,33.83062,-117.93845,20,,10.4
06-059-0007,10/9/2019,33.83062,-117.93845,19.6,,7.7
06-059-0007,10/10/2019,33.83062,-117.93845,22.2,,11.7
06-059-0007,10/11/2019,33.83062,-117.93845,25.7,,4.3
06-059-0007,10/12/2019,33.83062,-117.93845,20.9,,8.6
06-059-0007,10/13/2019,33.83062,-117.93845,18.6,,10.8
06-059-0007,10/14/2019,33.83062,-117.93845,19.2,,11
06-059-0007,10/15/2019,33.83062,-117.93845,20.8,,18.1
06-059-0007,10/16/2019,33.83062,-117.93845,22.3,,14.7
06-059-0007,10/17/2019,33.83062,-117.93845,19.8,,10.8
06-059-0007,10/18/2019,33.83062,-117.93845,20.4,,10.9
06-059-0007,10/19/2019,33.83062,-117.93845,19.6,,13.9
06-059-0007,10/20/2019,33.83062,-117.93845,21.9,,10.6
06-059-0007,10/21/2019,33.83062,-117.93845,24.2,,9.6
06-059-0007,10/22/2019,33.83062,-117.93845,25,,7.9
06-059-0007,10/23/2019,33.83062,-117.93845,23.5,,9.7
06-059-0007,10/24/2019,33.83062,-117.93845,26.4,,6.4
06-059-0007,10/25/2019,33.83062,-117.93845,27.1,,4.3
06-059-0007,10/26/2019,33.83062,-117.93845,22.8,,5.8
06-059-0007,10/27/2019,33.83062,-117.93845,18.6,,10.4
06-059-0007,10/28/2019,33.83062,-117.93845,19.3,,8.7
06-059-0007,10/29/2019,33.83062,-117.93845,16.5,,11.2
06-059-0007,10/30/2019,33.83062,-117.93845,17.6,,9.7
06-059-0007,10/31/2019,33.83062,-117.93845,20.1,,8.4
06-059-0007,11/1/2019,33.83062,-117.93845,17,,11.1
06-059-0007,11/2/2019,33.83062,-117.93845,17.4,,17
06-059-0007,11/3/2019,33.83062,-117.93845,16.9,,17.8
06-059-0007,11/4/2019,33.83062,-117.93845,17.6,,19.7
06-059-0007,11/5/2019,33.83062,-117.93845,17.6,,20.8
06-059-0007,11/6/2019,33.83062,-117.93845,16.7,,18.3
06-059-0007,11/7/2019,33.83062,-117.93845,18.9,,33.1
06-059-0007,11/8/2019,33.83062,-117.93845,20.6,,26.4
06-059-0007,11/9/2019,33.83062,-117.93845,21,,11.3
06-059-0007,11/10/2019,33.83062,-117.93845,17.3,,15.4
06-059-0007,11/11/2019,33.83062,-117.93845,18.1,,21.9
06-059-0007,11/12/2019,33.83062,-117.93845,16.4,,30.7
06-059-0007,11/13/2019,33.83062,-117.93845,15,,30.8
06-059-0007,11/14/2019,33.83062,-117.93845,17,,18.6
06-059-0007,11/15/2019,33.83062,-117.93845,16.4,,12.8
06-059-0007,11/16/2019,33.83062,-117.93845,17.5,,22.3
06-059-0007,11/17/2019,33.83062,-117.93845,22.5,,8.7
06-059-0007,11/18/2019,33.83062,-117.93845,21.8,,5.8
06-059-0007,11/19/2019,33.83062,-117.93845,19.6,,7.9
06-059-0007,11/21/2019,33.83062,-117.93845,14.9,,7.7
06-059-0007,11/22/2019,33.83062,-117.93845,16.1,,10.3
06-059-0007,11/23/2019,33.83062,-117.93845,17.9,,5.5
06-059-0007,11/24/2019,33.83062,-117.93845,16.7,,6.9
06-059-0007,11/25/2019,33.83062,-117.93845,14.8,,10.3
06-059-0007,11/26/2019,33.83062,-117.93845,15.6,,7.5
06-059-0007,11/27/2019,33.83062,-117.93845,12.1,,5.6
06-059-0007,11/28/2019,33.83062,-117.93845,9.4,,3.9
06-059-0007,11/29/2019,33.83062,-117.93845,9.9,,5.3
06-059-0007,11/30/2019,33.83062,-117.93845,12.1,,5.4
06-059-0007,12/1/2019,33.83062,-117.93845,13.3,,7.8
06-059-0007,12/2/2019,33.83062,-117.93845,14.1,,12.6
06-059-0007,12/3/2019,33.83062,-117.93845,15,,20.3
06-059-0007,12/4/2019,33.83062,-117.93845,14.9,,7.7
06-059-0007,12/5/2019,33.83062,-117.93845,15,,10.2
06-059-0007,12/6/2019,33.83062,-117.93845,15.5,,11.3
06-059-0007,12/7/2019,33.83062,-117.93845,17.3,,7
06-059-0007,12/8/2019,33.83062,-117.93845,16.3,,6
06-059-0007,12/9/2019,33.83062,-117.93845,14.7,,7.9
06-059-0007,12/10/2019,33.83062,-117.93845,14.3,,10.6
06-059-0007,12/11/2019,33.83062,-117.93845,14,,16.5
06-059-0007,12/12/2019,33.83062,-117.93845,15.3,,16.3
06-059-0007,12/13/2019,33.83062,-117.93845,14.9,,19.5
06-059-0007,12/14/2019,33.83062,-117.93845,14.9,,13.9
06-059-0007,12/15/2019,33.83062,-117.93845,13.1,,9.5
06-059-0007,12/16/2019,33.83062,-117.93845,14,,2.9
06-059-0007,12/17/2019,33.83062,-117.93845,16.2,,1.6
06-059-0007,12/18/2019,33.83062,-117.93845,11,,7.4
06-059-0007,12/19/2019,33.83062,-117.93845,11.4,,14.8
06-059-0007,12/20/2019,33.83062,-117.93845,15.6,,10.5
06-059-0007,12/21/2019,33.83062,-117.93845,15,,6
06-059-0007,12/22/2019,33.83062,-117.93845,15.3,,6.4
06-059-0007,12/23/2019,33.83062,-117.93845,12,,4.3
06-059-0007,12/24/2019,33.83062,-117.93845,11.2,,13.2
06-059-0007,12/25/2019,33.83062,-117.93845,11.6,,5.2
06-059-0007,12/26/2019,33.83062,-117.93845,10,,4
06-059-0007,12/27/2019,33.83062,-117.93845,10.4,,8.5
06-059-0007,12/28/2019,33.83062,-117.93845,11.2,,10.9
06-059-0007,12/29/2019,33.83062,-117.93845,11.7,,12.9
06-059-0007,12/30/2019,33.83062,-117.93845,13.9,,4.5
06-059-0007,12/31/2019,33.83062,-117.93845,14.7,,4.6
06-059-0007,1/1/2020,33.83062,-117.93845,13.8,,14.7
06-059-0007,1/2/2020,33.83062,-117.93845,13.5,,14.2
06-059-0007,1/3/2020,33.83062,-117.93845,14.5,,15.8
06-059-0007,1/4/2020,33.83062,-117.93845,13.3,,21.3
06-059-0007,1/5/2020,33.83062,-117.93845,13.1,,25
06-059-0007,1/6/2020,33.83062,-117.93845,17.3,,3.2
06-059-0007,1/7/2020,33.83062,-117.93845,16.1,,4.9
06-059-0007,1/8/2020,33.83062,-117.93845,13.1,,8.4
06-059-0007,1/9/2020,33.83062,-117.93845,12.8,,7.8
06-059-0007,1/10/2020,33.83062,-117.93845,12.1,,9
06-059-0007,1/11/2020,33.83062,-117.93845,11.7,,10.9
06-059-0007,1/12/2020,33.83062,-117.93845,12.6,,13.1
06-059-0007,1/13/2020,33.83062,-117.93845,13,,13.7
06-059-0007,1/14/2020,33.83062,-117.93845,11.9,,20.9
06-059-0007,1/15/2020,33.83062,-117.93845,12.1,,33.5
06-059-0007,1/16/2020,33.83062,-117.93845,12.3,,24.2
06-059-0007,1/17/2020,33.83062,-117.93845,12.6,,6.1
06-059-0007,1/18/2020,33.83062,-117.93845,14.3,,12.3
06-059-0007,1/19/2020,33.83062,-117.93845,14.8,,15.4
06-059-0007,1/20/2020,33.83062,-117.93845,14.8,,12.8
06-059-0007,1/21/2020,33.83062,-117.93845,14.5,,6.3
06-059-0007,1/22/2020,33.83062,-117.93845,13.3,,8.8
06-059-0007,1/23/2020,33.83062,-117.93845,15.4,,14.4
06-059-0007,1/24/2020,33.83062,-117.93845,14.6,,16.3
06-059-0007,1/25/2020,33.83062,-117.93845,14,,29.7
06-059-0007,1/27/2020,33.83062,-117.93845,14.9,,26.4
06-059-0007,1/28/2020,33.83062,-117.93845,15.6,,12.6
06-059-0007,1/29/2020,33.83062,-117.93845,15.1,,7.4
06-059-0007,1/30/2020,33.83062,-117.93845,15.2,,10.1
06-059-0007,1/31/2020,33.83062,-117.93845,17.4,,9.3
06-059-0007,2/1/2020,33.83062,-117.93845,18,,10.9
06-059-0007,2/2/2020,33.83062,-117.93845,14.9,,9.8
06-059-0007,2/3/2020,33.83062,-117.93845,13.9,,3.9
06-059-0007,2/4/2020,33.83062,-117.93845,11.7,,2.7
06-059-0007,2/5/2020,33.83062,-117.93845,10.3,,7.4
06-059-0007,2/6/2020,33.83062,-117.93845,12.2,,9.4
06-059-0007,2/7/2020,33.83062,-117.93845,13.3,,17.6
06-059-0007,2/8/2020,33.83062,-117.93845,13.7,,20.7
06-059-0007,2/9/2020,33.83062,-117.93845,13.6,,6.6
06-059-0007,2/10/2020,33.83062,-117.93845,15.5,,7.1
06-059-0007,2/11/2020,33.83062,-117.93845,15.5,,6.9
06-059-0007,2/12/2020,33.83062,-117.93845,13.3,,8.6
06-059-0007,2/13/2020,33.83062,-117.93845,13.7,,13.6
06-059-0007,2/14/2020,33.83062,-117.93845,13.7,,14
06-059-0007,2/15/2020,33.83062,-117.93845,13.9,,11.7
06-059-0007,2/16/2020,33.83062,-117.93845,14.5,,13.7
06-059-0007,2/17/2020,33.83062,-117.93845,15,,14.9
06-059-0007,2/18/2020,33.83062,-117.93845,15.5,,11.5
06-059-0007,2/19/2020,33.83062,-117.93845,16.7,,12.3
06-059-0007,2/20/2020,33.83062,-117.93845,17.2,,16.8
06-059-0007,2/21/2020,33.83062,-117.93845,17.6,,11.7
06-059-0007,2/22/2020,33.83062,-117.93845,15.2,,4.5
06-059-0007,2/23/2020,33.83062,-117.93845,15.6,,9.3
06-059-0007,2/24/2020,33.83062,-117.93845,15.4,,12.6
06-059-0007,2/25/2020,33.83062,-117.93845,18.7,,11.9
06-059-0007,2/26/2020,33.83062,-117.93845,19.7,,4.7
06-059-0007,2/27/2020,33.83062,-117.93845,21.3,,5.2
06-059-0007,2/28/2020,33.83062,-117.93845,21.1,,4.6
06-059-0007,2/29/2020,33.83062,-117.93845,17,,7.2
06-059-0007,3/1/2020,33.83062,-117.93845,14.5,,5.8
06-059-0007,3/2/2020,33.83062,-117.93845,15.6,,3.2
06-059-0007,3/3/2020,33.83062,-117.93845,18.2,,4.5
06-059-0007,3/4/2020,33.83062,-117.93845,16.2,,11.4
06-059-0007,3/5/2020,33.83062,-117.93845,18.4,,17.1
06-059-0007,3/6/2020,33.83062,-117.93845,16.5,,8.6
06-059-0007,3/7/2020,33.83062,-117.93845,15.8,,2.1
06-059-0007,3/11/2020,33.83062,-117.93845,18.7,,2.4
06-059-0007,3/12/2020,33.83062,-117.93845,14.1,,6.4
06-059-0007,3/14/2020,33.83062,-117.93845,15.5,,3.4
06-059-0007,3/15/2020,33.83062,-117.93845,15.9,,3.5
06-059-0007,3/16/2020,33.83062,-117.93845,14.6,,3.3
06-059-0007,3/17/2020,33.83062,-117.93845,12.5,,1.9
06-059-0007,3/18/2020,33.83062,-117.93845,12.6,,4.2
06-059-0007,3/19/2020,33.83062,-117.93845,14,,1.5
06-059-0007,3/20/2020,33.83062,-117.93845,14.8,,4.7
06-059-0007,3/21/2020,33.83062,-117.93845,15.7,,4.6
06-059-0007,3/22/2020,33.83062,-117.93845,15.4,,2.5
06-059-0007,3/23/2020,33.83062,-117.93845,16.1,,2.4
06-059-0007,3/24/2020,33.83062,-117.93845,14.8,,3.1
06-059-0007,3/25/2020,33.83062,-117.93845,15.1,,1
06-059-0007,3/26/2020,33.83062,-117.93845,13.3,,0.9
06-059-0007,3/27/2020,33.83062,-117.93845,13.3,,3.6
06-059-0007,3/28/2020,33.83062,-117.93845,14.7,,6
06-059-0007,3/29/2020,33.83062,-117.93845,15,,7.7
06-059-0007,3/30/2020,33.83062,-117.93845,17,,7.7
06-059-0007,3/31/2020,33.83062,-117.93845,18,,9.2
06-059-0007,4/1/2020,33.83062,-117.93845,17.4,,7.7
06-059-0007,4/2/2020,33.83062,-117.93845,17.7,,8.3
06-059-0007,4/3/2020,33.83062,-117.93845,16.8,,8.7
06-059-0007,4/4/2020,33.83062,-117.93845,16.4,,7.1
06-059-0007,4/5/2020,33.83062,-117.93845,15.3,,1.5
06-059-0007,4/6/2020,33.83062,-117.93845,14.8,,0.4
06-059-0007,4/7/2020,33.83062,-117.93845,14.2,,3
06-059-0007,4/8/2020,33.83062,-117.93845,13.4,,1
06-059-0007,4/9/2020,33.83062,-117.93845,12.2,,1.8
06-059-0007,4/15/2020,33.83062,-117.93845,20.2,,6.6
06-059-0007,4/16/2020,33.83062,-117.93845,17.7,,7.7
06-059-0007,4/17/2020,33.83062,-117.93845,16.6,,3.1
06-059-0007,4/18/2020,33.83062,-117.93845,16.8,,3.7
06-059-0007,4/19/2020,33.83062,-117.93845,17,,3.4
06-059-0007,4/20/2020,33.83062,-117.93845,17.4,,5
06-059-0007,4/21/2020,33.83062,-117.93845,18,,5.5
06-059-0007,4/22/2020,33.83062,-117.93845,20.9,,10.4
06-059-0007,4/23/2020,33.83062,-117.93845,22.6,,11.3
06-059-0007,4/24/2020,33.83062,-117.93845,26.5,,10.6
06-059-0007,4/25/2020,33.83062,-117.93845,23.9,,9.4
06-059-0007,4/26/2020,33.83062,-117.93845,21.8,,6.6
06-059-0007,4/27/2020,33.83062,-117.93845,20.3,,8.4
06-059-0007,4/28/2020,33.83062,-117.93845,21,,12.2
06-059-0007,4/29/2020,33.83062,-117.93845,19.9,,10.2
06-059-0007,4/30/2020,33.83062,-117.93845,20.3,,11.3
06-059-0007,5/1/2020,33.83062,-117.93845,21.1,,10
06-059-0007,5/2/2020,33.83062,-117.93845,20.8,,9.6
06-059-0007,5/3/2020,33.83062,-117.93845,20.6,,8.8
06-059-0007,5/4/2020,33.83062,-117.93845,22,,10.1
06-059-0007,5/5/2020,33.83062,-117.93845,24.7,,13
06-059-0007,5/6/2020,33.83062,-117.93845,25.7,,14.2
06-059-0007,5/7/2020,33.83062,-117.93845,24.7,,13.2
06-059-0007,5/8/2020,33.83062,-117.93845,21.7,,16.7
06-059-0007,5/9/2020,33.83062,-117.93845,20.4,,15.2
06-059-0007,5/10/2020,33.83062,-117.93845,20.3,,11.9
06-059-0007,5/11/2020,33.83062,-117.93845,20,,7.7
06-059-0007,5/12/2020,33.83062,-117.93845,19,,3.4
06-059-0007,5/13/2020,33.83062,-117.93845,19.4,,3.2
06-059-0007,5/14/2020,33.83062,-117.93845,19.9,,6
06-059-0007,5/15/2020,33.83062,-117.93845,21.3,,7.6
06-059-0007,5/16/2020,33.83062,-117.93845,21.8,,10.4
06-059-0007,5/17/2020,33.83062,-117.93845,21.1,,8.3
06-059-0007,5/18/2020,33.83062,-117.93845,19.6,,3.8
06-059-0007,5/19/2020,33.83062,-117.93845,18.5,,4.3
06-059-0007,5/20/2020,33.83062,-117.93845,20,,6.4
06-059-0007,5/21/2020,33.83062,-117.93845,22,,9.1
06-059-0007,5/22/2020,33.83062,-117.93845,20.1,,10.4
06-059-0007,5/23/2020,33.83062,-117.93845,20.3,,10.5
06-059-0007,5/24/2020,33.83062,-117.93845,20.9,,14.3
06-059-0007,5/25/2020,33.83062,-117.93845,22.1,,15.1
06-059-0007,5/26/2020,33.83062,-117.93845,22.5,,14.2
06-059-0007,5/27/2020,33.83062,-117.93845,21,,8.4
06-059-0007,5/30/2020,33.83062,-117.93845,21,,3.9
06-059-0007,5/31/2020,33.83062,-117.93845,20.9,,5.2
06-059-0007,6/1/2020,33.83062,-117.93845,23.3,,8.3
06-059-0007,6/2/2020,33.83062,-117.93845,22.1,,10.3
06-059-0007,6/3/2020,33.83062,-117.93845,23.5,,12.2
06-059-0007,6/4/2020,33.83062,-117.93845,20.6,,9.4
06-059-0007,6/5/2020,33.83062,-117.93845,19.9,,6.1
06-059-0007,6/6/2020,33.83062,-117.93845,20.4,,6.1
06-059-0007,6/7/2020,33.83062,-117.93845,20.7,,8
06-059-0007,6/8/2020,33.83062,-117.93845,23.9,,6.7
06-059-0007,6/9/2020,33.83062,-117.93845,28.2,,2.7
06-059-0007,6/10/2020,33.83062,-117.93845,28,,7.9
06-059-0007,6/11/2020,33.83062,-117.93845,24.6,,9.1
06-059-0007,6/12/2020,33.83062,-117.93845,21.3,,9.7
06-059-0007,6/13/2020,33.83062,-117.93845,21.3,,7.4
06-059-0007,6/14/2020,33.83062,-117.93845,21.9,,7.1
06-059-0007,6/17/2020,33.83062,-117.93845,20.7,,7.6
06-059-0007,6/18/2020,33.83062,-117.93845,19.4,,8.5
06-059-0007,6/19/2020,33.83062,-117.93845,21.2,,9.7
06-059-0007,6/20/2020,33.83062,-117.93845,20.8,,11.3
06-059-0007,6/21/2020,33.83062,-117.93845,21.6,,10
06-059-0007,6/22/2020,33.83062,-117.93845,21.8,,7.6
06-059-0007,6/23/2020,33.83062,-117.93845,21.2,,8.5
06-059-0007,6/24/2020,33.83062,-117.93845,21.5,,9.2
06-059-0007,6/25/2020,33.83062,-117.93845,21,,5.6
06-059-0007,6/26/2020,33.83062,-117.93845,22.5,,10.4
06-059-0007,6/27/2020,33.83062,-117.93845,21.8,,5.9
06-059-0007,6/28/2020,33.83062,-117.93845,20.8,,3.2
06-059-0007,6/29/2020,33.83062,-117.93845,20.7,,3.8
06-059-0007,6/30/2020,33.83062,-117.93845,21.7,,9.3
06-059-0007,7/1/2020,33.83062,-117.93845,20.6,,9.2
06-059-0007,7/2/2020,33.83062,-117.93845,22,,8.1
06-059-0007,7/3/2020,33.83062,-117.93845,23.7,,13.2
06-059-0007,7/4/2020,33.83062,-117.93845,24.8,,55
06-059-0007,7/5/2020,33.83062,-117.93845,25.5,,18.1
06-059-0007,7/6/2020,33.83062,-117.93845,24.9,,13.6
06-059-0007,7/7/2020,33.83062,-117.93845,23.9,,14.9
06-059-0007,7/8/2020,33.83062,-117.93845,22.8,,14.1
06-059-0007,7/9/2020,33.83062,-117.93845,23.7,,13.7
06-059-0007,7/10/2020,33.83062,-117.93845,25.5,,13.2
06-059-0007,7/11/2020,33.83062,-117.93845,28,,13.2
06-059-0007,7/12/2020,33.83062,-117.93845,27.2,,9.2
06-059-0007,7/13/2020,33.83062,-117.93845,24.8,,13.7
06-059-0007,7/14/2020,33.83062,-117.93845,23.8,,10.5
06-059-0007,7/15/2020,33.83062,-117.93845,23.1,,7.1
06-059-0007,7/16/2020,33.83062,-117.93845,22.3,,7.5
06-059-0007,7/17/2020,33.83062,-117.93845,23,,7.6
06-059-0007,7/18/2020,33.83062,-117.93845,23.5,,5.6
06-059-0007,7/19/2020,33.83062,-117.93845,22.8,,5.4
06-059-0007,7/20/2020,33.83062,-117.93845,22,,6
06-059-0007,7/21/2020,33.83062,-117.93845,22.2,,7.7
06-059-0007,7/22/2020,33.83062,-117.93845,20.4,,7.8
06-059-0007,7/23/2020,33.83062,-117.93845,20.7,,5.5
06-059-0007,7/24/2020,33.83062,-117.93845,21.7,,5
06-059-0007,7/25/2020,33.83062,-117.93845,22.4,,8.9
06-059-0007,7/26/2020,33.83062,-117.93845,22.4,,12.7
06-059-0007,7/27/2020,33.83062,-117.93845,22.2,,9.3
06-059-0007,7/28/2020,33.83062,-117.93845,21.5,,9.9
06-059-0007,7/29/2020,33.83062,-117.93845,22.2,,10.9
06-059-0007,7/30/2020,33.83062,-117.93845,23.2,,10.6
06-059-0007,7/31/2020,33.83062,-117.93845,26.5,,10.7
06-059-0007,8/1/2020,33.83062,-117.93845,24.4,,12.5
06-059-0007,8/2/2020,33.83062,-117.93845,22.6,,8.1
06-059-0007,8/3/2020,33.83062,-117.93845,22.9,,8.9
06-059-0007,8/4/2020,33.83062,-117.93845,22.1,,7.7
06-059-0007,8/5/2020,33.83062,-117.93845,22.2,,5.6
06-059-0007,8/6/2020,33.83062,-117.93845,22.3,,6.1
06-059-0007,8/7/2020,33.83062,-117.93845,22.9,,8.3
06-059-0007,8/8/2020,33.83062,-117.93845,22.9,,11.1
06-059-0007,8/9/2020,33.83062,-117.93845,22.8,,9.1
06-059-0007,8/10/2020,33.83062,-117.93845,22.5,,8.8
06-059-0007,8/11/2020,33.83062,-117.93845,22.4,,7.6
06-059-0007,8/12/2020,33.83062,-117.93845,24,,9
06-059-0007,8/13/2020,33.83062,-117.93845,27.9,,8.2
06-059-0007,8/14/2020,33.83062,-117.93845,29,,6.7
06-059-0007,8/15/2020,33.83062,-117.93845,28.2,,14.8
06-059-0007,8/16/2020,33.83062,-117.93845,27.4,,10.6
06-059-0007,8/17/2020,33.83062,-117.93845,27.4,,10.1
06-059-0007,8/18/2020,33.83062,-117.93845,28.6,,10.8
06-059-0007,8/19/2020,33.83062,-117.93845,28.9,,12
06-059-0007,8/20/2020,33.83062,-117.93845,27.6,,10.2
06-059-0007,8/21/2020,33.83062,-117.93845,27.4,,14.3
06-059-0007,8/22/2020,33.83062,-117.93845,29.3,,14.8
06-059-0007,8/23/2020,33.83062,-117.93845,28.5,,9.1
06-059-0007,8/24/2020,33.83062,-117.93845,26.3,,14.5
06-059-0007,8/25/2020,33.83062,-117.93845,26.4,,9.6
06-059-0007,8/26/2020,33.83062,-117.93845,26.3,,8.2
06-059-0007,8/27/2020,33.83062,-117.93845,26.5,,18.1
06-059-0007,8/28/2020,33.83062,-117.93845,24.4,,12.3
06-059-0007,8/29/2020,33.83062,-117.93845,22.4,,11.5
06-059-0007,8/30/2020,33.83062,-117.93845,22.3,,11.2
06-059-0007,8/31/2020,33.83062,-117.93845,21.9,,9.3
06-059-0007,9/1/2020,33.83062,-117.93845,22.2,,10.6
06-059-0007,9/2/2020,33.83062,-117.93845,22.7,,11.1
06-059-0007,9/3/2020,33.83062,-117.93845,23.9,,13.5
06-059-0007,9/4/2020,33.83062,-117.93845,25.7,,19.7
06-059-0007,9/5/2020,33.83062,-117.93845,30.8,,23.5
06-059-0007,9/6/2020,33.83062,-117.93845,32.7,,22.8
06-059-0007,9/7/2020,33.83062,-117.93845,26.2,,15.4
06-059-0007,9/8/2020,33.83062,-117.93845,24,,12
06-059-0007,9/9/2020,33.83062,-117.93845,24.4,,13.8
06-059-0007,9/10/2020,33.83062,-117.93845,22.5,,18.3
06-059-0007,9/11/2020,33.83062,-117.93845,23,,32.9
06-059-0007,9/12/2020,33.83062,-117.93845,22.8,,44.7
06-059-0007,9/13/2020,33.83062,-117.93845,22.5,,45.6
06-059-0007,9/14/2020,33.83062,-117.93845,23.7,,56.7
06-059-0007,9/15/2020,33.83062,-117.93845,24.7,,48.1
06-059-0007,9/16/2020,33.83062,-117.93845,25.5,,31.6
06-059-0007,9/17/2020,33.83062,-117.93845,25.7,,15.3
06-059-0007,9/18/2020,33.83062,-117.93845,26.7,,17.7
06-059-0007,9/19/2020,33.83062,-117.93845,24.7,,12.7
06-059-0007,9/20/2020,33.83062,-117.93845,22.2,,12.1
06-059-0007,9/21/2020,33.83062,-117.93845,22.7,,14
06-059-0007,9/22/2020,33.83062,-117.93845,23.6,,16.7
06-059-0007,9/23/2020,33.83062,-117.93845,23.9,,14.4
06-059-0007,9/24/2020,33.83062,-117.93845,23.3,,10.2
06-059-0007,9/25/2020,33.83062,-117.93845,22.8,,11.7
06-059-0007,9/26/2020,33.83062,-117.93845,22.5,,10.8
06-059-0007,9/27/2020,33.83062,-117.93845,22.9,,12
06-059-0007,9/28/2020,33.83062,-117.93845,24.6,,16.4
06-059-0007,9/29/2020,33.83062,-117.93845,26.1,,18.7
06-059-0007,9/30/2020,33.83062,-117.93845,29.3,,13.9
06-059-0007,10/1/2020,33.83062,-117.93845,28.6,,15.8
06-059-0007,10/2/2020,33.83062,-117.93845,27.6,,22.5
06-059-0007,10/3/2020,33.83062,-117.93845,25.8,,28.1
06-059-0007,10/4/2020,33.83062,-117.93845,25.1,,46.1
06-059-0007,10/5/2020,33.83062,-117.93845,25.5,,46.7
06-059-0007,10/6/2020,33.83062,-117.93845,23.6,,38.9
06-059-0007,10/7/2020,33.83062,-117.93845,21.2,,24.7
06-059-0007,10/8/2020,33.83062,-117.93845,22.3,,16.1
06-059-0007,10/9/2020,33.83062,-117.93845,21.8,,16.8
06-059-0007,10/10/2020,33.83062,-117.93845,22.3,,10.6
06-059-0007,10/11/2020,33.83062,-117.93845,21.5,,8.6
06-059-0007,10/12/2020,33.83062,-117.93845,25.1,,13.4
06-059-0007,10/13/2020,33.83062,-117.93845,26.2,,14.2
06-059-0007,10/14/2020,33.83062,-117.93845,24.9,,15.1
06-059-0007,10/15/2020,33.83062,-117.93845,26.2,,18.1
06-059-0007,10/16/2020,33.83062,-117.93845,25.3,,14.8
06-059-0007,10/17/2020,33.83062,-117.93845,23.5,,12.7
06-059-0007,10/18/2020,33.83062,-117.93845,23.3,,15.5
06-059-0007,10/19/2020,33.83062,-117.93845,22.2,,13.2
06-059-0007,10/20/2020,33.83062,-117.93845,21.7,,15.7
06-059-0007,10/21/2020,33.83062,-117.93845,21.1,,18.9
06-059-0007,10/22/2020,33.83062,-117.93845,21.2,,8.4
06-059-0007,10/23/2020,33.83062,-117.93845,21.2,,7.9
06-059-0007,10/24/2020,33.83062,-117.93845,20.7,,7.3
06-059-0007,10/25/2020,33.83062,-117.93845,19.3,,4
06-059-0007,10/26/2020,33.83062,-117.93845,18,,45.3
06-059-0007,10/27/2020,33.83062,-117.93845,17.8,,64.8
06-059-0007,10/28/2020,33.83062,-117.93845,18.7,,44.9
06-059-0007,10/29/2020,33.83062,-117.93845,19.6,,30.2
06-059-0007,10/30/2020,33.83062,-117.93845,19.4,,25.2
06-059-0007,10/31/2020,33.83062,-117.93845,19.5,,21.7
06-059-0007,11/1/2020,33.83062,-117.93845,20.8,,25.1
06-059-0007,11/2/2020,33.83062,-117.93845,18.9,,14.7
06-059-0007,11/3/2020,33.83062,-117.93845,18.7,,19.2
06-059-0007,11/4/2020,33.83062,-117.93845,20.6,,24
06-059-0007,11/5/2020,33.83062,-117.93845,23.2,,20.7
06-059-0007,11/6/2020,33.83062,-117.93845,19.7,,11.4
06-059-0007,11/7/2020,33.83062,-117.93845,14,,3.9
06-059-0007,11/8/2020,33.83062,-117.93845,13.7,,6
06-059-0007,11/9/2020,33.83062,-117.93845,12.3,,5.7
06-059-0007,11/10/2020,33.83062,-117.93845,13.4,,7.8
06-059-0007,11/11/2020,33.83062,-117.93845,13.9,,8.3
06-059-0007,11/12/2020,33.83062,-117.93845,14.6,,15.2
06-059-0007,11/13/2020,33.83062,-117.93845,14.5,,14.8
06-059-0007,11/14/2020,33.83062,-117.93845,16.1,,14.5
06-059-0007,11/15/2020,33.83062,-117.93845,19.2,,12.9
06-059-0007,11/16/2020,33.83062,-117.93845,21.5,,7
06-059-0007,11/17/2020,33.83062,-117.93845,18.1,,10.3
06-059-0007,11/18/2020,33.83062,-117.93845,16.3,,13.4
06-059-0007,11/19/2020,33.83062,-117.93845,17.6,,13
06-059-0007,11/20/2020,33.83062,-117.93845,17.2,,22.4
06-059-0007,11/21/2020,33.83062,-117.93845,16.9,,29.5
06-059-0007,11/22/2020,33.83062,-117.93845,15.6,,18.6
06-059-0007,11/23/2020,33.83062,-117.93845,15.2,,12.1
06-059-0007,11/24/2020,33.83062,-117.93845,15.6,,17.1
06-059-0007,11/25/2020,33.83062,-117.93845,14.3,,20.5
06-059-0007,11/26/2020,33.83062,-117.93845,15.8,,16.3
06-059-0007,11/27/2020,33.83062,-117.93845,16.6,,4.5
06-059-0007,11/28/2020,33.83062,-117.93845,16.2,,7.2
06-059-0007,11/29/2020,33.83062,-117.93845,15.3,,12.6
06-059-0007,11/30/2020,33.83062,-117.93845,16.1,,15.1
06-059-0007,12/1/2020,33.83062,-117.93845,15.3,,15.4
06-059-0007,12/2/2020,33.83062,-117.93845,16.4,,17.4
06-059-0007,12/3/2020,33.83062,-117.93845,18.9,,28.1
06-059-0007,12/4/2020,33.83062,-117.93845,14,,13.7
06-059-0007,12/5/2020,33.83062,-117.93845,13.8,,19.4
06-059-0007,12/6/2020,33.83062,-117.93845,13.7,,25.5
06-059-0007,12/7/2020,33.83062,-117.93845,16.4,,21.3
06-059-0007,12/8/2020,33.83062,-117.93845,22.1,,5.9
06-059-0007,12/9/2020,33.83062,-117.93845,17.4,,9.8
06-059-0007,12/10/2020,33.83062,-117.93845,14.1,,13.1
06-059-0007,12/11/2020,33.83062,-117.93845,13.1,,15.9
06-059-0007,12/12/2020,33.83062,-117.93845,14,,16.2
06-059-0007,12/13/2020,33.83062,-117.93845,15.3,,19.6
06-059-0007,12/14/2020,33.83062,-117.93845,15.3,,9.8
06-059-0007,12/15/2020,33.83062,-117.93845,14.2,,6.6
06-059-0007,12/16/2020,33.83062,-117.93845,14.1,,9.2
06-059-0007,12/17/2020,33.83062,-117.93845,13.4,,10.9
06-059-0007,12/18/2020,33.83062,-117.93845,14.4,,9.1
06-059-0007,12/19/2020,33.83062,-117.93845,14.3,,6.5
06-059-0007,12/20/2020,33.83062,-117.93845,15.5,,12.9
06-059-0007,12/21/2020,33.83062,-117.93845,17.4,,9
06-059-0007,12/22/2020,33.83062,-117.93845,14.4,,12.3
06-059-0007,12/23/2020,33.83062,-117.93845,16.8,,15
06-059-0007,12/24/2020,33.83062,-117.93845,18.1,,2.9
06-059-0007,12/25/2020,33.83062,-117.93845,15.1,,12.7
06-059-0007,12/26/2020,33.83062,-117.93845,14.1,,12.7
06-059-0007,12/27/2020,33.83062,-117.93845,14.9,,5.9
06-059-0007,12/28/2020,33.83062,-117.93845,11,,2.5
06-059-0007,12/29/2020,33.83062,-117.93845,11.4,,9.2
06-059-0007,12/30/2020,33.83062,-117.93845,12.3,,10.4
06-059-0007,12/31/2020,33.83062,-117.93845,12.5,,17.6
06-019-0011,1/1/2016,36.78538,-119.77321,4.3,,43.666667
06-019-0011,1/2/2016,36.78538,-119.77321,7.4,,40.679167
06-019-0011,1/3/2016,36.78538,-119.77321,9,,29.816667
06-019-0011,1/4/2016,36.78538,-119.77321,8.3,,29.225
06-019-0011,1/5/2016,36.78538,-119.77321,10.5,,11.195833
06-019-0011,1/6/2016,36.78538,-119.77321,8.7,,4.2375
06-019-0011,1/7/2016,36.78538,-119.77321,8.7,,4.158333
06-019-0011,1/8/2016,36.78538,-119.77321,6.1,,11.508696
06-019-0011,1/9/2016,36.78538,-119.77321,7.7,,9.3875
06-019-0011,1/11/2016,36.78538,-119.77321,9,,15.029167
06-019-0011,1/12/2016,36.78538,-119.77321,7.9,,23.886957
06-019-0011,1/13/2016,36.78538,-119.77321,10.7,,12.052174
06-019-0011,1/14/2016,36.78538,-119.77321,8.3,,13.3
06-019-0011,1/15/2016,36.78538,-119.77321,10.9,,15.929167
06-019-0011,1/16/2016,36.78538,-119.77321,11.2,,16.85
06-019-0011,1/17/2016,36.78538,-119.77321,10.9,,18.1875
06-019-0011,1/18/2016,36.78538,-119.77321,12.8,,9.866667
06-019-0011,1/21/2016,36.78538,-119.77321,10.4,,17.025
06-019-0011,1/22/2016,36.78538,-119.77321,11.4,,10.9375
06-019-0011,1/23/2016,36.78538,-119.77321,12.7,,8.65
06-019-0011,1/24/2016,36.78538,-119.77321,9.6,,10.883333
06-019-0011,1/25/2016,36.78538,-119.77321,8.7,,20.020833
06-019-0011,1/26/2016,36.78538,-119.77321,10.3,,17.756522
06-019-0011,1/27/2016,36.78538,-119.77321,10.3,,17.633333
06-019-0011,1/28/2016,36.78538,-119.77321,9.3,,30.0125
06-019-0011,1/29/2016,36.78538,-119.77321,11.4,,35.220833
06-019-0011,1/30/2016,36.78538,-119.77321,12,,15.316667
06-019-0011,1/31/2016,36.78538,-119.77321,9.3,,4.275
06-019-0011,2/1/2016,36.78538,-119.77321,6.9,,5.7375
06-019-0011,2/2/2016,36.78538,-119.77321,5.4,,17.754167
06-019-0011,2/3/2016,36.78538,-119.77321,5.7,,24.391304
06-019-0011,2/4/2016,36.78538,-119.77321,8,,22.708333
06-019-0011,2/5/2016,36.78538,-119.77321,8.8,,22.9875
06-019-0011,2/6/2016,36.78538,-119.77321,9.8,,26.195833
06-019-0011,2/7/2016,36.78538,-119.77321,11.1,,33.091667
06-019-0011,2/8/2016,36.78538,-119.77321,12.7,,24.470833
06-019-0011,2/9/2016,36.78538,-119.77321,14,,16.966667
06-019-0011,2/10/2016,36.78538,-119.77321,14.8,,21.870833
06-019-0011,2/11/2016,36.78538,-119.77321,14.3,,29.083333
06-019-0011,2/12/2016,36.78538,-119.77321,13.9,,25.0625
06-019-0011,2/13/2016,36.78538,-119.77321,13.1,,42.216667
06-019-0011,2/14/2016,36.78538,-119.77321,13.1,,43.808333
06-019-0011,2/15/2016,36.78538,-119.77321,13.7,,39.1125
06-019-0011,2/16/2016,36.78538,-119.77321,15.1,,37.766667
06-019-0011,2/17/2016,36.78538,-119.77321,16.6,,11.622727
06-019-0011,2/18/2016,36.78538,-119.77321,13.5,,4.929167
06-019-0011,2/19/2016,36.78538,-119.77321,11.3,,10.1625
06-019-0011,2/20/2016,36.78538,-119.77321,10.9,,11.983333
06-019-0011,2/21/2016,36.78538,-119.77321,11.5,,14.929167
06-019-0011,2/22/2016,36.78538,-119.77321,12.8,,14.283333
06-019-0011,2/23/2016,36.78538,-119.77321,13.7,,23.3875
06-019-0011,2/24/2016,36.78538,-119.77321,14.7,,23
06-019-0011,2/25/2016,36.78538,-119.77321,15.4,,19.4875
06-019-0011,2/26/2016,36.78538,-119.77321,15.7,,16.583333
06-019-0011,2/27/2016,36.78538,-119.77321,15.6,,11.929167
06-019-0011,2/28/2016,36.78538,-119.77321,14.3,,12.513043
06-019-0011,2/29/2016,36.78538,-119.77321,14.2,,15.341667
06-019-0011,3/1/2016,36.78538,-119.77321,16.6,,22.620833
06-019-0011,3/2/2016,36.78538,-119.77321,16.3,,20.833333
06-019-0011,3/3/2016,36.78538,-119.77321,16.2,,10.595652
06-019-0011,3/4/2016,36.78538,-119.77321,16.8,,22.758333
06-019-0011,3/5/2016,36.78538,-119.77321,16.6,,11.6625
06-019-0011,3/6/2016,36.78538,-119.77321,14.6,,5.279167
06-019-0011,3/7/2016,36.78538,-119.77321,11.1,,4.478261
06-019-0011,3/8/2016,36.78538,-119.77321,10.6,,8.716667
06-019-0011,3/9/2016,36.78538,-119.77321,12.8,,17.9625
06-019-0011,3/10/2016,36.78538,-119.77321,15.9,,15.495833
06-019-0011,3/11/2016,36.78538,-119.77321,15.8,,9.875
06-019-0011,3/12/2016,36.78538,-119.77321,9.9,,6.4625
06-019-0011,3/13/2016,36.78538,-119.77321,12.3,,7.083333
06-019-0011,3/14/2016,36.78538,-119.77321,13.7,,3.808333
06-019-0011,3/15/2016,36.78538,-119.77321,12,,7.717391
06-019-0011,3/16/2016,36.78538,-119.77321,13.8,,10.220833
06-019-0011,3/17/2016,36.78538,-119.77321,16.1,,17.204167
06-019-0011,3/18/2016,36.78538,-119.77321,17.4,,14.026087
06-019-0011,3/19/2016,36.78538,-119.77321,17.9,,14.329167
06-019-0011,3/20/2016,36.78538,-119.77321,18.4,,8.1625
06-019-0011,3/21/2016,36.78538,-119.77321,17.1,,7.745833
06-019-0011,3/22/2016,36.78538,-119.77321,13.7,,5.570833
06-019-0011,3/23/2016,36.78538,-119.77321,12.2,,8.745833
06-019-0011,3/24/2016,36.78538,-119.77321,14.3,,10.2625
06-019-0011,3/30/2016,36.78538,-119.77321,12.9,,4.020833
06-019-0011,3/31/2016,36.78538,-119.77321,15.4,,6.108333
06-019-0011,4/1/2016,36.78538,-119.77321,16.9,,7.841667
06-019-0011,4/2/2016,36.78538,-119.77321,18.7,,11.5125
06-019-0011,4/3/2016,36.78538,-119.77321,20.4,,11.454167
06-019-0011,4/4/2016,36.78538,-119.77321,19.2,,4.995833
06-019-0011,4/9/2016,36.78538,-119.77321,16.6,,3.1875
06-019-0011,4/10/2016,36.78538,-119.77321,16.3,,3.083333
06-019-0011,4/11/2016,36.78538,-119.77321,16.4,,6.769565
06-019-0011,4/12/2016,36.78538,-119.77321,17.4,,10.159091
06-019-0011,4/13/2016,36.78538,-119.77321,16.7,,6.156522
06-019-0011,4/14/2016,36.78538,-119.77321,16.6,,6.220833
06-019-0011,4/15/2016,36.78538,-119.77321,14.2,,4.120833
06-019-0011,4/16/2016,36.78538,-119.77321,17.1,,10.525
06-019-0011,4/17/2016,36.78538,-119.77321,20,,10.369565
06-019-0011,4/18/2016,36.78538,-119.77321,22.9,,8.691667
06-019-0011,4/19/2016,36.78538,-119.77321,23.4,,11.008333
06-019-0011,4/20/2016,36.78538,-119.77321,22.8,,9.6375
06-019-0011,4/21/2016,36.78538,-119.77321,20.8,,5.170833
06-019-0011,4/22/2016,36.78538,-119.77321,19.2,,3.920833
06-019-0011,4/23/2016,36.78538,-119.77321,14.6,,4.341667
06-019-0011,4/24/2016,36.78538,-119.77321,16.7,,4.6625
06-019-0011,4/25/2016,36.78538,-119.77321,14.7,,3.720833
06-019-0011,4/26/2016,36.78538,-119.77321,15.1,,6.441667
06-019-0011,4/27/2016,36.78538,-119.77321,16.8,,5.733333
06-019-0011,4/28/2016,36.78538,-119.77321,13.2,,9.95
06-019-0011,4/29/2016,36.78538,-119.77321,17.9,,8.604167
06-019-0011,4/30/2016,36.78538,-119.77321,17.9,,7.134783
06-019-0011,5/1/2016,36.78538,-119.77321,20.9,,9.304167
06-019-0011,5/2/2016,36.78538,-119.77321,22.5,,6.220833
06-019-0011,5/3/2016,36.78538,-119.77321,23.1,,10.495833
06-019-0011,5/4/2016,36.78538,-119.77321,23.3,,11.158333
06-019-0011,5/5/2016,36.78538,-119.77321,18.7,,7.35
06-019-0011,5/6/2016,36.78538,-119.77321,15.8,,7.158333
06-019-0011,5/7/2016,36.78538,-119.77321,16.7,,9.058333
06-019-0011,5/8/2016,36.78538,-119.77321,17.4,,9.979167
06-019-0011,5/9/2016,36.78538,-119.77321,21.2,,7.904348
06-019-0011,5/10/2016,36.78538,-119.77321,21.8,,8.6
06-019-0011,5/11/2016,36.78538,-119.77321,23.9,,10.691667
06-019-0011,5/12/2016,36.78538,-119.77321,25.8,,12.1875
06-019-0011,5/13/2016,36.78538,-119.77321,25.8,,12.634783
06-019-0011,5/14/2016,36.78538,-119.77321,21.2,,4.045833
06-019-0011,5/15/2016,36.78538,-119.77321,20.4,,2.991667
06-019-0011,5/16/2016,36.78538,-119.77321,21.1,,4.129167
06-019-0011,5/17/2016,36.78538,-119.77321,23.5,,5.834783
06-019-0011,5/18/2016,36.78538,-119.77321,26.7,,6.908333
06-019-0011,5/19/2016,36.78538,-119.77321,26.7,,7.547826
06-019-0011,5/20/2016,36.78538,-119.77321,18.6,,3.717391
06-019-0011,5/21/2016,36.78538,-119.77321,15.6,,3.479167
06-019-0011,5/22/2016,36.78538,-119.77321,16.6,,5.041667
06-019-0011,5/23/2016,36.78538,-119.77321,18.1,,5.5625
06-019-0011,5/24/2016,36.78538,-119.77321,19,,5.920833
06-019-0011,5/25/2016,36.78538,-119.77321,18.7,,8.0375
06-019-0011,5/26/2016,36.78538,-119.77321,19.3,,6.652174
06-019-0011,5/27/2016,36.78538,-119.77321,23.4,,10.545833
06-019-0011,5/28/2016,36.78538,-119.77321,24.9,,10.279167
06-019-0011,5/29/2016,36.78538,-119.77321,26.3,,11.366667
06-019-0011,5/30/2016,36.78538,-119.77321,26.2,,12.269565
06-019-0011,5/31/2016,36.78538,-119.77321,28.4,,12.195652
06-019-0011,6/1/2016,36.78538,-119.77321,30.2,,13.591667
06-019-0011,6/2/2016,36.78538,-119.77321,29.4,,13.704167
06-019-0011,6/3/2016,36.78538,-119.77321,29.6,,14.133333
06-019-0011,6/4/2016,36.78538,-119.77321,30.9,,12.970833
06-019-0011,6/5/2016,36.78538,-119.77321,30.2,,10.879167
06-019-0011,6/6/2016,36.78538,-119.77321,29.3,,8.621739
06-019-0011,6/7/2016,36.78538,-119.77321,29.5,,8.916667
06-019-0011,6/8/2016,36.78538,-119.77321,27.4,,8.369565
06-019-0011,6/9/2016,36.78538,-119.77321,25,,6.354167
06-019-0011,6/10/2016,36.78538,-119.77321,24.8,,6.286957
06-019-0011,6/11/2016,36.78538,-119.77321,22.6,,7.113043
06-019-0011,6/12/2016,36.78538,-119.77321,23.2,,10.6375
06-019-0011,6/13/2016,36.78538,-119.77321,24.8,,10.704167
06-019-0011,6/14/2016,36.78538,-119.77321,22.8,,5.2625
06-019-0011,6/15/2016,36.78538,-119.77321,19.9,,5.2375
06-019-0011,6/16/2016,36.78538,-119.77321,18.8,,3.758333
06-019-0011,6/17/2016,36.78538,-119.77321,22.1,,5.779167
06-019-0011,6/18/2016,36.78538,-119.77321,24,,7.466667
06-019-0011,6/19/2016,36.78538,-119.77321,24.6,,8.533333
06-019-0011,6/20/2016,36.78538,-119.77321,28.3,,8.108333
06-019-0011,6/21/2016,36.78538,-119.77321,29.6,,8.730435
06-019-0011,6/22/2016,36.78538,-119.77321,30.6,,9.431818
06-019-0011,6/23/2016,36.78538,-119.77321,28.2,,5.773913
06-019-0011,6/24/2016,36.78538,-119.77321,27.2,,5.469565
06-019-0011,6/25/2016,36.78538,-119.77321,26.9,,9.63913
06-019-0011,6/26/2016,36.78538,-119.77321,29.9,,10.165217
06-019-0011,6/27/2016,36.78538,-119.77321,31.7,,11.945455
06-019-0011,6/28/2016,36.78538,-119.77321,32.6,,10.213043
06-019-0011,6/29/2016,36.78538,-119.77321,33.1,,8.46087
06-019-0011,6/30/2016,36.78538,-119.77321,30.3,,10.813636
06-019-0011,7/1/2016,36.78538,-119.77321,31.2,,17.809091
06-019-0011,7/2/2016,36.78538,-119.77321,30.3,,14.191667
06-019-0011,7/3/2016,36.78538,-119.77321,29.2,,11.661905
06-019-0011,7/4/2016,36.78538,-119.77321,28.2,,15.066667
06-019-0011,7/5/2016,36.78538,-119.77321,28.2,,9.845833
06-019-0011,7/6/2016,36.78538,-119.77321,27,,9.858333
06-019-0011,7/7/2016,36.78538,-119.77321,26.3,,7.830435
06-019-0011,7/8/2016,36.78538,-119.77321,26.7,,6.1
06-019-0011,7/9/2016,36.78538,-119.77321,27.1,,4.445833
06-019-0011,7/10/2016,36.78538,-119.77321,24.5,,5.356522
06-019-0011,7/11/2016,36.78538,-119.77321,24.4,,7.616667
06-019-0011,7/12/2016,36.78538,-119.77321,27.2,,5.569565
06-019-0011,7/13/2016,36.78538,-119.77321,27.3,,7.704348
06-019-0011,7/14/2016,36.78538,-119.77321,30.1,,11.504348
06-019-0011,7/15/2016,36.78538,-119.77321,31.1,,12.654167
06-019-0011,7/16/2016,36.78538,-119.77321,30.1,,10.421739
06-019-0011,7/17/2016,36.78538,-119.77321,28.2,,6.634783
06-019-0011,7/18/2016,36.78538,-119.77321,26.7,,4.5125
06-019-0011,7/19/2016,36.78538,-119.77321,25.7,,7.143478
06-019-0011,7/20/2016,36.78538,-119.77321,26.6,,6.545455
06-019-0011,7/21/2016,36.78538,-119.77321,28.3,,5.513043
06-019-0011,7/22/2016,36.78538,-119.77321,27.4,,2.691667
06-019-0011,7/23/2016,36.78538,-119.77321,28.6,,5.3125
06-019-0011,7/24/2016,36.78538,-119.77321,30.4,,8.05
06-019-0011,7/26/2016,36.78538,-119.77321,31.2,,14.421739
06-019-0011,7/27/2016,36.78538,-119.77321,33.1,,17.2375
06-019-0011,7/28/2016,36.78538,-119.77321,33.2,,12.621739
06-019-0011,7/29/2016,36.78538,-119.77321,33.1,,8.820833
06-019-0011,7/30/2016,36.78538,-119.77321,33.4,,11.208333
06-019-0011,7/31/2016,36.78538,-119.77321,31.3,,10.978261
06-019-0011,8/1/2016,36.78538,-119.77321,29.6,,13.665217
06-019-0011,8/2/2016,36.78538,-119.77321,29.2,,11.633333
06-019-0011,8/3/2016,36.78538,-119.77321,29.6,,8.4
06-019-0011,8/4/2016,36.78538,-119.77321,29.2,,9.079167
06-019-0011,8/5/2016,36.78538,-119.77321,26.1,,8.441667
06-019-0011,8/6/2016,36.78538,-119.77321,25.9,,10.073913
06-019-0011,8/7/2016,36.78538,-119.77321,26.8,,4.917391
06-019-0011,8/8/2016,36.78538,-119.77321,27.1,,6.208333
06-019-0011,8/9/2016,36.78538,-119.77321,27.4,,7.95
06-019-0011,8/10/2016,36.78538,-119.77321,26.9,,12.391667
06-019-0011,8/11/2016,36.78538,-119.77321,27.9,,11.738095
06-019-0011,8/12/2016,36.78538,-119.77321,28.9,,12.008333
06-019-0011,8/13/2016,36.78538,-119.77321,30,,14.233333
06-019-0011,8/14/2016,36.78538,-119.77321,31.4,,10.614286
06-019-0011,8/15/2016,36.78538,-119.77321,30.9,,7.870833
06-019-0011,8/16/2016,36.78538,-119.77321,29.7,,13.2
06-019-0011,8/17/2016,36.78538,-119.77321,30.1,,13.858333
06-019-0011,8/18/2016,36.78538,-119.77321,30.6,,17.704348
06-019-0011,8/19/2016,36.78538,-119.77321,29.3,,21.591304
06-019-0011,8/20/2016,36.78538,-119.77321,29.2,,18.904167
06-019-0011,8/21/2016,36.78538,-119.77321,28.9,,14.0125
06-019-0011,8/22/2016,36.78538,-119.77321,27.8,,8.73913
06-019-0011,8/23/2016,36.78538,-119.77321,28.1,,8.886957
06-019-0011,8/24/2016,36.78538,-119.77321,27.8,,6.766667
06-019-0011,8/25/2016,36.78538,-119.77321,26.6,,7.622727
06-019-0011,8/26/2016,36.78538,-119.77321,25.7,,8.95
06-019-0011,8/27/2016,36.78538,-119.77321,23.8,,9.058333
06-019-0011,8/28/2016,36.78538,-119.77321,24.8,,12.490909
06-019-0011,8/29/2016,36.78538,-119.77321,26.4,,14.291667
06-019-0011,8/30/2016,36.78538,-119.77321,26.5,,7.63913
06-019-0011,8/31/2016,36.78538,-119.77321,27.1,,3.891304
06-019-0011,9/1/2016,36.78538,-119.77321,25.8,,4.504167
06-019-0011,9/2/2016,36.78538,-119.77321,25.6,,7.770833
06-019-0011,9/3/2016,36.78538,-119.77321,26.1,,7.004167
06-019-0011,9/4/2016,36.78538,-119.77321,20.9,,6.026087
06-019-0011,9/5/2016,36.78538,-119.77321,21.1,,10.895833
06-019-0011,9/6/2016,36.78538,-119.77321,24.2,,14.521739
06-019-0011,9/7/2016,36.78538,-119.77321,25.6,,19.829167
06-019-0011,9/8/2016,36.78538,-119.77321,27.1,,16.408333
06-019-0011,9/9/2016,36.78538,-119.77321,25.9,,15.469565
06-019-0011,9/10/2016,36.78538,-119.77321,27.6,,16.613043
06-019-0011,9/11/2016,36.78538,-119.77321,28.2,,8.354167
06-019-0011,9/12/2016,36.78538,-119.77321,25.1,,8.708333
06-019-0011,9/13/2016,36.78538,-119.77321,18.7,,7.2375
06-019-0011,9/14/2016,36.78538,-119.77321,19.1,,10.778261
06-019-0011,9/15/2016,36.78538,-119.77321,21.6,,12.5
06-019-0011,9/16/2016,36.78538,-119.77321,23.5,,12.7875
06-019-0011,9/17/2016,36.78538,-119.77321,24.8,,15.316667
06-019-0011,9/18/2016,36.78538,-119.77321,27.1,,14.358333
06-019-0011,9/20/2016,36.78538,-119.77321,29.1,,22.213043
06-019-0011,9/22/2016,36.78538,-119.77321,19.1,,2.85
06-019-0011,9/24/2016,36.78538,-119.77321,20.4,,10.454167
06-019-0011,9/28/2016,36.78538,-119.77321,27.4,,12.554167
06-019-0011,9/30/2016,36.78538,-119.77321,24.7,,8.726087
06-019-0011,10/1/2016,36.78538,-119.77321,19.9,,4.875
06-019-0011,10/2/2016,36.78538,-119.77321,18.1,,2.108696
06-019-0011,10/3/2016,36.78538,-119.77321,16.7,,1.766667
06-019-0011,10/4/2016,36.78538,-119.77321,16.1,,3.745833
06-019-0011,10/5/2016,36.78538,-119.77321,17,,5.06087
06-019-0011,10/13/2016,36.78538,-119.77321,19.4,,15.604167
06-019-0011,10/14/2016,36.78538,-119.77321,20.1,,17.529167
06-019-0011,10/15/2016,36.78538,-119.77321,21.3,,4.208333
06-019-0011,10/16/2016,36.78538,-119.77321,21.8,,6.3375
06-019-0011,10/17/2016,36.78538,-119.77321,19.3,,4.320833
06-019-0011,10/18/2016,36.78538,-119.77321,16.7,,2.75
06-019-0011,10/19/2016,36.78538,-119.77321,15.8,,7.854167
06-019-0011,10/20/2016,36.78538,-119.77321,17.6,,11.804167
06-019-0011,10/21/2016,36.78538,-119.77321,18.9,,17.033333
06-019-0011,10/22/2016,36.78538,-119.77321,19.4,,18.75
06-019-0011,10/23/2016,36.78538,-119.77321,20.8,,20.166667
06-019-0011,10/24/2016,36.78538,-119.77321,21.1,,7.091667
06-019-0011,10/25/2016,36.78538,-119.77321,18.3,,6.825
06-019-0011,10/26/2016,36.78538,-119.77321,19.6,,7.454167
06-019-0011,10/27/2016,36.78538,-119.77321,19.7,,13.229167
06-019-0011,10/28/2016,36.78538,-119.77321,17.7,,17.779167
06-019-0011,10/29/2016,36.78538,-119.77321,18,,12.325
06-019-0011,10/30/2016,36.78538,-119.77321,19.1,,6.420833
06-019-0011,10/31/2016,36.78538,-119.77321,14.7,,5.918182
06-019-0011,11/1/2016,36.78538,-119.77321,15.3,,6.8625
06-019-0011,11/2/2016,36.78538,-119.77321,14.3,,16.65
06-019-0011,11/3/2016,36.78538,-119.77321,15.2,,22.25
06-019-0011,11/4/2016,36.78538,-119.77321,16,,35.1875
06-019-0011,11/5/2016,36.78538,-119.77321,16.9,,41.55
06-019-0011,11/6/2016,36.78538,-119.77321,15.5,,50.3375
06-019-0011,11/7/2016,36.78538,-119.77321,16,,31.233333
06-019-0011,11/8/2016,36.78538,-119.77321,17.1,,27.120833
06-019-0011,11/9/2016,36.78538,-119.77321,17.4,,25.0625
06-019-0011,11/10/2016,36.78538,-119.77321,17.9,,34.379167
06-019-0011,11/11/2016,36.78538,-119.77321,19.2,,34.491667
06-019-0011,11/12/2016,36.78538,-119.77321,19.9,,24.108333
06-019-0011,11/13/2016,36.78538,-119.77321,16.7,,24.258333
06-019-0011,11/14/2016,36.78538,-119.77321,16.6,,33.529167
06-019-0011,11/15/2016,36.78538,-119.77321,16.1,,22.475
06-019-0011,11/16/2016,36.78538,-119.77321,15.5,,3.958333
06-019-0011,11/17/2016,36.78538,-119.77321,9.9,,17.320833
06-019-0011,11/18/2016,36.78538,-119.77321,10.7,,19.465217
06-019-0011,11/19/2016,36.78538,-119.77321,12.8,,17.695833
06-019-0011,11/20/2016,36.78538,-119.77321,13.6,,10.520833
06-019-0011,11/21/2016,36.78538,-119.77321,12.9,,8.554167
06-019-0011,11/22/2016,36.78538,-119.77321,9.6,,17.933333
06-019-0011,11/23/2016,36.78538,-119.77321,11.3,,13.683333
06-019-0011,11/24/2016,36.78538,-119.77321,9.2,,20.920833
06-019-0011,11/25/2016,36.78538,-119.77321,8.8,,33.5375
06-019-0011,11/26/2016,36.78538,-119.77321,9.6,,10.016667
06-019-0011,11/27/2016,36.78538,-119.77321,9.5,,6.104167
06-019-0011,11/28/2016,36.78538,-119.77321,9.8,,6.526087
06-019-0011,11/29/2016,36.78538,-119.77321,10.1,,15.391667
06-019-0011,11/30/2016,36.78538,-119.77321,8.2,,24.645833
06-019-0011,12/1/2016,36.78538,-119.77321,8.8,,22.0875
06-019-0011,12/2/2016,36.78538,-119.77321,6.6,,31.308333
06-019-0011,12/3/2016,36.78538,-119.77321,6.6,,41.629167
06-019-0011,12/4/2016,36.78538,-119.77321,7.7,,39.641667
06-019-0011,12/5/2016,36.78538,-119.77321,7.6,,26.816667
06-019-0011,12/6/2016,36.78538,-119.77321,7.8,,24.975
06-019-0011,12/7/2016,36.78538,-119.77321,4.9,,26.2125
06-019-0011,12/8/2016,36.78538,-119.77321,9.4,,12.466667
06-019-0011,12/9/2016,36.78538,-119.77321,13.8,,9.479167
06-019-0011,12/10/2016,36.78538,-119.77321,15.3,,16.054167
06-019-0011,12/11/2016,36.78538,-119.77321,15,,4.5875
06-019-0011,12/12/2016,36.78538,-119.77321,11,,16.566667
06-019-0011,12/13/2016,36.78538,-119.77321,12.1,,26.254167
06-019-0011,12/14/2016,36.78538,-119.77321,13.2,,15.783333
06-019-0011,12/15/2016,36.78538,-119.77321,13.8,,7.325
06-019-0011,12/16/2016,36.78538,-119.77321,12,,4.054167
06-019-0011,12/17/2016,36.78538,-119.77321,5.7,,19.9875
06-019-0011,12/18/2016,36.78538,-119.77321,4.5,,24.658333
06-019-0011,12/19/2016,36.78538,-119.77321,4.7,,33.408333
06-019-0011,12/20/2016,36.78538,-119.77321,5,,34.195652
06-019-0011,12/21/2016,36.78538,-119.77321,6.1,,47.7625
06-019-0011,12/22/2016,36.78538,-119.77321,6.1,,53.8375
06-019-0011,12/23/2016,36.78538,-119.77321,7.8,,24.720833
06-019-0011,12/24/2016,36.78538,-119.77321,7.3,,6.429167
06-019-0011,12/25/2016,36.78538,-119.77321,3.9,,28.191667
06-019-0011,12/26/2016,36.78538,-119.77321,4.1,,15.929167
06-019-0011,12/27/2016,36.78538,-119.77321,4.9,,17.370833
06-019-0011,12/29/2016,36.78538,-119.77321,6.6,,37.370833
06-019-0011,12/30/2016,36.78538,-119.77321,8.3,,50.46087
06-019-0011,12/31/2016,36.78538,-119.77321,7.7,,12.191667
06-019-0011,1/1/2017,36.78538,-119.77321,6.7,,10.2
06-019-0011,1/2/2017,36.78538,-119.77321,7.5,,15.4
06-019-0011,1/3/2017,36.78538,-119.77321,8.5,,4.1
06-019-0011,1/4/2017,36.78538,-119.77321,11.1,,2.3
06-019-0011,1/5/2017,36.78538,-119.77321,12.1,,4.2
06-019-0011,1/6/2017,36.78538,-119.77321,4.6,,16.9
06-019-0011,1/7/2017,36.78538,-119.77321,9.4,,9.4
06-019-0011,1/8/2017,36.78538,-119.77321,15.1,,2.5
06-019-0011,1/9/2017,36.78538,-119.77321,14.6,,1.7
06-019-0011,1/10/2017,36.78538,-119.77321,12.6,,1.9
06-019-0011,1/11/2017,36.78538,-119.77321,11.9,,3.1
06-019-0011,1/12/2017,36.78538,-119.77321,10.6,,4.7
06-019-0011,1/13/2017,36.78538,-119.77321,6.3,,6.6
06-019-0011,1/14/2017,36.78538,-119.77321,6.6,,15.8
06-019-0011,1/15/2017,36.78538,-119.77321,7.4,,8.5
06-019-0011,1/16/2017,36.78538,-119.77321,7.3,,25.3
06-019-0011,1/17/2017,36.78538,-119.77321,5.4,,29.5
06-019-0011,1/18/2017,36.78538,-119.77321,8.8,,17.8
06-019-0011,1/19/2017,36.78538,-119.77321,10.3,,4.9
06-019-0011,1/20/2017,36.78538,-119.77321,10.1,,4.7
06-019-0011,1/21/2017,36.78538,-119.77321,8.3,,6.9
06-019-0011,1/22/2017,36.78538,-119.77321,10.4,,2
06-019-0011,1/31/2017,36.78538,-119.77321,9.7,,39.5
06-019-0011,2/1/2017,36.78538,-119.77321,11.6,,33.2
06-019-0011,2/2/2017,36.78538,-119.77321,13.9,,14.2
06-019-0011,2/3/2017,36.78538,-119.77321,14.8,,8.1
06-019-0011,2/4/2017,36.78538,-119.77321,12.9,,12.5
06-019-0011,2/5/2017,36.78538,-119.77321,11.7,,11.8
06-019-0011,2/6/2017,36.78538,-119.77321,13,,3.9
06-019-0011,2/7/2017,36.78538,-119.77321,14.2,,3.5
06-019-0011,2/8/2017,36.78538,-119.77321,16.8,,5.9
06-019-0011,2/9/2017,36.78538,-119.77321,16.4,,7.7
06-019-0011,2/10/2017,36.78538,-119.77321,14.8,,4.1
06-019-0011,2/11/2017,36.78538,-119.77321,11.2,,4.2
06-019-0011,2/12/2017,36.78538,-119.77321,10.6,,14.7
06-019-0011,2/14/2017,36.78538,-119.77321,12.6,,17
06-019-0011,2/16/2017,36.78538,-119.77321,14.6,,5.9
06-019-0011,2/17/2017,36.78538,-119.77321,12.2,,1.5
06-019-0011,2/18/2017,36.78538,-119.77321,13.2,,0.9
06-019-0011,2/19/2017,36.78538,-119.77321,11.8,,2.2
06-019-0011,2/20/2017,36.78538,-119.77321,12.7,,0.4
06-019-0011,2/21/2017,36.78538,-119.77321,15.6,,1.6
06-019-0011,2/22/2017,36.78538,-119.77321,12.2,,1
06-019-0011,2/23/2017,36.78538,-119.77321,7.7,,1.4
06-019-0011,2/24/2017,36.78538,-119.77321,6.4,,6.8
06-019-0011,2/25/2017,36.78538,-119.77321,7.2,,11.3
06-019-0011,2/26/2017,36.78538,-119.77321,8.1,,18.7
06-019-0011,2/27/2017,36.78538,-119.77321,10.7,,8.8
06-019-0011,2/28/2017,36.78538,-119.77321,8.4,,4.7
06-019-0011,3/1/2017,36.78538,-119.77321,9.4,,9.9
06-019-0011,3/2/2017,36.78538,-119.77321,10.9,,12.2
06-019-0011,3/3/2017,36.78538,-119.77321,12.1,,20.7
06-019-0011,3/14/2017,36.78538,-119.77321,19.9,,17
06-019-0011,3/16/2017,36.78538,-119.77321,18.4,,6.5
06-019-0011,4/8/2017,36.78538,-119.77321,13.1,,2.6
06-019-0011,4/9/2017,36.78538,-119.77321,9.9,,5.9
06-019-0011,4/10/2017,36.78538,-119.77321,12.8,,5.1
06-019-0011,4/11/2017,36.78538,-119.77321,15.4,,18.5
06-019-0011,4/12/2017,36.78538,-119.77321,18.5,,9.1
06-019-0011,4/13/2017,36.78538,-119.77321,16.4,,4.6
06-019-0011,4/14/2017,36.78538,-119.77321,11.8,,3
06-019-0011,4/15/2017,36.78538,-119.77321,13.4,,7.4
06-019-0011,4/18/2017,36.78538,-119.77321,16.2,,6.3
06-019-0011,4/19/2017,36.78538,-119.77321,15.7,,8.2
06-019-0011,4/20/2017,36.78538,-119.77321,16.9,,9.1
06-019-0011,4/21/2017,36.78538,-119.77321,16.1,,11.5
06-019-0011,4/22/2017,36.78538,-119.77321,19.8,,12.6
06-019-0011,4/23/2017,36.78538,-119.77321,17.9,,3.4
06-019-0011,4/24/2017,36.78538,-119.77321,16.6,,4.8
06-019-0011,4/25/2017,36.78538,-119.77321,15.6,,3.8
06-019-0011,4/26/2017,36.78538,-119.77321,17.1,,4.9
06-019-0011,4/27/2017,36.78538,-119.77321,17.9,,5
06-019-0011,4/28/2017,36.78538,-119.77321,17.7,,4.3
06-019-0011,4/29/2017,36.78538,-119.77321,17.8,,7.3
06-019-0011,4/30/2017,36.78538,-119.77321,20.4,,7.8
06-019-0011,5/1/2017,36.78538,-119.77321,22.2,,9.2
06-019-0011,5/2/2017,36.78538,-119.77321,24.4,,13.6
06-019-0011,5/3/2017,36.78538,-119.77321,26.3,,13.3
06-019-0011,5/4/2017,36.78538,-119.77321,28.6,,12.1
06-019-0011,5/5/2017,36.78538,-119.77321,25.4,,6.8
06-019-0011,5/6/2017,36.78538,-119.77321,16.7,,5.5
06-019-0011,5/7/2017,36.78538,-119.77321,14.4,,8.5
06-019-0011,5/8/2017,36.78538,-119.77321,18.3,,15.1
06-019-0011,5/9/2017,36.78538,-119.77321,22.3,,13.9
06-019-0011,5/10/2017,36.78538,-119.77321,22.6,,11.3
06-019-0011,5/11/2017,36.78538,-119.77321,20.1,,7.3
06-019-0011,5/12/2017,36.78538,-119.77321,17.9,,3.6
06-019-0011,5/13/2017,36.78538,-119.77321,15.6,,3.9
06-019-0011,5/14/2017,36.78538,-119.77321,16.1,,4.4
06-019-0011,5/15/2017,36.78538,-119.77321,15.8,,6.3
06-019-0011,5/16/2017,36.78538,-119.77321,16.8,,6.7
06-019-0011,5/17/2017,36.78538,-119.77321,17.3,,5
06-019-0011,5/18/2017,36.78538,-119.77321,18.6,,9.2
06-019-0011,5/19/2017,36.78538,-119.77321,22.9,,9.4
06-019-0011,5/20/2017,36.78538,-119.77321,25.6,,8.2
06-019-0011,5/21/2017,36.78538,-119.77321,27.1,,10
06-019-0011,5/22/2017,36.78538,-119.77321,28.2,,9.1
06-019-0011,5/23/2017,36.78538,-119.77321,29.4,,13.1
06-019-0011,5/24/2017,36.78538,-119.77321,28.1,,13.7
06-019-0011,5/25/2017,36.78538,-119.77321,21.8,,7.7
06-019-0011,5/26/2017,36.78538,-119.77321,18.3,,8.8
06-019-0011,5/27/2017,36.78538,-119.77321,19.4,,9.5
06-019-0011,5/28/2017,36.78538,-119.77321,22.8,,10.4
06-019-0011,5/29/2017,36.78538,-119.77321,25.4,,10.7
06-019-0011,5/31/2017,36.78538,-119.77321,21.1,,5.4
06-019-0011,6/1/2017,36.78538,-119.77321,22.2,,3.3
06-019-0011,6/2/2017,36.78538,-119.77321,24.5,,6.1
06-019-0011,6/3/2017,36.78538,-119.77321,27.3,,10.1
06-019-0011,6/4/2017,36.78538,-119.77321,27.3,,4.1
06-019-0011,6/5/2017,36.78538,-119.77321,25,,5.4
06-019-0011,6/6/2017,36.78538,-119.77321,26.4,,7.7
06-019-0011,6/7/2017,36.78538,-119.77321,26.4,,4.3
06-019-0011,6/8/2017,36.78538,-119.77321,23.8,,0.4
06-019-0011,6/9/2017,36.78538,-119.77321,23.1,,3.7
06-019-0011,6/10/2017,36.78538,-119.77321,19.7,,1.7
06-019-0011,6/11/2017,36.78538,-119.77321,18,,0.5
06-019-0011,6/12/2017,36.78538,-119.77321,16.3,,1.3
06-019-0011,6/13/2017,36.78538,-119.77321,19.6,,3.7
06-019-0011,6/14/2017,36.78538,-119.77321,23.8,,6.8
06-019-0011,6/15/2017,36.78538,-119.77321,26.6,,4.3
06-019-0011,6/16/2017,36.78538,-119.77321,27.4,,6
06-019-0011,6/17/2017,36.78538,-119.77321,30.6,,7.3
06-019-0011,6/18/2017,36.78538,-119.77321,31.9,,8.3
06-019-0011,6/19/2017,36.78538,-119.77321,34.8,,8.5
06-019-0011,6/20/2017,36.78538,-119.77321,34.6,,10.2
06-019-0011,6/21/2017,36.78538,-119.77321,33.4,,12.7
06-019-0011,6/22/2017,36.78538,-119.77321,34.2,,11.7
06-019-0011,6/23/2017,36.78538,-119.77321,33.7,,12.1
06-019-0011,6/24/2017,36.78538,-119.77321,31.5,,11.3
06-019-0011,6/25/2017,36.78538,-119.77321,31.4,,9.8
06-019-0011,6/27/2017,36.78538,-119.77321,26.3,,3.8
06-019-0011,6/30/2017,36.78538,-119.77321,27.7,,6
06-019-0011,7/1/2017,36.78538,-119.77321,27.8,,6.5
06-019-0011,7/2/2017,36.78538,-119.77321,27.4,,8
06-019-0011,7/3/2017,36.78538,-119.77321,28.7,,8.7
06-019-0011,7/4/2017,36.78538,-119.77321,29.6,,21.4
06-019-0011,7/5/2017,36.78538,-119.77321,29.8,,9.7
06-019-0011,7/6/2017,36.78538,-119.77321,30.1,,5.3
06-019-0011,7/7/2017,36.78538,-119.77321,32.1,,8.6
06-019-0011,7/8/2017,36.78538,-119.77321,33.6,,8.2
06-019-0011,7/9/2017,36.78538,-119.77321,31.4,,10.3
06-019-0011,7/10/2017,36.78538,-119.77321,32.3,,10.8
06-019-0011,7/11/2017,36.78538,-119.77321,31.5,,7.5
06-019-0011,7/12/2017,36.78538,-119.77321,29.7,,8.5
06-019-0011,7/13/2017,36.78538,-119.77321,29.9,,11.6
06-019-0011,7/14/2017,36.78538,-119.77321,30.4,,11.3
06-019-0011,7/15/2017,36.78538,-119.77321,30.8,,9.2
06-019-0011,7/16/2017,36.78538,-119.77321,31.4,,9.8
06-019-0011,7/17/2017,36.78538,-119.77321,32.7,,10.1
06-019-0011,7/18/2017,36.78538,-119.77321,31.2,,8.4
06-019-0011,7/19/2017,36.78538,-119.77321,28.2,,10.2
06-019-0011,7/20/2017,36.78538,-119.77321,27.8,,7.1
06-019-0011,7/21/2017,36.78538,-119.77321,27.8,,6.2
06-019-0011,7/22/2017,36.78538,-119.77321,29.2,,8.7
06-019-0011,7/23/2017,36.78538,-119.77321,31.3,,10.5
06-019-0011,7/24/2017,36.78538,-119.77321,31.4,,6.9
06-019-0011,7/25/2017,36.78538,-119.77321,29.4,,7.2
06-019-0011,7/26/2017,36.78538,-119.77321,29.3,,7.1
06-019-0011,7/29/2017,36.78538,-119.77321,31.2,,7
06-019-0011,7/30/2017,36.78538,-119.77321,30.4,,8.4
06-019-0011,8/1/2017,36.78538,-119.77321,31.9,,9.5
06-019-0011,8/2/2017,36.78538,-119.77321,34.6,,15.4
06-019-0011,8/3/2017,36.78538,-119.77321,34.7,,13
06-019-0011,8/4/2017,36.78538,-119.77321,30.9,,9.9
06-019-0011,8/5/2017,36.78538,-119.77321,29.1,,13.9
06-019-0011,8/6/2017,36.78538,-119.77321,29.2,,7.7
06-019-0011,8/7/2017,36.78538,-119.77321,28.6,,11.3
06-019-0011,8/8/2017,36.78538,-119.77321,28.3,,13.8
06-019-0011,8/10/2017,36.78538,-119.77321,28.2,,17.8
06-019-0011,8/11/2017,36.78538,-119.77321,29,,16.5
06-019-0011,8/12/2017,36.78538,-119.77321,29.7,,15
06-019-0011,8/13/2017,36.78538,-119.77321,28.9,,9.3
06-019-0011,8/14/2017,36.78538,-119.77321,27.4,,5.1
06-019-0011,8/15/2017,36.78538,-119.77321,23.6,,12
06-019-0011,8/16/2017,36.78538,-119.77321,23.9,,14.5
06-019-0011,8/17/2017,36.78538,-119.77321,26.9,,16.6
06-019-0011,8/18/2017,36.78538,-119.77321,28.9,,17
06-019-0011,8/19/2017,36.78538,-119.77321,30.1,,20.9
06-019-0011,8/20/2017,36.78538,-119.77321,28.2,,22
06-019-0011,8/21/2017,36.78538,-119.77321,26.7,,17.8
06-019-0011,8/22/2017,36.78538,-119.77321,26.1,,14.4
06-019-0011,8/23/2017,36.78538,-119.77321,28.2,,19.6
06-019-0011,8/24/2017,36.78538,-119.77321,28.8,,20.2
06-019-0011,8/25/2017,36.78538,-119.77321,28.8,,13.4
06-019-0011,8/26/2017,36.78538,-119.77321,30.5,,19.8
06-019-0011,8/27/2017,36.78538,-119.77321,31.2,,17.4
06-019-0011,8/28/2017,36.78538,-119.77321,32.3,,19.8
06-019-0011,8/29/2017,36.78538,-119.77321,33.9,,20.1
06-019-0011,8/30/2017,36.78538,-119.77321,32.1,,14.6
06-019-0011,8/31/2017,36.78538,-119.77321,30.6,,17
06-019-0011,9/1/2017,36.78538,-119.77321,31.5,,27.7
06-019-0011,9/2/2017,36.78538,-119.77321,33.3,,35.1
06-019-0011,9/3/2017,36.78538,-119.77321,34.6,,36.7
06-019-0011,9/4/2017,36.78538,-119.77321,32.6,,20.9
06-019-0011,9/5/2017,36.78538,-119.77321,29.8,,19.9
06-019-0011,9/6/2017,36.78538,-119.77321,30,,16.2
06-019-0011,9/7/2017,36.78538,-119.77321,27.3,,15.6
06-019-0011,9/8/2017,36.78538,-119.77321,24.3,,17.7
06-019-0011,9/9/2017,36.78538,-119.77321,26.2,,17.3
06-019-0011,9/10/2017,36.78538,-119.77321,28.3,,17.2
06-019-0011,9/11/2017,36.78538,-119.77321,28.9,,18.3
06-019-0011,9/12/2017,36.78538,-119.77321,27.1,,20.5
06-019-0011,9/13/2017,36.78538,-119.77321,26.4,,11
06-019-0011,9/14/2017,36.78538,-119.77321,22.7,,10.1
06-019-0011,9/15/2017,36.78538,-119.77321,21.8,,12.7
06-019-0011,9/16/2017,36.78538,-119.77321,22.7,,15.2
06-019-0011,9/17/2017,36.78538,-119.77321,24.3,,20.3
06-019-0011,9/18/2017,36.78538,-119.77321,23.4,,12.9
06-019-0011,9/19/2017,36.78538,-119.77321,21.6,,9.6
06-019-0011,9/20/2017,36.78538,-119.77321,20.2,,10.8
06-019-0011,9/21/2017,36.78538,-119.77321,19.1,,6.4
06-019-0011,9/22/2017,36.78538,-119.77321,16.6,,8
06-019-0011,9/23/2017,36.78538,-119.77321,17.6,,10.2
06-019-0011,9/24/2017,36.78538,-119.77321,19.3,,10.5
06-019-0011,9/25/2017,36.78538,-119.77321,20.7,,9.2
06-019-0011,9/26/2017,36.78538,-119.77321,22.3,,11.3
06-019-0011,9/27/2017,36.78538,-119.77321,23.8,,12.9
06-019-0011,9/28/2017,36.78538,-119.77321,24.7,,10.7
06-019-0011,9/29/2017,36.78538,-119.77321,24.8,,12.8
06-019-0011,9/30/2017,36.78538,-119.77321,23.3,,9.5
06-019-0011,10/1/2017,36.78538,-119.77321,21.3,,13
06-019-0011,10/2/2017,36.78538,-119.77321,18.5,,12.5
06-019-0011,10/3/2017,36.78538,-119.77321,17.8,,14.5
06-019-0011,10/5/2017,36.78538,-119.77321,18.4,,13.8
06-019-0011,10/6/2017,36.78538,-119.77321,19.6,,16
06-019-0011,10/7/2017,36.78538,-119.77321,20.7,,17.9
06-019-0011,10/8/2017,36.78538,-119.77321,20.8,,16.4
06-019-0011,10/9/2017,36.78538,-119.77321,19,,10.7
06-019-0011,10/10/2017,36.78538,-119.77321,19.7,,17.3
06-019-0011,10/11/2017,36.78538,-119.77321,19.4,,40
06-019-0011,10/12/2017,36.78538,-119.77321,15.2,,30.1
06-019-0011,10/13/2017,36.78538,-119.77321,15.5,,25.3
06-019-0011,10/14/2017,36.78538,-119.77321,15.9,,29.6
06-019-0011,10/15/2017,36.78538,-119.77321,17.6,,20.2
06-019-0011,10/16/2017,36.78538,-119.77321,18.6,,21.3
06-019-0011,10/17/2017,36.78538,-119.77321,19.3,,25.7
06-019-0011,10/18/2017,36.78538,-119.77321,19.4,,28
06-019-0011,10/19/2017,36.78538,-119.77321,18.5,,16.4
06-019-0011,10/20/2017,36.78538,-119.77321,17.1,,2.2
06-019-0011,10/21/2017,36.78538,-119.77321,13.2,,9.6
06-019-0011,10/22/2017,36.78538,-119.77321,15.1,,13.8
06-019-0011,10/23/2017,36.78538,-119.77321,16.9,,10.8
06-019-0011,10/24/2017,36.78538,-119.77321,19.7,,13.8
06-019-0011,10/25/2017,36.78538,-119.77321,21.3,,12.4
06-019-0011,10/26/2017,36.78538,-119.77321,21.4,,17.4
06-019-0011,10/27/2017,36.78538,-119.77321,21.6,,16.1
06-019-0011,10/28/2017,36.78538,-119.77321,21.6,,18.1
06-019-0011,10/29/2017,36.78538,-119.77321,20.6,,18
06-019-0011,10/30/2017,36.78538,-119.77321,18.8,,15.6
06-019-0011,10/31/2017,36.78538,-119.77321,15.2,,5.1
06-019-0011,11/1/2017,36.78538,-119.77321,14.3,,12.1
06-019-0011,11/2/2017,36.78538,-119.77321,14.4,,22.2
06-019-0011,11/3/2017,36.78538,-119.77321,16.1,,11.5
06-019-0011,11/4/2017,36.78538,-119.77321,16.6,,6.3
06-019-0011,11/5/2017,36.78538,-119.77321,14.3,,2.8
06-019-0011,11/6/2017,36.78538,-119.77321,11.3,,10.9
06-019-0011,11/7/2017,36.78538,-119.77321,11.7,,16.5
06-019-0011,11/8/2017,36.78538,-119.77321,13.8,,6.1
06-019-0011,11/10/2017,36.78538,-119.77321,16.7,,2.6
06-019-0011,11/11/2017,36.78538,-119.77321,13.9,,8.3
06-019-0011,11/12/2017,36.78538,-119.77321,13.7,,17.4
06-019-0011,11/13/2017,36.78538,-119.77321,13,,12.1
06-019-0011,11/14/2017,36.78538,-119.77321,14.1,,11.2
06-019-0011,11/15/2017,36.78538,-119.77321,14.6,,14.5
06-019-0011,11/16/2017,36.78538,-119.77321,19.3,,4.6
06-019-0011,11/17/2017,36.78538,-119.77321,16.8,,2.3
06-019-0011,11/18/2017,36.78538,-119.77321,11.6,,15.4
06-019-0011,11/19/2017,36.78538,-119.77321,11.2,,25.7
06-019-0011,11/20/2017,36.78538,-119.77321,13.3,,23.8
06-019-0011,11/21/2017,36.78538,-119.77321,15.6,,28.1
06-019-0011,11/22/2017,36.78538,-119.77321,15,,33.8
06-019-0011,11/23/2017,36.78538,-119.77321,15.7,,33.5
06-019-0011,11/24/2017,36.78538,-119.77321,16.1,,40
06-019-0011,11/25/2017,36.78538,-119.77321,15.6,,33
06-019-0011,11/26/2017,36.78538,-119.77321,17.9,,8
06-019-0011,11/28/2017,36.78538,-119.77321,9.6,,13.1
06-019-0011,11/29/2017,36.78538,-119.77321,9.8,,23.1
06-019-0011,11/30/2017,36.78538,-119.77321,9.3,,34.2
06-019-0011,12/1/2017,36.78538,-119.77321,9.7,,45.6
06-019-0011,12/2/2017,36.78538,-119.77321,9.4,,55.6
06-019-0011,12/3/2017,36.78538,-119.77321,11.6,,24.3
06-019-0011,12/4/2017,36.78538,-119.77321,7.4,,13.8
06-019-0011,12/5/2017,36.78538,-119.77321,6.7,,32.8
06-019-0011,12/6/2017,36.78538,-119.77321,6.8,,27.7
06-019-0011,12/7/2017,36.78538,-119.77321,7.6,,28.7
06-019-0011,12/8/2017,36.78538,-119.77321,8.6,,30.8
06-019-0011,12/9/2017,36.78538,-119.77321,8.7,,43.4
06-019-0011,12/10/2017,36.78538,-119.77321,8.4,,54.4
06-019-0011,12/11/2017,36.78538,-119.77321,8.3,,45.1
06-019-0011,12/12/2017,36.78538,-119.77321,8.1,,46.6
06-019-0011,12/13/2017,36.78538,-119.77321,7.8,,48.6
06-019-0011,12/14/2017,36.78538,-119.77321,7.7,,57.5
06-019-0011,12/15/2017,36.78538,-119.77321,8.4,,59.4
06-019-0011,12/16/2017,36.78538,-119.77321,9.4,,45.6
06-019-0011,12/17/2017,36.78538,-119.77321,7.7,,33.7
06-019-0011,12/18/2017,36.78538,-119.77321,7.9,,18.2
06-019-0011,12/19/2017,36.78538,-119.77321,8.7,,28.5
06-019-0011,12/20/2017,36.78538,-119.77321,10.4,,7.4
06-019-0011,12/21/2017,36.78538,-119.77321,5.3,,26.3
06-019-0011,12/22/2017,36.78538,-119.77321,4.3,,29.6
06-019-0011,12/23/2017,36.78538,-119.77321,7.3,,42.3
06-019-0011,12/24/2017,36.78538,-119.77321,8.7,,60
06-019-0011,12/25/2017,36.78538,-119.77321,8.4,,63.9
06-019-0011,12/26/2017,36.78538,-119.77321,10.1,,65.7
06-019-0011,12/27/2017,36.78538,-119.77321,8.4,,46.5
06-019-0011,12/28/2017,36.78538,-119.77321,8.5,,51.3
06-019-0011,12/29/2017,36.78538,-119.77321,9.1,,66.9
06-019-0011,12/30/2017,36.78538,-119.77321,8.6,,65.6
06-019-0011,12/31/2017,36.78538,-119.77321,10.2,,74.2
06-019-0011,1/2/2018,36.78538,-119.77321,9.9,,75.62381
06-019-0011,1/3/2018,36.78538,-119.77321,11,,73.170833
06-019-0011,1/4/2018,36.78538,-119.77321,13.9,,35.695455
06-019-0011,1/5/2018,36.78538,-119.77321,14.9,,10.6125
06-019-0011,1/6/2018,36.78538,-119.77321,15.8,,7.704167
06-019-0011,1/7/2018,36.78538,-119.77321,12.4,,13.126087
06-019-0011,1/8/2018,36.78538,-119.77321,13.9,,7.068421
06-019-0011,1/9/2018,36.78538,-119.77321,14.3,,4.219048
06-019-0011,1/10/2018,36.78538,-119.77321,12.2,,8.35
06-019-0011,1/11/2018,36.78538,-119.77321,10.8,,10.2125
06-019-0011,1/12/2018,36.78538,-119.77321,10.9,,13.233333
06-019-0011,1/13/2018,36.78538,-119.77321,10.2,,25.9
06-019-0011,1/14/2018,36.78538,-119.77321,10.3,,28.1125
06-019-0011,1/15/2018,36.78538,-119.77321,10.1,,23.733333
06-019-0011,1/16/2018,36.78538,-119.77321,10.6,,20.433333
06-019-0011,1/17/2018,36.78538,-119.77321,10.4,,23.454167
06-019-0011,1/18/2018,36.78538,-119.77321,11,,26.1375
06-019-0011,1/19/2018,36.78538,-119.77321,11.1,,5.861905
06-019-0011,1/20/2018,36.78538,-119.77321,7.9,,12.2
06-019-0011,1/21/2018,36.78538,-119.77321,6.5,,21.786957
06-019-0011,1/23/2018,36.78538,-119.77321,11.8,,13.329167
06-019-0011,1/24/2018,36.78538,-119.77321,10.1,,21.118182
06-019-0011,1/25/2018,36.78538,-119.77321,12.1,,2.05
06-019-0011,1/26/2018,36.78538,-119.77321,8.2,,14.1125
06-019-0011,1/27/2018,36.78538,-119.77321,8.2,,21.916667
06-019-0011,1/28/2018,36.78538,-119.77321,9.6,,32.3625
06-019-0011,1/29/2018,36.78538,-119.77321,11,,25.404167
06-019-0011,1/30/2018,36.78538,-119.77321,12.3,,29.6625
06-019-0011,1/31/2018,36.78538,-119.77321,12.6,,39.213636
06-019-0011,2/3/2018,36.78538,-119.77321,14.1,,53.041667
06-019-0011,2/5/2018,36.78538,-119.77321,14.7,,34.029167
06-019-0011,2/6/2018,36.78538,-119.77321,15.2,,27.404167
06-019-0011,2/7/2018,36.78538,-119.77321,15.8,,30.4875
06-019-0011,2/8/2018,36.78538,-119.77321,15.6,,26.33913
06-019-0011,2/9/2018,36.78538,-119.77321,15.6,,24.533333
06-019-0011,2/10/2018,36.78538,-119.77321,16,,18.395833
06-019-0011,2/11/2018,36.78538,-119.77321,12.8,,6.779167
06-019-0011,2/12/2018,36.78538,-119.77321,10.8,,4.947619
06-019-0011,2/13/2018,36.78538,-119.77321,9.4,,7.241667
06-019-0011,2/14/2018,36.78538,-119.77321,11.9,,5.845833
06-019-0011,2/15/2018,36.78538,-119.77321,11.6,,7.404167
06-019-0011,2/16/2018,36.78538,-119.77321,10.9,,13.4
06-019-0011,2/17/2018,36.78538,-119.77321,12.4,,19.8
06-019-0011,2/18/2018,36.78538,-119.77321,13.5,,10.595652
06-019-0011,2/19/2018,36.78538,-119.77321,8.7,,2.342857
06-019-0011,2/20/2018,36.78538,-119.77321,5.8,,7.041667
06-019-0011,2/21/2018,36.78538,-119.77321,7.9,,10.604167
06-019-0011,2/22/2018,36.78538,-119.77321,8.3,,7.656522
06-019-0011,2/23/2018,36.78538,-119.77321,7.2,,2.216667
06-019-0011,2/24/2018,36.78538,-119.77321,6.7,,7.0625
06-019-0011,2/25/2018,36.78538,-119.77321,8.8,,10.7
06-019-0011,2/26/2018,36.78538,-119.77321,9,,7.3375
06-019-0011,2/27/2018,36.78538,-119.77321,6.9,,6.165217
06-019-0011,2/28/2018,36.78538,-119.77321,8.1,,9.445833
06-019-0011,3/1/2018,36.78538,-119.77321,10.6,,3.661905
06-019-0011,3/2/2018,36.78538,-119.77321,10.9,,0.381818
06-019-0011,3/4/2018,36.78538,-119.77321,7.8,,3.538095
06-019-0011,3/5/2018,36.78538,-119.77321,9,,4.695833
06-019-0011,3/6/2018,36.78538,-119.77321,11.6,,7.829167
06-019-0011,3/7/2018,36.78538,-119.77321,14.2,,11.269565
06-019-0011,3/8/2018,36.78538,-119.77321,15.3,,2.3125
06-019-0011,3/9/2018,36.78538,-119.77321,17.3,,4.286957
06-019-0011,3/10/2018,36.78538,-119.77321,16.6,,4.116667
06-019-0011,3/11/2018,36.78538,-119.77321,13.7,,6.5
06-019-0011,3/12/2018,36.78538,-119.77321,17.3,,5.920833
06-019-0011,3/15/2018,36.78538,-119.77321,11.4,,-0.011111
06-019-0011,3/16/2018,36.78538,-119.77321,11.5,,2.368182
06-019-0011,3/17/2018,36.78538,-119.77321,8.9,,2.7375
06-019-0011,3/18/2018,36.78538,-119.77321,9.1,,3.154545
06-019-0011,3/19/2018,36.78538,-119.77321,11.7,,4.866667
06-019-0011,3/20/2018,36.78538,-119.77321,14.9,,6.234783
06-019-0011,3/23/2018,36.78538,-119.77321,11.6,,0.656522
06-019-0011,3/24/2018,36.78538,-119.77321,12.2,,1.385714
06-019-0011,3/27/2018,36.78538,-119.77321,12.9,,6.475
06-019-0011,3/28/2018,36.78538,-119.77321,15.9,,7.366667
06-019-0011,3/29/2018,36.78538,-119.77321,18.5,,9.108333
06-019-0011,3/30/2018,36.78538,-119.77321,20.2,,11.652174
06-019-0011,3/31/2018,36.78538,-119.77321,21.1,,9.470833
06-019-0011,4/1/2018,36.78538,-119.77321,19.9,,6.343478
06-019-0011,4/2/2018,36.78538,-119.77321,19.1,,3.086957
06-019-0011,4/3/2018,36.78538,-119.77321,18.8,,5.004167
06-019-0011,4/4/2018,36.78538,-119.77321,20.1,,5.475
06-019-0011,4/5/2018,36.78538,-119.77321,19.6,,2.391667
06-019-0011,4/6/2018,36.78538,-119.77321,18.2,,3.0875
06-019-0011,4/7/2018,36.78538,-119.77321,18.5,,2.4875
06-019-0011,4/8/2018,36.78538,-119.77321,16,,2.420833
06-019-0011,4/9/2018,36.78538,-119.77321,16.3,,3.995833
06-019-0011,4/10/2018,36.78538,-119.77321,22.1,,7.66087
06-019-0011,4/11/2018,36.78538,-119.77321,18.3,,2.518182
06-019-0011,4/12/2018,36.78538,-119.77321,13.9,,0.652174
06-019-0011,4/13/2018,36.78538,-119.77321,12.9,,2.708333
06-019-0011,4/14/2018,36.78538,-119.77321,16.7,,6.958333
06-019-0011,4/15/2018,36.78538,-119.77321,20.3,,6.8
06-019-0011,4/17/2018,36.78538,-119.77321,9.3,,0.404762
06-019-0011,4/18/2018,36.78538,-119.77321,13.2,,4.345833
06-019-0011,4/19/2018,36.78538,-119.77321,14,,0.23913
06-019-0011,4/20/2018,36.78538,-119.77321,15.7,,5.069565
06-019-0011,4/21/2018,36.78538,-119.77321,19.8,,5.779167
06-019-0011,4/22/2018,36.78538,-119.77321,22.3,,8.470833
06-019-0011,4/23/2018,36.78538,-119.77321,24.2,,7.1125
06-019-0011,4/24/2018,36.78538,-119.77321,24.5,,9.233333
06-019-0011,4/27/2018,36.78538,-119.77321,19.6,,5.716667
06-019-0011,4/28/2018,36.78538,-119.77321,17.4,,2.258333
06-019-0011,4/29/2018,36.78538,-119.77321,16.4,,0.895455
06-019-0011,4/30/2018,36.78538,-119.77321,15.7,,1.991304
06-019-0011,5/1/2018,36.78538,-119.77321,15.6,,6.1125
06-019-0011,5/2/2018,36.78538,-119.77321,17.2,,5.625
06-019-0011,5/3/2018,36.78538,-119.77321,20.3,,6.479167
06-019-0011,5/4/2018,36.78538,-119.77321,22.7,,8.645833
06-019-0011,5/5/2018,36.78538,-119.77321,24.3,,9.847826
06-019-0011,5/6/2018,36.78538,-119.77321,22.7,,3.666667
06-019-0011,5/7/2018,36.78538,-119.77321,22.4,,1.708333
06-019-0011,5/8/2018,36.78538,-119.77321,24.9,,3.770833
06-019-0011,5/9/2018,36.78538,-119.77321,24.6,,0.654545
06-019-0011,5/10/2018,36.78538,-119.77321,21.6,,3.820833
06-019-0011,5/11/2018,36.78538,-119.77321,21.9,,5.783333
06-019-0011,5/12/2018,36.78538,-119.77321,21.5,,3.447619
06-019-0011,5/13/2018,36.78538,-119.77321,20.9,,4.666667
06-019-0011,5/15/2018,36.78538,-119.77321,20.8,,2.747826
06-019-0011,5/16/2018,36.78538,-119.77321,19.2,,1.090476
06-019-0011,5/17/2018,36.78538,-119.77321,18.8,,1.729167
06-019-0011,5/18/2018,36.78538,-119.77321,21.1,,3.5375
06-019-0011,5/19/2018,36.78538,-119.77321,23,,2.833333
06-019-0011,5/20/2018,36.78538,-119.77321,20.4,,3.883333
06-019-0011,5/21/2018,36.78538,-119.77321,18.6,,4.608696
06-019-0011,5/22/2018,36.78538,-119.77321,22.6,,6.870833
06-019-0011,5/23/2018,36.78538,-119.77321,21.9,,3.425
06-019-0011,5/24/2018,36.78538,-119.77321,21.1,,2.295455
06-019-0011,5/25/2018,36.78538,-119.77321,18.4,,-0.295238
06-019-0011,5/26/2018,36.78538,-119.77321,18.1,,1.8125
06-019-0011,5/27/2018,36.78538,-119.77321,21,,2.545833
06-019-0011,5/28/2018,36.78538,-119.77321,25.7,,5.969565
06-019-0011,5/29/2018,36.78538,-119.77321,29.2,,8.816667
06-019-0011,5/30/2018,36.78538,-119.77321,28.3,,5.445833
06-019-0011,5/31/2018,36.78538,-119.77321,19.3,,2.183333
06-019-0011,6/1/2018,36.78538,-119.77321,18.9,,5
06-019-0011,6/2/2018,36.78538,-119.77321,24.9,,8.866667
06-019-0011,6/3/2018,36.78538,-119.77321,29.2,,9.475
06-019-0011,6/4/2018,36.78538,-119.77321,30.8,,4.033333
06-019-0011,6/5/2018,36.78538,-119.77321,25.7,,2.7375
06-019-0011,6/6/2018,36.78538,-119.77321,23.7,,3.7625
06-019-0011,6/7/2018,36.78538,-119.77321,21.3,,4.9
06-019-0011,6/8/2018,36.78538,-119.77321,23.9,,5.983333
06-019-0011,6/9/2018,36.78538,-119.77321,25.1,,1.6875
06-019-0011,6/10/2018,36.78538,-119.77321,19.7,,0.6
06-019-0011,6/11/2018,36.78538,-119.77321,23,,2.4875
06-019-0011,6/12/2018,36.78538,-119.77321,27.3,,6.775
06-019-0011,6/13/2018,36.78538,-119.77321,30.7,,7.970833
06-019-0011,6/14/2018,36.78538,-119.77321,29.9,,5.179167
06-019-0011,6/15/2018,36.78538,-119.77321,28,,3.379167
06-019-0011,6/16/2018,36.78538,-119.77321,24.6,,5.654167
06-019-0011,6/17/2018,36.78538,-119.77321,20.8,,5.116667
06-019-0011,6/18/2018,36.78538,-119.77321,22,,5.5625
06-019-0011,6/19/2018,36.78538,-119.77321,26.4,,5.170833
06-019-0011,6/21/2018,36.78538,-119.77321,27.8,,2.647826
06-019-0011,6/22/2018,36.78538,-119.77321,28.6,,7.370833
06-019-0011,6/23/2018,36.78538,-119.77321,30.7,,7.6
06-019-0011,6/24/2018,36.78538,-119.77321,31.2,,5.975
06-019-0011,7/13/2018,36.78538,-119.77321,32.1,,5.516667
06-019-0011,7/14/2018,36.78538,-119.77321,31.7,,5.1625
06-019-0011,7/15/2018,36.78538,-119.77321,31.5,,5.291667
06-019-0011,7/16/2018,36.78538,-119.77321,31.3,,6.479167
06-019-0011,7/17/2018,36.78538,-119.77321,31.9,,9.908333
06-019-0011,7/18/2018,36.78538,-119.77321,32.7,,8.8125
06-019-0011,7/19/2018,36.78538,-119.77321,33.4,,10.558333
06-019-0011,7/20/2018,36.78538,-119.77321,32.6,,7.965217
06-019-0011,7/21/2018,36.78538,-119.77321,31.3,,5.0125
06-019-0011,7/22/2018,36.78538,-119.77321,30.6,,4.416667
06-019-0011,7/23/2018,36.78538,-119.77321,31.2,,6.517391
06-019-0011,7/24/2018,36.78538,-119.77321,32.2,,5.720833
06-019-0011,7/25/2018,36.78538,-119.77321,32.1,,6.8125
06-019-0011,7/26/2018,36.78538,-119.77321,32.7,,14.904167
06-019-0011,7/27/2018,36.78538,-119.77321,32.4,,12.920833
06-019-0011,7/28/2018,36.78538,-119.77321,31.4,,31.308333
06-019-0011,7/29/2018,36.78538,-119.77321,31.2,,36.670833
06-019-0011,7/30/2018,36.78538,-119.77321,30.3,,29.116667
06-019-0011,7/31/2018,36.78538,-119.77321,31.6,,46.295652
06-019-0011,8/1/2018,36.78538,-119.77321,32.1,,32.033333
06-019-0011,8/2/2018,36.78538,-119.77321,31.4,,9.2625
06-019-0011,8/3/2018,36.78538,-119.77321,30.2,,22.552174
06-019-0011,8/4/2018,36.78538,-119.77321,29.1,,44.0125
06-019-0011,8/5/2018,36.78538,-119.77321,29.1,,20.941667
06-019-0011,8/6/2018,36.78538,-119.77321,27.7,,53.941667
06-019-0011,8/7/2018,36.78538,-119.77321,28.6,,43.8
06-019-0011,8/8/2018,36.78538,-119.77321,29,,47.6125
06-019-0011,8/9/2018,36.78538,-119.77321,30.2,,44.929167
06-019-0011,8/10/2018,36.78538,-119.77321,31.8,,32.6125
06-019-0011,8/11/2018,36.78538,-119.77321,30.8,,11.029167
06-019-0011,8/12/2018,36.78538,-119.77321,30.7,,2.954167
06-019-0011,8/13/2018,36.78538,-119.77321,29.9,,8.325
06-019-0011,8/14/2018,36.78538,-119.77321,28.8,,7.1875
06-019-0011,8/15/2018,36.78538,-119.77321,27.1,,11.8875
06-019-0011,8/16/2018,36.78538,-119.77321,27.8,,16.204167
06-019-0011,8/17/2018,36.78538,-119.77321,29.9,,13.775
06-019-0011,8/18/2018,36.78538,-119.77321,31.8,,7.708333
06-019-0011,8/19/2018,36.78538,-119.77321,31.1,,17.808333
06-019-0011,8/20/2018,36.78538,-119.77321,30.4,,17.826087
06-019-0011,8/21/2018,36.78538,-119.77321,27.1,,21.225
06-019-0011,8/22/2018,36.78538,-119.77321,25.3,,14.866667
06-019-0011,8/25/2018,36.78538,-119.77321,25.5,,33.058333
06-019-0011,8/26/2018,36.78538,-119.77321,26.4,,24.220833
06-019-0011,8/28/2018,36.78538,-119.77321,24.3,,11.3
06-019-0011,8/29/2018,36.78538,-119.77321,24.2,,6.85
06-019-0011,8/30/2018,36.78538,-119.77321,23.7,,11.054167
06-019-0011,8/31/2018,36.78538,-119.77321,23.5,,11.7625
06-019-0011,9/1/2018,36.78538,-119.77321,25.4,,8.4125
06-019-0011,9/2/2018,36.78538,-119.77321,27.8,,13.443478
06-019-0011,9/3/2018,36.78538,-119.77321,28.5,,17.604167
06-019-0011,9/4/2018,36.78538,-119.77321,28.2,,20.6625
06-019-0011,9/5/2018,36.78538,-119.77321,29.3,,15.3
06-019-0011,9/6/2018,36.78538,-119.77321,27.7,,14.220833
06-019-0011,9/7/2018,36.78538,-119.77321,28.3,,13.120833
06-019-0011,9/8/2018,36.78538,-119.77321,29.3,,5.3625
06-019-0011,9/9/2018,36.78538,-119.77321,27.5,,6.113043
06-019-0011,9/10/2018,36.78538,-119.77321,26.9,,9.091304
06-019-0011,9/11/2018,36.78538,-119.77321,26.7,,7.914286
06-019-0011,9/12/2018,36.78538,-119.77321,25.6,,1.526087
06-019-0011,9/13/2018,36.78538,-119.77321,22.1,,1.691667
06-019-0011,9/14/2018,36.78538,-119.77321,21.8,,4.108333
06-019-0011,9/15/2018,36.78538,-119.77321,23.5,,2.1125
06-019-0011,9/16/2018,36.78538,-119.77321,20.8,,1.930435
06-019-0011,9/17/2018,36.78538,-119.77321,22.5,,3.491304
06-019-0011,9/18/2018,36.78538,-119.77321,22.4,,3.373913
06-019-0011,9/19/2018,36.78538,-119.77321,22.8,,5.045833
06-019-0011,9/20/2018,36.78538,-119.77321,23.2,,12.03913
06-019-0011,9/22/2018,36.78538,-119.77321,26.4,,10.108333
06-019-0011,9/23/2018,36.78538,-119.77321,26.3,,6.266667
06-019-0011,9/24/2018,36.78538,-119.77321,24.9,,7.313043
06-019-0011,9/28/2018,36.78538,-119.77321,26.8,,15.641667
06-019-0011,9/29/2018,36.78538,-119.77321,22.8,,6.55
06-019-0011,9/30/2018,36.78538,-119.77321,20.2,,5.683333
06-019-0011,10/1/2018,36.78538,-119.77321,22.9,,7.079167
06-019-0011,10/2/2018,36.78538,-119.77321,24.1,,7.845833
06-019-0011,10/3/2018,36.78538,-119.77321,23.2,,4.441667
06-019-0011,10/4/2018,36.78538,-119.77321,20.7,,4.661905
06-019-0011,10/5/2018,36.78538,-119.77321,19.7,,3.0375
06-019-0011,10/6/2018,36.78538,-119.77321,20.7,,3.209091
06-019-0011,10/7/2018,36.78538,-119.77321,19.3,,2.783333
06-019-0011,10/8/2018,36.78538,-119.77321,19.9,,7.2125
06-019-0011,10/9/2018,36.78538,-119.77321,20.8,,8.558333
06-019-0011,10/10/2018,36.78538,-119.77321,20.2,,6.678261
06-019-0011,10/11/2018,36.78538,-119.77321,18.3,,6.543478
06-019-0011,10/12/2018,36.78538,-119.77321,19.2,,9.595833
06-019-0011,10/13/2018,36.78538,-119.77321,20.8,,10.9625
06-019-0011,10/14/2018,36.78538,-119.77321,20.9,,5.895833
06-019-0011,10/15/2018,36.78538,-119.77321,19.3,,8.704167
06-019-0011,10/16/2018,36.78538,-119.77321,18.8,,8.258333
06-019-0011,10/17/2018,36.78538,-119.77321,19.2,,8.595833
06-019-0011,10/18/2018,36.78538,-119.77321,19.8,,8.9875
06-019-0011,10/19/2018,36.78538,-119.77321,20.1,,13.691667
06-019-0011,10/20/2018,36.78538,-119.77321,20.4,,15.179167
06-019-0011,10/21/2018,36.78538,-119.77321,20.3,,10.366667
06-019-0011,10/22/2018,36.78538,-119.77321,19.9,,13.970833
06-019-0011,10/23/2018,36.78538,-119.77321,18.8,,13.720833
06-019-0011,10/24/2018,36.78538,-119.77321,17.3,,11.454167
06-019-0011,10/25/2018,36.78538,-119.77321,18.1,,14.845833
06-019-0011,10/26/2018,36.78538,-119.77321,19.7,,17.033333
06-019-0011,10/27/2018,36.78538,-119.77321,20.3,,22.091667
06-019-0011,10/28/2018,36.78538,-119.77321,20,,15.720833
06-019-0011,10/29/2018,36.78538,-119.77321,18.8,,1.883333
06-019-0011,11/1/2018,36.78538,-119.77321,16.9,,11.829167
06-019-0011,11/2/2018,36.78538,-119.77321,17.8,,12.641667
06-019-0011,11/3/2018,36.78538,-119.77321,17.4,,22.120833
06-019-0011,11/4/2018,36.78538,-119.77321,18.6,,18.454167
06-019-0011,11/5/2018,36.78538,-119.77321,17.9,,9.791667
06-019-0011,11/6/2018,36.78538,-119.77321,16.3,,12.170833
06-019-0011,11/7/2018,36.78538,-119.77321,16.4,,12.983333
06-019-0011,11/8/2018,36.78538,-119.77321,14.8,,9.266667
06-019-0011,11/9/2018,36.78538,-119.77321,13.6,,22.529167
06-019-0011,11/10/2018,36.78538,-119.77321,12.8,,33.6375
06-019-0011,11/11/2018,36.78538,-119.77321,11.7,,46.875
06-019-0011,11/12/2018,36.78538,-119.77321,10.3,,36.1875
06-019-0011,11/13/2018,36.78538,-119.77321,18.2,,24.775
06-019-0011,11/14/2018,36.78538,-119.77321,12.2,,32.5875
06-019-0011,11/15/2018,36.78538,-119.77321,12.3,,49.45
06-019-0011,11/20/2018,36.78538,-119.77321,11.6,,59
06-019-0011,11/21/2018,36.78538,-119.77321,13.1,,20.9875
06-019-0011,11/22/2018,36.78538,-119.77321,13.7,,14.558333
06-019-0011,11/23/2018,36.78538,-119.77321,13.1,,13.920833
06-019-0011,11/24/2018,36.78538,-119.77321,14.4,,7.1875
06-019-0011,11/25/2018,36.78538,-119.77321,13.7,,10.445833
06-019-0011,11/26/2018,36.78538,-119.77321,12.2,,19.104167
06-019-0011,11/27/2018,36.78538,-119.77321,13.7,,27.616667
06-019-0011,11/28/2018,36.78538,-119.77321,14.4,,21.091304
06-019-0011,11/29/2018,36.78538,-119.77321,13.6,,6.46
06-019-0011,11/30/2018,36.78538,-119.77321,12.4,,6.034783
06-019-0011,12/1/2018,36.78538,-119.77321,9.3,,16.491667
06-019-0011,12/2/2018,36.78538,-119.77321,7.8,,13.1375
06-019-0011,12/3/2018,36.78538,-119.77321,9.3,,11.966667
06-019-0011,12/4/2018,36.78538,-119.77321,10.7,,12.233333
06-019-0011,12/5/2018,36.78538,-119.77321,12.7,,7.8875
06-019-0011,12/6/2018,36.78538,-119.77321,10.6,,14.686957
06-019-0011,12/7/2018,36.78538,-119.77321,10.9,,23.4375
06-019-0011,12/8/2018,36.78538,-119.77321,10,,27.673913
06-019-0011,12/9/2018,36.78538,-119.77321,10.5,,25.604167
06-019-0011,12/10/2018,36.78538,-119.77321,9.4,,21.420833
06-019-0011,12/11/2018,36.78538,-119.77321,10.2,,21.7875
06-019-0011,12/12/2018,36.78538,-119.77321,8.2,,18.9875
06-019-0011,12/13/2018,36.78538,-119.77321,9.6,,25.6625
06-019-0011,12/14/2018,36.78538,-119.77321,10.2,,27.8
06-019-0011,12/15/2018,36.78538,-119.77321,9.2,,23.166667
06-019-0011,12/16/2018,36.78538,-119.77321,10.6,,17.383333
06-019-0011,12/20/2018,36.78538,-119.77321,9.6,,22.085714
06-019-0011,12/21/2018,36.78538,-119.77321,11,,27.286957
06-019-0011,12/22/2018,36.78538,-119.77321,11.3,,15.804167
06-019-0011,12/23/2018,36.78538,-119.77321,12.2,,19.141667
06-019-0011,12/24/2018,36.78538,-119.77321,11.8,,24.079167
06-019-0011,12/25/2018,36.78538,-119.77321,10.8,,16.25
06-019-0011,12/26/2018,36.78538,-119.77321,8.7,,17.479167
06-019-0011,12/27/2018,36.78538,-119.77321,7.6,,27.570833
06-019-0011,12/28/2018,36.78538,-119.77321,5.8,,28.841667
06-019-0011,1/1/2019,36.78538,-119.77321,5.1,,47.1
06-019-0011,1/2/2019,36.78538,-119.77321,5.2,,39
06-019-0011,1/3/2019,36.78538,-119.77321,6.1,,27.3
06-019-0011,1/4/2019,36.78538,-119.77321,7.6,,30.4
06-019-0011,1/5/2019,36.78538,-119.77321,9.2,,13
06-019-0011,1/6/2019,36.78538,-119.77321,9.1,,7.1
06-019-0011,1/7/2019,36.78538,-119.77321,11.8,,5.6
06-019-0011,1/8/2019,36.78538,-119.77321,13.6,,10.7
06-019-0011,1/9/2019,36.78538,-119.77321,13.6,,10.6
06-019-0011,1/10/2019,36.78538,-119.77321,11.4,,12.5
06-019-0011,1/11/2019,36.78538,-119.77321,10.2,,13.8
06-019-0011,1/12/2019,36.78538,-119.77321,12.5,,14.9
06-019-0011,1/13/2019,36.78538,-119.77321,11.3,,9.9
06-019-0011,1/14/2019,36.78538,-119.77321,10.8,,12.4
06-019-0011,1/15/2019,36.78538,-119.77321,10.4,,6.8
06-019-0011,1/16/2019,36.78538,-119.77321,13.4,,5.2
06-019-0011,1/17/2019,36.78538,-119.77321,14.9,,5.5
06-019-0011,1/18/2019,36.78538,-119.77321,13.3,,8.1
06-019-0011,1/19/2019,36.78538,-119.77321,11.4,,16.5
06-019-0011,1/20/2019,36.78538,-119.77321,12.4,,13.7
06-019-0011,1/21/2019,36.78538,-119.77321,11.1,,4.5
06-019-0011,1/22/2019,36.78538,-119.77321,8.1,,19.2
06-019-0011,1/23/2019,36.78538,-119.77321,8.1,,18.5
06-019-0011,1/24/2019,36.78538,-119.77321,9.2,,24.2
06-019-0011,1/25/2019,36.78538,-119.77321,10,,31.5
06-019-0011,1/26/2019,36.78538,-119.77321,10.7,,37
06-019-0011,1/27/2019,36.78538,-119.77321,11.7,,31.1
06-019-0011,1/28/2019,36.78538,-119.77321,11.6,,34.6
06-019-0011,1/29/2019,36.78538,-119.77321,13.2,,35.5
06-019-0011,1/30/2019,36.78538,-119.77321,13.1,,33.1
06-019-0011,1/31/2019,36.78538,-119.77321,14.6,,23.2
06-019-0011,2/1/2019,36.78538,-119.77321,12.9,,13.1
06-019-0011,2/2/2019,36.78538,-119.77321,13.7,,5.7
06-019-0011,2/3/2019,36.78538,-119.77321,12.3,,2.2
06-019-0011,2/4/2019,36.78538,-119.77321,12.2,,1.9
06-019-0011,2/5/2019,36.78538,-119.77321,7.7,,4
06-019-0011,2/6/2019,36.78538,-119.77321,4.9,,11.8
06-019-0011,2/7/2019,36.78538,-119.77321,6.5,,15.5
06-019-0011,2/8/2019,36.78538,-119.77321,7.1,,10.2
06-019-0011,2/9/2019,36.78538,-119.77321,9.6,,4.3
06-019-0011,2/10/2019,36.78538,-119.77321,8.9,,6.5
06-019-0011,2/11/2019,36.78538,-119.77321,5.4,,10.3
06-019-0011,2/12/2019,36.78538,-119.77321,6.4,,11.4
06-019-0011,2/13/2019,36.78538,-119.77321,12.1,,5
06-019-0011,2/14/2019,36.78538,-119.77321,16.6,,4.5
06-019-0011,2/15/2019,36.78538,-119.77321,10.7,,4.8
06-019-0011,2/16/2019,36.78538,-119.77321,7.4,,6.9
06-019-0011,2/19/2019,36.78538,-119.77321,6.4,,12.4
06-019-0011,2/20/2019,36.78538,-119.77321,7.3,,11.3
06-019-0011,2/21/2019,36.78538,-119.77321,7.2,,4.6
06-019-0011,2/23/2019,36.78538,-119.77321,7.4,,22.5
06-019-0011,2/24/2019,36.78538,-119.77321,9.3,,21
06-019-0011,2/25/2019,36.78538,-119.77321,13.2,,8.9
06-019-0011,2/26/2019,36.78538,-119.77321,15.1,,7.4
06-019-0011,2/27/2019,36.78538,-119.77321,15.2,,5.8
06-019-0011,2/28/2019,36.78538,-119.77321,15.1,,5.2
06-019-0011,3/1/2019,36.78538,-119.77321,13.3,,9.5
06-019-0011,3/2/2019,36.78538,-119.77321,14.3,,5.3
06-019-0011,3/3/2019,36.78538,-119.77321,14.9,,2.9
06-019-0011,3/4/2019,36.78538,-119.77321,13.8,,3.7
06-019-0011,3/5/2019,36.78538,-119.77321,13.1,,7.5
06-019-0011,3/6/2019,36.78538,-119.77321,14.8,,2.7
06-019-0011,3/7/2019,36.78538,-119.77321,13.1,,3
06-019-0011,3/8/2019,36.78538,-119.77321,10.2,,2.8
06-019-0011,3/9/2019,36.78538,-119.77321,9.2,,6.2
06-019-0011,3/10/2019,36.78538,-119.77321,9.8,,6.4
06-019-0011,3/11/2019,36.78538,-119.77321,10.7,,4.2
06-019-0011,3/12/2019,36.78538,-119.77321,12.2,,7.2
06-019-0011,3/13/2019,36.78538,-119.77321,10.7,,3.8
06-019-0011,3/14/2019,36.78538,-119.77321,11.1,,9.4
06-019-0011,3/15/2019,36.78538,-119.77321,12.8,,8.2
06-019-0011,3/16/2019,36.78538,-119.77321,13.9,,11.7
06-019-0011,3/17/2019,36.78538,-119.77321,15.5,,11.1
06-019-0011,3/18/2019,36.78538,-119.77321,17.9,,10.8
06-019-0011,3/19/2019,36.78538,-119.77321,19.2,,7.6
06-019-0011,3/20/2019,36.78538,-119.77321,16.1,,5.3
06-019-0011,3/21/2019,36.78538,-119.77321,12.7,,4.8
06-019-0011,3/22/2019,36.78538,-119.77321,13.1,,7.7
06-019-0011,3/23/2019,36.78538,-119.77321,14.7,,7.4
06-019-0011,3/24/2019,36.78538,-119.77321,12.7,,11.7
06-019-0011,3/25/2019,36.78538,-119.77321,15.2,,8.8
06-019-0011,3/26/2019,36.78538,-119.77321,16.8,,7.7
06-019-0011,3/27/2019,36.78538,-119.77321,16.7,,4.9
06-019-0011,3/28/2019,36.78538,-119.77321,15.6,,4
06-019-0011,3/29/2019,36.78538,-119.77321,14.1,,5.9
06-019-0011,3/30/2019,36.78538,-119.77321,13.8,,5.6
06-019-0011,4/1/2019,36.78538,-119.77321,18.2,,7.4
06-019-0011,4/2/2019,36.78538,-119.77321,18.7,,3.6
06-019-0011,4/3/2019,36.78538,-119.77321,14.8,,3.4
06-019-0011,4/4/2019,36.78538,-119.77321,16.2,,6.8
06-019-0011,4/5/2019,36.78538,-119.77321,15.8,,4.6
06-019-0011,4/7/2019,36.78538,-119.77321,19.1,,4.8
06-019-0011,4/8/2019,36.78538,-119.77321,20.9,,8.1
06-019-0011,4/9/2019,36.78538,-119.77321,18.8,,2.4
06-019-0011,4/10/2019,36.78538,-119.77321,14,,2.9
06-019-0011,4/11/2019,36.78538,-119.77321,15.3,,7.2
06-019-0011,4/12/2019,36.78538,-119.77321,14.3,,6.9
06-019-0011,4/13/2019,36.78538,-119.77321,18.3,,9.7
06-019-0011,4/14/2019,36.78538,-119.77321,20.3,,6.4
06-019-0011,4/15/2019,36.78538,-119.77321,19.8,,3.5
06-019-0011,4/16/2019,36.78538,-119.77321,14.5,,5.5
06-019-0011,4/17/2019,36.78538,-119.77321,16.4,,7.3
06-019-0011,4/18/2019,36.78538,-119.77321,20.3,,11.7
06-019-0011,4/19/2019,36.78538,-119.77321,23.9,,15.2
06-019-0011,4/20/2019,36.78538,-119.77321,21.8,,6.5
06-019-0011,4/21/2019,36.78538,-119.77321,15.4,,8.1
06-019-0011,4/22/2019,36.78538,-119.77321,19,,11.2
06-019-0011,4/23/2019,36.78538,-119.77321,23.1,,13.9
06-019-0011,4/24/2019,36.78538,-119.77321,25.6,,14.8
06-019-0011,4/25/2019,36.78538,-119.77321,27.4,,11.7
06-019-0011,4/26/2019,36.78538,-119.77321,27,,9.5
06-019-0011,4/27/2019,36.78538,-119.77321,24.8,,11.1
06-019-0011,4/28/2019,36.78538,-119.77321,22.2,,9
06-019-0011,4/29/2019,36.78538,-119.77321,21.6,,9.7
06-019-0011,4/30/2019,36.78538,-119.77321,19.4,,8.7
06-019-0011,5/1/2019,36.78538,-119.77321,18,,9.1
06-019-0011,5/2/2019,36.78538,-119.77321,20.3,,7.3
06-019-0011,5/3/2019,36.78538,-119.77321,22.1,,8.3
06-019-0011,5/4/2019,36.78538,-119.77321,22.8,,8.1
06-019-0011,5/5/2019,36.78538,-119.77321,21,,5.1
06-019-0011,5/6/2019,36.78538,-119.77321,19,,4.8
06-019-0011,5/7/2019,36.78538,-119.77321,18.6,,5.9
06-019-0011,5/8/2019,36.78538,-119.77321,20.6,,7.7
06-019-0011,5/9/2019,36.78538,-119.77321,22.3,,10.2
06-019-0011,5/10/2019,36.78538,-119.77321,19.1,,9.2
06-019-0011,5/11/2019,36.78538,-119.77321,21.1,,9.5
06-019-0011,5/12/2019,36.78538,-119.77321,24.4,,9.5
06-019-0011,5/13/2019,36.78538,-119.77321,23.9,,4.6
06-019-0011,5/14/2019,36.78538,-119.77321,23.1,,5.8
06-019-0011,5/15/2019,36.78538,-119.77321,20.7,,5.6
06-019-0011,5/16/2019,36.78538,-119.77321,16.7,,2.2
06-019-0011,5/17/2019,36.78538,-119.77321,14.1,,4.4
06-019-0011,5/18/2019,36.78538,-119.77321,16.2,,5
06-019-0011,5/19/2019,36.78538,-119.77321,13.3,,2.8
06-019-0011,5/20/2019,36.78538,-119.77321,13.5,,3.1
06-019-0011,5/21/2019,36.78538,-119.77321,15.4,,2.5
06-019-0011,5/22/2019,36.78538,-119.77321,13.9,,3.1
06-019-0011,5/23/2019,36.78538,-119.77321,17.5,,5.8
06-019-0011,5/24/2019,36.78538,-119.77321,17.7,,8.1
06-019-0011,5/25/2019,36.78538,-119.77321,21.4,,9.9
06-019-0011,5/26/2019,36.78538,-119.77321,15.9,,4.6
06-019-0011,5/27/2019,36.78538,-119.77321,12.5,,4.6
06-019-0011,5/28/2019,36.78538,-119.77321,16.6,,11.4
06-019-0011,5/29/2019,36.78538,-119.77321,21.1,,13.8
06-019-0011,5/30/2019,36.78538,-119.77321,24.4,,12.8
06-019-0011,5/31/2019,36.78538,-119.77321,23.4,,8.5
06-019-0011,6/1/2019,36.78538,-119.77321,25.4,,6.6
06-019-0011,6/2/2019,36.78538,-119.77321,26.3,,9.5
06-019-0011,6/3/2019,36.78538,-119.77321,25.8,,11
06-019-0011,6/4/2019,36.78538,-119.77321,28.7,,14.7
06-019-0011,6/5/2019,36.78538,-119.77321,30.8,,14.9
06-019-0011,6/6/2019,36.78538,-119.77321,29.3,,5.2
06-019-0011,6/7/2019,36.78538,-119.77321,22.4,,4.6
06-019-0011,6/8/2019,36.78538,-119.77321,21.2,,4.4
06-019-0011,6/9/2019,36.78538,-119.77321,25.7,,8.1
06-019-0011,6/10/2019,36.78538,-119.77321,29.6,,11.3
06-019-0011,6/11/2019,36.78538,-119.77321,31.7,,13.2
06-019-0011,6/12/2019,36.78538,-119.77321,33.3,,12.7
06-019-0011,6/13/2019,36.78538,-119.77321,30.3,,11
06-019-0011,6/14/2019,36.78538,-119.77321,27.9,,6.7
06-019-0011,6/15/2019,36.78538,-119.77321,27.2,,7.5
06-019-0011,6/16/2019,36.78538,-119.77321,25.1,,7
06-019-0011,6/17/2019,36.78538,-119.77321,27.9,,10.1
06-019-0011,6/18/2019,36.78538,-119.77321,29.9,,12.6
06-019-0011,6/19/2019,36.78538,-119.77321,31.3,,11.1
06-019-0011,6/20/2019,36.78538,-119.77321,28.5,,7.5
06-019-0011,6/21/2019,36.78538,-119.77321,24.2,,7.4
06-019-0011,6/22/2019,36.78538,-119.77321,25.6,,7.1
06-019-0011,6/23/2019,36.78538,-119.77321,28.6,,8.9
06-019-0011,6/24/2019,36.78538,-119.77321,29.9,,7
06-019-0011,6/25/2019,36.78538,-119.77321,28.7,,5.4
06-019-0011,6/26/2019,36.78538,-119.77321,25.8,,3.8
06-019-0011,6/27/2019,36.78538,-119.77321,22.7,,4
06-019-0011,6/28/2019,36.78538,-119.77321,23.2,,4.7
06-019-0011,6/29/2019,36.78538,-119.77321,24.2,,5.2
06-019-0011,6/30/2019,36.78538,-119.77321,26.6,,4.8
06-019-0011,7/1/2019,36.78538,-119.77321,26.5,,4.2
06-019-0011,7/2/2019,36.78538,-119.77321,25.9,,5.7
06-019-0011,7/3/2019,36.78538,-119.77321,25.1,,7.6
06-019-0011,7/4/2019,36.78538,-119.77321,25.8,,35.8
06-019-0011,7/5/2019,36.78538,-119.77321,28.1,,11.8
06-019-0011,7/6/2019,36.78538,-119.77321,29.4,,10.3
06-019-0011,7/7/2019,36.78538,-119.77321,27.9,,8.8
06-019-0011,7/8/2019,36.78538,-119.77321,25.1,,6.6
06-019-0011,7/9/2019,36.78538,-119.77321,24.8,,7.7
06-019-0011,7/10/2019,36.78538,-119.77321,26.2,,5.9
06-019-0011,7/11/2019,36.78538,-119.77321,28.3,,5.4
06-019-0011,7/12/2019,36.78538,-119.77321,29.2,,5.9
06-019-0011,7/13/2019,36.78538,-119.77321,31.1,,8.7
06-019-0011,7/14/2019,36.78538,-119.77321,31.4,,5.4
06-019-0011,7/16/2019,36.78538,-119.77321,28.9,,4.3
06-019-0011,7/17/2019,36.78538,-119.77321,27.6,,4.3
06-019-0011,7/18/2019,36.78538,-119.77321,29.2,,7.9
06-019-0011,7/19/2019,36.78538,-119.77321,28.1,,6.2
06-019-0011,7/20/2019,36.78538,-119.77321,27.2,,8.9
06-019-0011,7/21/2019,36.78538,-119.77321,28.3,,9
06-019-0011,7/22/2019,36.78538,-119.77321,30.7,,10
06-019-0011,7/23/2019,36.78538,-119.77321,32.1,,10.8
06-019-0011,7/24/2019,36.78538,-119.77321,31.8,,11.2
06-019-0011,7/25/2019,36.78538,-119.77321,32.9,,13.9
06-019-0011,7/26/2019,36.78538,-119.77321,33.7,,9.7
06-019-0011,7/27/2019,36.78538,-119.77321,31.7,,11
06-019-0011,7/28/2019,36.78538,-119.77321,33.2,,10.9
06-019-0011,7/29/2019,36.78538,-119.77321,32.8,,9.3
06-019-0011,7/30/2019,36.78538,-119.77321,28.6,,9.5
06-019-0011,7/31/2019,36.78538,-119.77321,28.6,,8.6
06-019-0011,8/1/2019,36.78538,-119.77321,29.1,,10.4
06-019-0011,8/2/2019,36.78538,-119.77321,27.5,,7
06-019-0011,8/3/2019,36.78538,-119.77321,29.6,,9.5
06-019-0011,8/4/2019,36.78538,-119.77321,31.6,,9
06-019-0011,8/5/2019,36.78538,-119.77321,30.3,,7.4
06-019-0011,8/6/2019,36.78538,-119.77321,30.1,,11.4
06-019-0011,8/7/2019,36.78538,-119.77321,30.9,,10.7
06-019-0011,8/8/2019,36.78538,-119.77321,27.7,,8
06-019-0011,8/9/2019,36.78538,-119.77321,25.3,,6.3
06-019-0011,8/10/2019,36.78538,-119.77321,25.9,,4.1
06-019-0011,8/11/2019,36.78538,-119.77321,25.2,,4.9
06-019-0011,8/12/2019,36.78538,-119.77321,27.1,,7.7
06-019-0011,8/13/2019,36.78538,-119.77321,29.4,,9.8
06-019-0011,8/14/2019,36.78538,-119.77321,30.9,,11.5
06-019-0011,8/15/2019,36.78538,-119.77321,32.1,,11.9
06-019-0011,8/16/2019,36.78538,-119.77321,32.7,,10.3
06-019-0011,8/17/2019,36.78538,-119.77321,30.8,,10.7
06-019-0011,8/18/2019,36.78538,-119.77321,27.1,,7.6
06-019-0011,8/19/2019,36.78538,-119.77321,25.7,,7.7
06-019-0011,8/20/2019,36.78538,-119.77321,26.3,,9.6
06-019-0011,8/21/2019,36.78538,-119.77321,26.7,,8.3
06-019-0011,8/22/2019,36.78538,-119.77321,28.6,,10.2
06-019-0011,8/23/2019,36.78538,-119.77321,31.1,,14.6
06-019-0011,8/24/2019,36.78538,-119.77321,30.7,,11.8
06-019-0011,8/25/2019,36.78538,-119.77321,31.1,,8.9
06-019-0011,8/26/2019,36.78538,-119.77321,31.6,,9.3
06-019-0011,8/27/2019,36.78538,-119.77321,32.4,,9.4
06-019-0011,8/29/2019,36.78538,-119.77321,28.8,,8
06-019-0011,8/30/2019,36.78538,-119.77321,26.9,,9.7
06-019-0011,8/31/2019,36.78538,-119.77321,28.9,,10.2
06-019-0011,9/1/2019,36.78538,-119.77321,30.4,,9.4
06-019-0011,9/2/2019,36.78538,-119.77321,31.1,,9
06-019-0011,9/3/2019,36.78538,-119.77321,30.5,,7.3
06-019-0011,9/4/2019,36.78538,-119.77321,30.3,,8.6
06-019-0011,9/5/2019,36.78538,-119.77321,31.4,,10.3
06-019-0011,9/6/2019,36.78538,-119.77321,29.5,,6.8
06-019-0011,9/7/2019,36.78538,-119.77321,27.9,,8.5
06-019-0011,9/8/2019,36.78538,-119.77321,21.9,,4.7
06-019-0011,9/9/2019,36.78538,-119.77321,23.5,,4.7
06-019-0011,9/10/2019,36.78538,-119.77321,22.6,,5.2
06-019-0011,9/11/2019,36.78538,-119.77321,22.4,,6.6
06-019-0011,9/12/2019,36.78538,-119.77321,25.3,,11.6
06-019-0011,9/13/2019,36.78538,-119.77321,27.5,,12.8
06-019-0011,9/14/2019,36.78538,-119.77321,28.9,,13
06-019-0011,9/15/2019,36.78538,-119.77321,28.8,,11.7
06-019-0011,9/16/2019,36.78538,-119.77321,23.9,,4.2
06-019-0011,9/17/2019,36.78538,-119.77321,19.9,,5.3
06-019-0011,9/18/2019,36.78538,-119.77321,21.9,,5.7
06-019-0011,9/19/2019,36.78538,-119.77321,21.7,,4.5
06-019-0011,9/20/2019,36.78538,-119.77321,20.5,,6.3
06-019-0011,9/21/2019,36.78538,-119.77321,23.1,,9
06-019-0011,9/22/2019,36.78538,-119.77321,24.3,,9.8
06-019-0011,9/23/2019,36.78538,-119.77321,25.2,,6
06-019-0011,9/24/2019,36.78538,-119.77321,25,,13.3
06-019-0011,9/25/2019,36.78538,-119.77321,27.4,,14.5
06-019-0011,9/26/2019,36.78538,-119.77321,28.3,,14.5
06-019-0011,9/27/2019,36.78538,-119.77321,25,,9.6
06-019-0011,9/28/2019,36.78538,-119.77321,21.1,,5.6
06-019-0011,9/29/2019,36.78538,-119.77321,16.8,,3.4
06-019-0011,9/30/2019,36.78538,-119.77321,16.4,,5.2
06-019-0011,10/1/2019,36.78538,-119.77321,15.6,,5.7
06-019-0011,10/2/2019,36.78538,-119.77321,16.7,,8.2
06-019-0011,10/3/2019,36.78538,-119.77321,18.7,,9
06-019-0011,10/4/2019,36.78538,-119.77321,19.1,,5.9
06-019-0011,10/5/2019,36.78538,-119.77321,18.5,,11.6
06-019-0011,10/6/2019,36.78538,-119.77321,20.7,,11.4
06-019-0011,10/7/2019,36.78538,-119.77321,22.6,,14.9
06-019-0011,10/8/2019,36.78538,-119.77321,22.9,,17.9
06-019-0011,10/9/2019,36.78538,-119.77321,21.4,,11.9
06-019-0011,10/10/2019,36.78538,-119.77321,16.7,,8.4
06-019-0011,10/11/2019,36.78538,-119.77321,18.2,,10.5
06-019-0011,10/12/2019,36.78538,-119.77321,18.2,,15.6
06-019-0011,10/13/2019,36.78538,-119.77321,18.9,,14.6
06-019-0011,10/14/2019,36.78538,-119.77321,18.6,,15.9
06-019-0011,10/15/2019,36.78538,-119.77321,19,,17
06-019-0011,10/16/2019,36.78538,-119.77321,19.6,,21.5
06-019-0011,10/17/2019,36.78538,-119.77321,19.4,,3.7
06-019-0011,10/18/2019,36.78538,-119.77321,16.2,,7.6
06-019-0011,10/19/2019,36.78538,-119.77321,16.4,,6
06-019-0011,10/20/2019,36.78538,-119.77321,17.8,,7.3
06-019-0011,10/21/2019,36.78538,-119.77321,17.8,,13.3
06-019-0011,10/22/2019,36.78538,-119.77321,19.7,,11.2
06-019-0011,10/23/2019,36.78538,-119.77321,20.5,,12.2
06-019-0011,10/24/2019,36.78538,-119.77321,20.6,,14
06-019-0011,10/25/2019,36.78538,-119.77321,21.9,,16.8
06-019-0011,10/26/2019,36.78538,-119.77321,20.9,,16
06-019-0011,10/27/2019,36.78538,-119.77321,17.6,,22.7
06-019-0011,10/28/2019,36.78538,-119.77321,13.9,,17.1
06-019-0011,10/29/2019,36.78538,-119.77321,14.1,,20.5
06-019-0011,10/30/2019,36.78538,-119.77321,13.4,,21.5
06-019-0011,10/31/2019,36.78538,-119.77321,13.1,,19.2
06-019-0011,11/1/2019,36.78538,-119.77321,13.2,,23.9
06-019-0011,11/2/2019,36.78538,-119.77321,14,,25
06-019-0011,11/3/2019,36.78538,-119.77321,14.5,,27.6
06-019-0011,11/4/2019,36.78538,-119.77321,15.9,,21
06-019-0011,11/5/2019,36.78538,-119.77321,16.6,,25.5
06-019-0011,11/6/2019,36.78538,-119.77321,16.7,,26.2
06-019-0011,11/7/2019,36.78538,-119.77321,17.1,,26.1
06-019-0011,11/8/2019,36.78538,-119.77321,17.1,,33.2
06-019-0011,11/9/2019,36.78538,-119.77321,16.3,,31.3
06-019-0011,11/10/2019,36.78538,-119.77321,16.1,,30.1
06-019-0011,11/11/2019,36.78538,-119.77321,16.7,,28.5
06-019-0011,11/12/2019,36.78538,-119.77321,17,,26.4
06-019-0011,11/13/2019,36.78538,-119.77321,16.9,,30.5
06-019-0011,11/14/2019,36.78538,-119.77321,17.5,,21.9
06-019-0011,11/15/2019,36.78538,-119.77321,14.8,,13.8
06-019-0011,11/16/2019,36.78538,-119.77321,14.1,,25.8
06-019-0011,11/17/2019,36.78538,-119.77321,14.8,,29.9
06-019-0011,11/18/2019,36.78538,-119.77321,15.4,,31.6
06-019-0011,11/19/2019,36.78538,-119.77321,15.6,,18.5
06-019-0011,11/20/2019,36.78538,-119.77321,12.9,,5.3
06-019-0011,11/21/2019,36.78538,-119.77321,12.9,,8.4
06-019-0011,11/22/2019,36.78538,-119.77321,12.8,,13.3
06-019-0011,11/23/2019,36.78538,-119.77321,12.8,,17.9
06-019-0011,11/24/2019,36.78538,-119.77321,12.4,,28.1
06-019-0011,11/25/2019,36.78538,-119.77321,11.9,,22
06-019-0011,11/26/2019,36.78538,-119.77321,8.8,,11.3
06-019-0011,11/27/2019,36.78538,-119.77321,9.4,,6.9
06-019-0011,11/28/2019,36.78538,-119.77321,7.2,,4.9
06-019-0011,11/29/2019,36.78538,-119.77321,7.4,,4.6
06-019-0011,11/30/2019,36.78538,-119.77321,6.8,,4.7
06-019-0011,12/1/2019,36.78538,-119.77321,8.9,,9.3
06-019-0011,12/2/2019,36.78538,-119.77321,12.7,,6.1
06-019-0011,12/3/2019,36.78538,-119.77321,11.7,,14.8
06-019-0011,12/4/2019,36.78538,-119.77321,11.4,,14.7
06-019-0011,12/5/2019,36.78538,-119.77321,12.2,,6.4
06-019-0011,12/6/2019,36.78538,-119.77321,12.8,,8
06-019-0011,12/7/2019,36.78538,-119.77321,14.7,,4.2
06-019-0011,12/8/2019,36.78538,-119.77321,14.2,,5.9
06-019-0011,12/9/2019,36.78538,-119.77321,10.1,,11.6
06-019-0011,12/10/2019,36.78538,-119.77321,9.3,,37.8
06-019-0011,12/11/2019,36.78538,-119.77321,9.4,,27.1
06-019-0011,12/12/2019,36.78538,-119.77321,12,,18.1
06-019-0011,12/13/2019,36.78538,-119.77321,13.2,,15.4
06-019-0011,12/14/2019,36.78538,-119.77321,14.1,,4.9
06-019-0011,12/15/2019,36.78538,-119.77321,9.9,,5.2
06-019-0011,12/16/2019,36.78538,-119.77321,7.9,,12.7
06-019-0011,12/17/2019,36.78538,-119.77321,8,,8.3
06-019-0011,12/18/2019,36.78538,-119.77321,9.7,,9.2
06-019-0011,12/19/2019,36.78538,-119.77321,8.9,,13.8
06-019-0011,12/20/2019,36.78538,-119.77321,9.6,,16.4
06-019-0011,12/21/2019,36.78538,-119.77321,11.6,,12.1
06-019-0011,12/22/2019,36.78538,-119.77321,13.8,,7.6
06-019-0011,12/23/2019,36.78538,-119.77321,9.9,,8.3
06-019-0011,12/24/2019,36.78538,-119.77321,9.2,,18.3
06-019-0011,12/25/2019,36.78538,-119.77321,8.2,,13.2
06-019-0011,12/26/2019,36.78538,-119.77321,9.6,,7.3
06-019-0011,12/27/2019,36.78538,-119.77321,7.4,,14
06-019-0011,12/28/2019,36.78538,-119.77321,7.4,,28.3
06-019-0011,12/29/2019,36.78538,-119.77321,7.8,,19.6
06-019-0011,12/30/2019,36.78538,-119.77321,8.2,,23.7
06-019-0011,12/31/2019,36.78538,-119.77321,6.9,,33.8
06-019-0011,1/1/2020,36.78538,-119.77321,8.8,,41.1
06-019-0011,1/2/2020,36.78538,-119.77321,8.8,,32.4
06-019-0011,1/3/2020,36.78538,-119.77321,9.3,,27.1
06-019-0011,1/4/2020,36.78538,-119.77321,11.4,,16
06-019-0011,1/5/2020,36.78538,-119.77321,9.5,,11.2
06-019-0011,1/6/2020,36.78538,-119.77321,8.3,,18.7
06-019-0011,1/7/2020,36.78538,-119.77321,5.8,,19.4
06-019-0011,1/8/2020,36.78538,-119.77321,6.7,,15.6
06-019-0011,1/9/2020,36.78538,-119.77321,7.4,,11
06-019-0011,1/10/2020,36.78538,-119.77321,8.1,,14.7
06-019-0011,1/11/2020,36.78538,-119.77321,7.3,,15.3
06-019-0011,1/12/2020,36.78538,-119.77321,7.2,,18.3
06-019-0011,1/13/2020,36.78538,-119.77321,5.8,,18.8
06-019-0011,1/16/2020,36.78538,-119.77321,9.4,,8.7
06-019-0011,1/17/2020,36.78538,-119.77321,6.5,,8.6
06-019-0011,1/18/2020,36.78538,-119.77321,5.8,,15.1
06-019-0011,1/19/2020,36.78538,-119.77321,6.7,,22.5
06-019-0011,1/20/2020,36.78538,-119.77321,8,,20.3
06-019-0011,1/21/2020,36.78538,-119.77321,10.9,,22.5
06-019-0011,1/22/2020,36.78538,-119.77321,13.1,,19.5
06-019-0011,1/23/2020,36.78538,-119.77321,10.2,,12.5
06-019-0011,1/24/2020,36.78538,-119.77321,11.5,,23.7
06-019-0011,1/25/2020,36.78538,-119.77321,12.5,,31.3
06-019-0011,1/26/2020,36.78538,-119.77321,12.9,,17.3
06-019-0011,1/27/2020,36.78538,-119.77321,10.7,,11.2
06-019-0011,1/28/2020,36.78538,-119.77321,10.8,,12.3
06-019-0011,1/29/2020,36.78538,-119.77321,10.7,,10.3
06-019-0011,1/30/2020,36.78538,-119.77321,9.4,,17.8
06-019-0011,1/31/2020,36.78538,-119.77321,10.9,,23.9
06-019-0011,2/1/2020,36.78538,-119.77321,11.9,,27.5
06-019-0011,2/3/2020,36.78538,-119.77321,6.9,,5.5
06-019-0011,2/4/2020,36.78538,-119.77321,5.8,,19.1
06-019-0011,2/5/2020,36.78538,-119.77321,6.5,,23.9
06-019-0011,2/6/2020,36.78538,-119.77321,8.4,,23.5
06-019-0011,2/7/2020,36.78538,-119.77321,10.6,,24.4
06-019-0011,2/8/2020,36.78538,-119.77321,11.5,,22.9
06-019-0011,2/9/2020,36.78538,-119.77321,10.3,,11.2
06-019-0011,2/10/2020,36.78538,-119.77321,8.5,,21
06-019-0011,2/11/2020,36.78538,-119.77321,10.3,,14.8
06-019-0011,2/16/2020,36.78538,-119.77321,13.8,,13.7
06-019-0011,2/17/2020,36.78538,-119.77321,12.8,,10.8
06-019-0011,2/18/2020,36.78538,-119.77321,13.2,,17.3
06-019-0011,2/19/2020,36.78538,-119.77321,12.9,,17.3
06-019-0011,2/20/2020,36.78538,-119.77321,13.8,,15.6
06-019-0011,2/21/2020,36.78538,-119.77321,14.2,,17.4
06-019-0011,2/22/2020,36.78538,-119.77321,16.4,,9
06-019-0011,2/23/2020,36.78538,-119.77321,12.6,,11.2
06-019-0011,2/24/2020,36.78538,-119.77321,13.1,,11.6
06-019-0011,2/25/2020,36.78538,-119.77321,14.7,,16
06-019-0011,2/26/2020,36.78538,-119.77321,16.4,,10.2
06-019-0011,2/27/2020,36.78538,-119.77321,17,,13.4
06-019-0011,2/28/2020,36.78538,-119.77321,18.6,,13.8
06-019-0011,2/29/2020,36.78538,-119.77321,18.8,,10
06-019-0011,3/1/2020,36.78538,-119.77321,13.7,,6.6
06-019-0011,3/2/2020,36.78538,-119.77321,9.6,,13
06-019-0011,3/3/2020,36.78538,-119.77321,13.5,,13.5
06-019-0011,3/4/2020,36.78538,-119.77321,15.8,,14
06-019-0011,3/5/2020,36.78538,-119.77321,18.1,,13.4
06-019-0011,3/6/2020,36.78538,-119.77321,17.9,,11.4
06-019-0011,3/7/2020,36.78538,-119.77321,15.3,,3.4
06-019-0011,3/8/2020,36.78538,-119.77321,11.9,,4.4
06-019-0011,3/10/2020,36.78538,-119.77321,15,,6.6
06-019-0011,3/11/2020,36.78538,-119.77321,15.6,,7.8
06-019-0011,3/12/2020,36.78538,-119.77321,16.3,,9.9
06-019-0011,3/13/2020,36.78538,-119.77321,18.1,,8.6
06-019-0011,3/14/2020,36.78538,-119.77321,15.3,,3.7
06-019-0011,3/15/2020,36.78538,-119.77321,14.2,,2.1
06-019-0011,3/16/2020,36.78538,-119.77321,11.4,,1.9
06-019-0011,3/17/2020,36.78538,-119.77321,7.7,,2.3
06-019-0011,3/18/2020,36.78538,-119.77321,9.8,,2.2
06-019-0011,3/19/2020,36.78538,-119.77321,10.9,,5.2
06-019-0011,3/20/2020,36.78538,-119.77321,11.1,,5.1
06-019-0011,3/21/2020,36.78538,-119.77321,13.4,,4.9
06-019-0011,3/22/2020,36.78538,-119.77321,13.9,,5.2
06-019-0011,3/23/2020,36.78538,-119.77321,14.4,,1.4
06-019-0011,3/24/2020,36.78538,-119.77321,13.2,,2.2
06-019-0011,3/25/2020,36.78538,-119.77321,11.7,,1
06-019-0011,3/26/2020,36.78538,-119.77321,9.3,,2.7
06-019-0011,3/31/2020,36.78538,-119.77321,15.2,,4.3
06-019-0011,4/1/2020,36.78538,-119.77321,16.6,,2.1
06-019-0011,4/2/2020,36.78538,-119.77321,12.9,,3.3
06-019-0011,4/3/2020,36.78538,-119.77321,13.4,,2.8
06-019-0011,4/4/2020,36.78538,-119.77321,13.8,,3.7
06-019-0011,4/5/2020,36.78538,-119.77321,14.3,,2.4
06-019-0011,4/6/2020,36.78538,-119.77321,11.3,,1.8
06-019-0011,4/7/2020,36.78538,-119.77321,12.1,,1.1
06-019-0011,4/8/2020,36.78538,-119.77321,13.7,,3.5
06-019-0011,4/11/2020,36.78538,-119.77321,15.4,,10.7
06-019-0011,4/12/2020,36.78538,-119.77321,17.6,,10.9
06-019-0011,4/13/2020,36.78538,-119.77321,16.3,,7.1
06-019-0011,4/14/2020,36.78538,-119.77321,17.3,,9.2
06-019-0011,4/15/2020,36.78538,-119.77321,19.3,,8.4
06-019-0011,4/16/2020,36.78538,-119.77321,20.7,,8.9
06-019-0011,4/17/2020,36.78538,-119.77321,18.8,,4.8
06-019-0011,4/18/2020,36.78538,-119.77321,16.2,,6.1
06-019-0011,4/19/2020,36.78538,-119.77321,17.1,,7.1
06-019-0011,4/20/2020,36.78538,-119.77321,15.7,,5.8
06-019-0011,4/21/2020,36.78538,-119.77321,15.1,,6.7
06-019-0011,4/22/2020,36.78538,-119.77321,19.3,,9.5
06-019-0011,4/23/2020,36.78538,-119.77321,21.7,,5.3
06-019-0011,4/24/2020,36.78538,-119.77321,22.6,,10
06-019-0011,4/28/2020,36.78538,-119.77321,23.8,,9.3
06-019-0011,4/29/2020,36.78538,-119.77321,26.7,,10.6
06-019-0011,4/30/2020,36.78538,-119.77321,23.6,,3.7
06-019-0011,5/1/2020,36.78538,-119.77321,21.4,,3.6
06-019-0011,5/2/2020,36.78538,-119.77321,21.2,,2.9
06-019-0011,5/3/2020,36.78538,-119.77321,20.3,,2.2
06-019-0011,5/4/2020,36.78538,-119.77321,19.8,,4.2
06-019-0011,5/5/2020,36.78538,-119.77321,22.5,,5.5
06-019-0011,5/6/2020,36.78538,-119.77321,21.8,,4.6
06-019-0011,5/7/2020,36.78538,-119.77321,22.7,,8
06-019-0011,5/8/2020,36.78538,-119.77321,26,,14.3
06-019-0011,5/9/2020,36.78538,-119.77321,27.4,,14.1
06-019-0011,5/10/2020,36.78538,-119.77321,26.6,,7.2
06-019-0011,5/18/2020,36.78538,-119.77321,19.7,,1.9
06-019-0011,5/19/2020,36.78538,-119.77321,15.9,,2.7
06-019-0011,5/20/2020,36.78538,-119.77321,18.2,,2.6
06-019-0011,5/21/2020,36.78538,-119.77321,20.8,,6.4
06-019-0011,5/22/2020,36.78538,-119.77321,22.9,,4.6
06-019-0011,5/23/2020,36.78538,-119.77321,20.6,,5.4
06-019-0011,5/24/2020,36.78538,-119.77321,23.8,,6.7
06-019-0011,5/25/2020,36.78538,-119.77321,27.1,,9.8
06-019-0011,5/26/2020,36.78538,-119.77321,30.7,,10.3
06-019-0011,5/28/2020,36.78538,-119.77321,31.8,,8.6
06-019-0011,5/29/2020,36.78538,-119.77321,30.6,,7.1
06-019-0011,5/30/2020,36.78538,-119.77321,24.3,,3.4
06-019-0011,5/31/2020,36.78538,-119.77321,21.4,,6.6
06-019-0011,6/1/2020,36.78538,-119.77321,23.7,,7.7
06-019-0011,6/2/2020,36.78538,-119.77321,25.8,,9
06-019-0011,6/3/2020,36.78538,-119.77321,29.6,,12.8
06-019-0011,6/4/2020,36.78538,-119.77321,31.6,,9.8
06-019-0011,6/5/2020,36.78538,-119.77321,27.7,,8.2
06-019-0011,6/6/2020,36.78538,-119.77321,21.1,,3.6
06-019-0011,6/7/2020,36.78538,-119.77321,18.8,,2.1
06-019-0011,6/8/2020,36.78538,-119.77321,19,,2.2
06-019-0011,6/9/2020,36.78538,-119.77321,23.4,,4.2
06-019-0011,6/10/2020,36.78538,-119.77321,27.1,,7.3
06-019-0011,6/11/2020,36.78538,-119.77321,29.3,,8.6
06-019-0011,6/12/2020,36.78538,-119.77321,27.7,,3.2
06-019-0011,6/13/2020,36.78538,-119.77321,19.9,,2.9
06-019-0011,6/14/2020,36.78538,-119.77321,20.9,,2.7
06-019-0011,6/15/2020,36.78538,-119.77321,25.1,,3.7
06-019-0011,6/16/2020,36.78538,-119.77321,23.3,,3.1
06-019-0011,6/17/2020,36.78538,-119.77321,22.5,,5.3
06-019-0011,6/18/2020,36.78538,-119.77321,26.3,,6.4
06-019-0011,6/19/2020,36.78538,-119.77321,28.7,,6.7
06-019-0011,6/20/2020,36.78538,-119.77321,29.8,,7.2
06-019-0011,6/21/2020,36.78538,-119.77321,28.8,,5.6
06-019-0011,6/22/2020,36.78538,-119.77321,29.8,,5.7
06-019-0011,6/23/2020,36.78538,-119.77321,31.4,,8.3
06-019-0011,6/24/2020,36.78538,-119.77321,31.7,,10.1
06-019-0011,6/25/2020,36.78538,-119.77321,31.4,,12.3
06-019-0011,6/26/2020,36.78538,-119.77321,31.2,,10.6
06-019-0011,6/27/2020,36.78538,-119.77321,33.1,,10.9
06-019-0011,6/28/2020,36.78538,-119.77321,28.8,,9.9
06-019-0011,6/29/2020,36.78538,-119.77321,21.8,,8.7
06-019-0011,6/30/2020,36.78538,-119.77321,26.3,,7
06-019-0011,7/1/2020,36.78538,-119.77321,28.5,,7.3
06-019-0011,7/2/2020,36.78538,-119.77321,26.9,,8.3
06-019-0011,7/3/2020,36.78538,-119.77321,26.9,,8.1
06-019-0011,7/4/2020,36.78538,-119.77321,28.3,,20.2
06-019-0011,7/5/2020,36.78538,-119.77321,29.4,,10.4
06-019-0011,7/6/2020,36.78538,-119.77321,28.9,,18.4
06-019-0011,7/7/2020,36.78538,-119.77321,26.2,,7.4
06-019-0011,7/8/2020,36.78538,-119.77321,27.4,,8.4
06-019-0011,7/9/2020,36.78538,-119.77321,29.6,,8.6
06-019-0011,7/10/2020,36.78538,-119.77321,30.4,,7.9
06-019-0011,7/11/2020,36.78538,-119.77321,32.2,,9.4
06-019-0011,7/12/2020,36.78538,-119.77321,33.1,,7.6
06-019-0011,7/13/2020,36.78538,-119.77321,32.7,,5
06-019-0011,7/14/2020,36.78538,-119.77321,28.9,,11.3
06-019-0011,7/15/2020,36.78538,-119.77321,28,,10.9
06-019-0011,7/17/2020,36.78538,-119.77321,29.6,,7.7
06-019-0011,7/18/2020,36.78538,-119.77321,29.3,,9.3
06-019-0011,7/19/2020,36.78538,-119.77321,30.6,,8.6
06-019-0011,7/20/2020,36.78538,-119.77321,29.3,,8.3
06-019-0011,7/21/2020,36.78538,-119.77321,29,,9.3
06-019-0011,7/22/2020,36.78538,-119.77321,28,,8.8
06-019-0011,7/23/2020,36.78538,-119.77321,26.2,,6.8
06-019-0011,7/24/2020,36.78538,-119.77321,28.2,,7.6
06-019-0011,7/25/2020,36.78538,-119.77321,28.6,,9.3
06-019-0011,7/26/2020,36.78538,-119.77321,30,,9.7
06-019-0011,7/27/2020,36.78538,-119.77321,30.4,,9.6
06-019-0011,7/28/2020,36.78538,-119.77321,30.6,,9.6
06-019-0011,7/29/2020,36.78538,-119.77321,31,,11.2
06-019-0011,7/30/2020,36.78538,-119.77321,30.5,,10.8
06-019-0011,8/1/2020,36.78538,-119.77321,29.2,,6.8
06-019-0011,8/2/2020,36.78538,-119.77321,29.5,,7.2
06-019-0011,8/3/2020,36.78538,-119.77321,30.1,,6.3
06-019-0011,8/5/2020,36.78538,-119.77321,26.8,,6.9
06-019-0011,8/6/2020,36.78538,-119.77321,23.5,,6.3
06-019-0011,8/7/2020,36.78538,-119.77321,26.3,,7
06-019-0011,8/8/2020,36.78538,-119.77321,28.7,,9
06-019-0011,8/9/2020,36.78538,-119.77321,30.3,,10.3
06-019-0011,8/10/2020,36.78538,-119.77321,31.3,,11
06-019-0011,8/11/2020,36.78538,-119.77321,30.4,,8.1
06-019-0011,8/12/2020,36.78538,-119.77321,29.7,,8.3
06-019-0011,8/13/2020,36.78538,-119.77321,30.6,,15.6
06-019-0011,8/14/2020,36.78538,-119.77321,31.2,,13.1
06-019-0011,8/15/2020,36.78538,-119.77321,34.2,,13.1
06-019-0011,8/16/2020,36.78538,-119.77321,34.6,,11
06-019-0011,8/17/2020,36.78538,-119.77321,34.7,,15.5
06-019-0011,8/18/2020,36.78538,-119.77321,33.8,,26.3
06-019-0011,8/19/2020,36.78538,-119.77321,34.5,,31.7
06-019-0011,8/20/2020,36.78538,-119.77321,29.9,,72.8
06-019-0011,8/21/2020,36.78538,-119.77321,28.9,,121.9
06-019-0011,8/22/2020,36.78538,-119.77321,28.2,,143.2
06-019-0011,8/23/2020,36.78538,-119.77321,29.4,,99.1
06-019-0011,8/24/2020,36.78538,-119.77321,30.3,,98.1
06-019-0011,8/25/2020,36.78538,-119.77321,30.3,,34.6
06-019-0011,8/26/2020,36.78538,-119.77321,29.4,,30.7
06-019-0011,8/27/2020,36.78538,-119.77321,28.4,,18.8
06-019-0011,8/28/2020,36.78538,-119.77321,28.6,,19.7
06-019-0011,8/29/2020,36.78538,-119.77321,29.8,,27.9
06-019-0011,8/30/2020,36.78538,-119.77321,28.2,,36.3
06-019-0011,8/31/2020,36.78538,-119.77321,28.7,,42.5
06-019-0011,9/1/2020,36.78538,-119.77321,27.9,,39.5
06-019-0011,9/2/2020,36.78538,-119.77321,26.9,,27.4
06-019-0011,9/3/2020,36.78538,-119.77321,26.8,,29.2
06-019-0011,9/4/2020,36.78538,-119.77321,28.9,,27.3
06-019-0011,9/5/2020,36.78538,-119.77321,30.7,,29.1
06-019-0011,9/6/2020,36.78538,-119.77321,31.8,,31.8
06-019-0011,9/7/2020,36.78538,-119.77321,32.3,,41.8
06-019-0011,9/8/2020,36.78538,-119.77321,31.5,,56.5
06-019-0011,9/9/2020,36.78538,-119.77321,28.1,,55.3
06-019-0011,9/10/2020,36.78538,-119.77321,25.1,,35.2
06-019-0011,9/11/2020,36.78538,-119.77321,22.4,,48.5
06-019-0011,9/12/2020,36.78538,-119.77321,22.3,,73.7
06-019-0011,9/13/2020,36.78538,-119.77321,23.3,,135.8
06-019-0011,9/14/2020,36.78538,-119.77321,25.1,,171.8
06-019-0011,9/15/2020,36.78538,-119.77321,25.2,,94.9
06-019-0011,9/16/2020,36.78538,-119.77321,25.3,,89.2
06-019-0011,9/17/2020,36.78538,-119.77321,25.4,,68.7
06-019-0011,9/18/2020,36.78538,-119.77321,25.7,,13.2
06-019-0011,9/19/2020,36.78538,-119.77321,23.3,,9.8
06-019-0011,9/20/2020,36.78538,-119.77321,24,,27.5
06-019-0011,9/21/2020,36.78538,-119.77321,25.3,,41.1
06-019-0011,9/22/2020,36.78538,-119.77321,26.2,,29.4
06-019-0011,9/23/2020,36.78538,-119.77321,25.1,,9.1
06-019-0011,9/24/2020,36.78538,-119.77321,25,,5.5
06-019-0011,9/25/2020,36.78538,-119.77321,24.7,,7
06-019-0011,9/26/2020,36.78538,-119.77321,24,,16.9
06-019-0011,9/27/2020,36.78538,-119.77321,25.3,,20.7
06-019-0011,9/28/2020,36.78538,-119.77321,26.3,,23
06-019-0011,9/29/2020,36.78538,-119.77321,28,,30.4
06-019-0011,9/30/2020,36.78538,-119.77321,27.6,,36.1
06-019-0011,10/1/2020,36.78538,-119.77321,27.3,,50.7
06-019-0011,10/2/2020,36.78538,-119.77321,26.8,,71.7
06-019-0011,10/3/2020,36.78538,-119.77321,26.4,,82.8
06-019-0011,10/4/2020,36.78538,-119.77321,26.7,,64.1
06-019-0011,10/5/2020,36.78538,-119.77321,25.3,,55.5
06-019-0011,10/6/2020,36.78538,-119.77321,25.1,,43
06-019-0011,10/7/2020,36.78538,-119.77321,24.1,,38.2
06-019-0011,10/8/2020,36.78538,-119.77321,23.5,,22.7
06-019-0011,10/9/2020,36.78538,-119.77321,19.7,,22.5
06-019-0011,10/10/2020,36.78538,-119.77321,19.9,,9.8
06-019-0011,10/11/2020,36.78538,-119.77321,21.1,,4.7
06-019-0011,10/12/2020,36.78538,-119.77321,21.8,,10.1
06-019-0011,10/13/2020,36.78538,-119.77321,22.9,,15.6
06-019-0011,10/14/2020,36.78538,-119.77321,23.2,,22.9
06-019-0011,10/15/2020,36.78538,-119.77321,23.7,,21.1
06-019-0011,10/17/2020,36.78538,-119.77321,24.3,,31.4
06-019-0011,10/18/2020,36.78538,-119.77321,24.3,,27.7
06-019-0011,10/19/2020,36.78538,-119.77321,23.6,,21.3
06-019-0011,10/20/2020,36.78538,-119.77321,23,,21.8
06-019-0011,10/21/2020,36.78538,-119.77321,22.4,,22.6
06-019-0011,10/22/2020,36.78538,-119.77321,21.7,,21.7
06-019-0011,10/23/2020,36.78538,-119.77321,19.4,,11.9
06-019-0011,10/24/2020,36.78538,-119.77321,19,,14.4
06-019-0011,10/25/2020,36.78538,-119.77321,17.5,,9.4
06-019-0011,10/26/2020,36.78538,-119.77321,14.1,,13.9
06-019-0011,10/27/2020,36.78538,-119.77321,14.2,,18.6
06-019-0011,10/28/2020,36.78538,-119.77321,15.3,,24.4
06-019-0011,10/29/2020,36.78538,-119.77321,16.6,,19.6
06-019-0011,10/30/2020,36.78538,-119.77321,17,,28.9
06-019-0011,10/31/2020,36.78538,-119.77321,17.7,,49.8
06-019-0011,11/1/2020,36.78538,-119.77321,17.6,,42.4
06-019-0011,11/2/2020,36.78538,-119.77321,18.4,,50.2
06-019-0011,11/3/2020,36.78538,-119.77321,18.1,,45.4
06-019-0011,11/4/2020,36.78538,-119.77321,17.7,,33.1
06-019-0011,11/5/2020,36.78538,-119.77321,17.4,,28.2
06-019-0011,11/6/2020,36.78538,-119.77321,16.6,,16.7
06-019-0011,11/7/2020,36.78538,-119.77321,10.8,,6.4
06-019-0011,11/9/2020,36.78538,-119.77321,6.7,,10.1
06-019-0011,11/10/2020,36.78538,-119.77321,8.2,,18
06-019-0011,11/11/2020,36.78538,-119.77321,9.3,,21.1
06-019-0011,11/12/2020,36.78538,-119.77321,11.6,,27.7
06-019-0011,11/13/2020,36.78538,-119.77321,11.6,,27.5
06-019-0011,11/15/2020,36.78538,-119.77321,11.9,,21.9
06-019-0011,11/16/2020,36.78538,-119.77321,13.1,,26.1
06-019-0011,11/17/2020,36.78538,-119.77321,16.5,,11.5
06-019-0011,11/18/2020,36.78538,-119.77321,16.7,,5
06-019-0011,11/19/2020,36.78538,-119.77321,13.3,,6.4
06-019-0011,11/20/2020,36.78538,-119.77321,11.2,,19.4
06-019-0011,11/21/2020,36.78538,-119.77321,10.5,,33.8
06-019-0011,11/22/2020,36.78538,-119.77321,10.6,,37.2
06-019-0011,11/23/2020,36.78538,-119.77321,11.5,,28
06-019-0011,11/24/2020,36.78538,-119.77321,10.8,,28.6
06-019-0011,11/25/2020,36.78538,-119.77321,10.9,,17.9
06-019-0011,11/26/2020,36.78538,-119.77321,9.6,,21.8
06-019-0011,11/27/2020,36.78538,-119.77321,9.2,,27
06-019-0011,11/28/2020,36.78538,-119.77321,9.4,,31.7
06-019-0011,11/29/2020,36.78538,-119.77321,9.2,,37.2
06-019-0011,11/30/2020,36.78538,-119.77321,9.7,,26.9
06-019-0011,12/1/2020,36.78538,-119.77321,9.9,,30.7
06-019-0011,12/2/2020,36.78538,-119.77321,9.7,,35.4
06-019-0011,12/3/2020,36.78538,-119.77321,12,,27.7
06-019-0011,12/4/2020,36.78538,-119.77321,10.5,,32.8
06-019-0011,12/5/2020,36.78538,-119.77321,11.4,,30.8
06-019-0011,12/6/2020,36.78538,-119.77321,11.2,,36.4
06-019-0011,12/7/2020,36.78538,-119.77321,9,,38.1
06-031-0004,1/1/2017,36.102244,-119.56565,6.8,,5.6
06-031-0004,1/4/2017,36.102244,-119.56565,12,,6.9
06-031-0004,1/7/2017,36.102244,-119.56565,10.2,,18.2
06-031-0004,1/10/2017,36.102244,-119.56565,13,,6.3
06-031-0004,1/13/2017,36.102244,-119.56565,6.4,,7.9
06-031-0004,1/16/2017,36.102244,-119.56565,6.6,,16.4
06-031-0004,1/19/2017,36.102244,-119.56565,10.6,,3.8
06-031-0004,1/27/2017,36.102244,-119.56565,6.3,,20.5
06-031-0004,1/28/2017,36.102244,-119.56565,5.7,,21.5
06-031-0004,1/31/2017,36.102244,-119.56565,8.1,,38.9
06-031-0004,2/3/2017,36.102244,-119.56565,14.5,,7.5
06-031-0004,2/12/2017,36.102244,-119.56565,10.4,,11
06-031-0004,2/15/2017,36.102244,-119.56565,14,,29.6
06-031-0004,2/24/2017,36.102244,-119.56565,6.3,,4.9
06-031-0004,2/27/2017,36.102244,-119.56565,9,,5.8
06-031-0004,3/2/2017,36.102244,-119.56565,10.2,,20.6
06-031-0004,3/5/2017,36.102244,-119.56565,8.4,,2.9
06-031-0004,3/8/2017,36.102244,-119.56565,11.1,,13.9
06-031-0004,3/11/2017,36.102244,-119.56565,15,,24.6
06-031-0004,3/14/2017,36.102244,-119.56565,18.4,,31.8
06-031-0004,3/17/2017,36.102244,-119.56565,17.3,,18.9
06-031-0004,3/23/2017,36.102244,-119.56565,11.1,,6.6
06-031-0004,3/26/2017,36.102244,-119.56565,13.3,,6.6
06-031-0004,3/29/2017,36.102244,-119.56565,15.1,,11.8
06-031-0004,4/1/2017,36.102244,-119.56565,14.5,,10.6
06-031-0004,4/4/2017,36.102244,-119.56565,16.1,,9.5
06-031-0004,4/7/2017,36.102244,-119.56565,15.6,,4.3
06-031-0004,4/10/2017,36.102244,-119.56565,13.2,,7
06-031-0004,4/13/2017,36.102244,-119.56565,14.9,,3.3
06-031-0004,4/19/2017,36.102244,-119.56565,17.2,,5.9
06-031-0004,4/22/2017,36.102244,-119.56565,19,,10
06-031-0004,4/25/2017,36.102244,-119.56565,16.6,,5.9
06-031-0004,4/28/2017,36.102244,-119.56565,18.4,,8.5
06-031-0004,5/1/2017,36.102244,-119.56565,21.5,,9.6
06-031-0004,5/4/2017,36.102244,-119.56565,27.9,,10.2
06-031-0004,5/7/2017,36.102244,-119.56565,14.5,,7.2
06-031-0004,5/10/2017,36.102244,-119.56565,21.2,,6.3
06-031-0004,5/13/2017,36.102244,-119.56565,15.8,,3.8
06-031-0004,5/16/2017,36.102244,-119.56565,18,,6.4
06-031-0004,5/19/2017,36.102244,-119.56565,22,,9.2
06-031-0004,5/22/2017,36.102244,-119.56565,27.5,,11.1
06-031-0004,5/25/2017,36.102244,-119.56565,20.7,,4.3
06-031-0004,5/28/2017,36.102244,-119.56565,23.8,,10.1
06-031-0004,5/31/2017,36.102244,-119.56565,20,,6.2
06-031-0004,6/3/2017,36.102244,-119.56565,27.6,,8.6
06-031-0004,6/6/2017,36.102244,-119.56565,26.5,,10
06-031-0004,6/9/2017,36.102244,-119.56565,23.3,,5.3
06-031-0004,6/12/2017,36.102244,-119.56565,17.1,,4.6
06-031-0004,6/15/2017,36.102244,-119.56565,26.9,,7.2
06-031-0004,6/18/2017,36.102244,-119.56565,31.8,,8.4
06-031-0004,6/21/2017,36.102244,-119.56565,32.9,,12.4
06-031-0004,6/24/2017,36.102244,-119.56565,30.1,,10.7
06-031-0004,6/27/2017,36.102244,-119.56565,26,,7.1
06-031-0004,6/30/2017,36.102244,-119.56565,27.3,,9.6
06-031-0004,7/6/2017,36.102244,-119.56565,30.1,,8.6
06-031-0004,7/9/2017,36.102244,-119.56565,30.2,,9.8
06-031-0004,7/12/2017,36.102244,-119.56565,29,,11.7
06-031-0004,7/15/2017,36.102244,-119.56565,29.7,,10.7
06-031-0004,7/18/2017,36.102244,-119.56565,30.4,,10.1
06-031-0004,7/21/2017,36.102244,-119.56565,27.5,,7.5
06-031-0004,7/24/2017,36.102244,-119.56565,29.4,,8.5
06-031-0004,7/27/2017,36.102244,-119.56565,30.8,,9.2
06-031-0004,7/30/2017,36.102244,-119.56565,29.7,,9.5
06-031-0004,8/2/2017,36.102244,-119.56565,31.9,,17.1
06-031-0004,8/5/2017,36.102244,-119.56565,29.1,,14.3
06-031-0004,8/8/2017,36.102244,-119.56565,28.4,,16.8
06-031-0004,8/11/2017,36.102244,-119.56565,29,,16.6
06-031-0004,8/14/2017,36.102244,-119.56565,26.9,,6
06-031-0004,8/17/2017,36.102244,-119.56565,27.6,,14.9
06-031-0004,8/20/2017,36.102244,-119.56565,27.8,,19.4
06-031-0004,8/23/2017,36.102244,-119.56565,28.4,,17.7
06-031-0004,8/26/2017,36.102244,-119.56565,29.8,,16.6
06-031-0004,8/29/2017,36.102244,-119.56565,33.3,,18.9
06-031-0004,9/1/2017,36.102244,-119.56565,31.6,,24.6
06-031-0004,9/4/2017,36.102244,-119.56565,30.3,,13.6
06-031-0004,9/7/2017,36.102244,-119.56565,26.2,,14.3
06-031-0004,9/10/2017,36.102244,-119.56565,28,,17.2
06-031-0004,9/16/2017,36.102244,-119.56565,22.8,,11
06-031-0004,9/19/2017,36.102244,-119.56565,20.9,,8.1
06-031-0004,9/22/2017,36.102244,-119.56565,16.1,,5.9
06-031-0004,9/25/2017,36.102244,-119.56565,19.3,,7.2
06-031-0004,9/28/2017,36.102244,-119.56565,22.6,,13.4
06-031-0004,10/1/2017,36.102244,-119.56565,21,,8.4
06-031-0004,10/4/2017,36.102244,-119.56565,15.4,,8.7
06-031-0004,10/7/2017,36.102244,-119.56565,18.2,,16.5
06-031-0004,10/10/2017,36.102244,-119.56565,17.9,,15.1
06-031-0004,10/13/2017,36.102244,-119.56565,13.2,,26.2
06-031-0004,10/16/2017,36.102244,-119.56565,16.1,,25.5
06-031-0004,10/19/2017,36.102244,-119.56565,17.6,,24.3
06-031-0004,10/22/2017,36.102244,-119.56565,14.1,,16.4
06-031-0004,10/25/2017,36.102244,-119.56565,19.9,,31.3
06-031-0004,10/28/2017,36.102244,-119.56565,18.8,,29.6
06-031-0004,10/31/2017,36.102244,-119.56565,12.7,,12
06-031-0004,11/3/2017,36.102244,-119.56565,16.3,,8.3
06-031-0004,11/6/2017,36.102244,-119.56565,10.9,,8.4
06-031-0004,11/9/2017,36.102244,-119.56565,16.2,,4.7
06-031-0004,11/12/2017,36.102244,-119.56565,12.3,,20.6
06-031-0004,11/15/2017,36.102244,-119.56565,15.5,,28.6
06-031-0004,11/18/2017,36.102244,-119.56565,10.8,,15.6
06-031-0004,11/21/2017,36.102244,-119.56565,14.4,,44.3
06-031-0004,11/24/2017,36.102244,-119.56565,14.5,,32.1
06-031-0004,11/27/2017,36.102244,-119.56565,12.7,,5
06-031-0004,11/30/2017,36.102244,-119.56565,7.9,,35.2
06-031-0004,12/3/2017,36.102244,-119.56565,10.7,,32.3
06-031-0004,12/6/2017,36.102244,-119.56565,6.1,,20.1
06-031-0004,12/9/2017,36.102244,-119.56565,6.2,,52.7
06-031-0004,12/12/2017,36.102244,-119.56565,5.5,,69.2
06-031-0004,12/15/2017,36.102244,-119.56565,7.1,,69.9
06-031-0004,12/18/2017,36.102244,-119.56565,6.5,,18
06-031-0004,12/21/2017,36.102244,-119.56565,2.4,,16.9
06-031-0004,12/28/2017,36.102244,-119.56565,6.9,,65.1
06-031-0004,12/30/2017,36.102244,-119.56565,6.6,,83.7
06-031-0004,12/31/2017,36.102244,-119.56565,,,101.7
06-031-0004,1/2/2018,36.102244,-119.56565,8.7,,74.870833
06-031-0004,1/5/2018,36.102244,-119.56565,15.3,,29.170833
06-031-0004,1/8/2018,36.102244,-119.56565,14.2,,20.891667
06-031-0004,1/11/2018,36.102244,-119.56565,11.6,,14.85
06-031-0004,1/17/2018,36.102244,-119.56565,10.5,,28.529167
06-031-0004,1/20/2018,36.102244,-119.56565,6.4,,9.595833
06-031-0004,1/23/2018,36.102244,-119.56565,9.9,,26.947826
06-031-0004,1/26/2018,36.102244,-119.56565,7.2,,11.425
06-031-0004,1/29/2018,36.102244,-119.56565,9.6,,35.8
06-031-0004,2/1/2018,36.102244,-119.56565,10.9,,35.641667
06-031-0004,2/4/2018,36.102244,-119.56565,13.4,,60.0625
06-031-0004,2/7/2018,36.102244,-119.56565,14.3,,20.527273
06-031-0004,2/10/2018,36.102244,-119.56565,14.2,,20.445833
06-031-0004,2/13/2018,36.102244,-119.56565,9.7,,10.7625
06-031-0004,2/16/2018,36.102244,-119.56565,9.3,,12.866667
06-031-0004,2/19/2018,36.102244,-119.56565,7,,3.7375
06-031-0004,2/22/2018,36.102244,-119.56565,,,9.479167
06-031-0004,2/25/2018,36.102244,-119.56565,8.1,,9.270833
06-031-0004,2/28/2018,36.102244,-119.56565,7.6,,11.395833
06-031-0004,3/1/2018,36.102244,-119.56565,11.1,,5.119048
06-031-0004,3/4/2018,36.102244,-119.56565,7.7,,3.883333
06-031-0004,3/6/2018,36.102244,-119.56565,11.3,,13.541667
06-031-0004,3/9/2018,36.102244,-119.56565,17.3,,13.8
06-031-0004,3/12/2018,36.102244,-119.56565,17.1,,10.416667
06-031-0004,3/15/2018,36.102244,-119.56565,11.3,,2.847826
06-031-0004,3/18/2018,36.102244,-119.56565,9.3,,3.9125
06-031-0004,3/21/2018,36.102244,-119.56565,14.6,,8.690909
06-031-0004,3/24/2018,36.102244,-119.56565,12.1,,4.029167
06-031-0004,3/27/2018,36.102244,-119.56565,11.9,,6.991667
06-031-0004,3/30/2018,36.102244,-119.56565,19.2,,14.220833
06-031-0004,4/2/2018,36.102244,-119.56565,19.1,,6.170833
06-031-0004,4/14/2018,36.102244,-119.56565,16.6,,12.041667
06-031-0004,4/17/2018,36.102244,-119.56565,10.5,,5.695652
06-031-0004,4/20/2018,36.102244,-119.56565,15.3,,8.820833
06-031-0004,4/23/2018,36.102244,-119.56565,23.6,,11.2
06-031-0004,4/26/2018,36.102244,-119.56565,22.3,,9.975
06-031-0004,5/2/2018,36.102244,-119.56565,18,,7.8375
06-031-0004,5/5/2018,36.102244,-119.56565,23.4,,10.4375
06-031-0004,5/8/2018,36.102244,-119.56565,24.4,,9.025
06-031-0004,5/11/2018,36.102244,-119.56565,22.4,,8.5625
06-031-0004,5/14/2018,36.102244,-119.56565,21.2,,7.225
06-031-0004,5/17/2018,36.102244,-119.56565,19.9,,5.125
06-031-0004,5/20/2018,36.102244,-119.56565,20.5,,5.983333
06-031-0004,5/23/2018,36.102244,-119.56565,22.4,,7.083333
06-031-0004,5/24/2018,36.102244,-119.56565,20.6,,5.958333
06-031-0004,5/26/2018,36.102244,-119.56565,19.4,,5.466667
06-031-0004,6/1/2018,36.102244,-119.56565,20.1,,7.322727
06-031-0004,6/4/2018,36.102244,-119.56565,29.8,,7.504167
06-031-0004,6/10/2018,36.102244,-119.56565,20.5,,5.470833
06-031-0004,6/13/2018,36.102244,-119.56565,29,,11.134783
06-031-0004,6/16/2018,36.102244,-119.56565,22.7,,8.730435
06-031-0004,6/19/2018,36.102244,-119.56565,26.8,,8.995833
06-031-0004,6/22/2018,36.102244,-119.56565,28.4,,10.579167
06-031-0004,6/25/2018,36.102244,-119.56565,26.8,,12.875
06-031-0004,6/28/2018,36.102244,-119.56565,25.9,,8.4625
06-031-0004,7/1/2018,36.102244,-119.56565,30,,11.358333
06-031-0004,7/4/2018,36.102244,-119.56565,26.4,,14.25
06-031-0004,7/7/2018,36.102244,-119.56565,30.1,,12.258333
06-031-0004,7/10/2018,36.102244,-119.56565,30.3,,9.1375
06-031-0004,7/13/2018,36.102244,-119.56565,31.9,,11.4875
06-031-0004,7/16/2018,36.102244,-119.56565,31,,10.275
06-031-0004,7/19/2018,36.102244,-119.56565,31.4,,15.779167
06-031-0004,7/22/2018,36.102244,-119.56565,30.9,,7.625
06-031-0004,7/25/2018,36.102244,-119.56565,30.1,,13.904167
06-031-0004,7/28/2018,36.102244,-119.56565,29.7,,31.5125
06-031-0004,8/1/2018,36.102244,-119.56565,31.3,,22.1875
06-031-0004,8/3/2018,36.102244,-119.56565,29.3,,15.645833
06-031-0004,8/6/2018,36.102244,-119.56565,26.7,,49.5625
06-031-0004,8/9/2018,36.102244,-119.56565,29.5,,48.583333
06-031-0004,8/14/2018,36.102244,-119.56565,28.3,,13.629167
06-031-0004,8/15/2018,36.102244,-119.56565,27.3,,15.7375
06-031-0004,8/18/2018,36.102244,-119.56565,31.4,,12.416667
06-031-0004,8/21/2018,36.102244,-119.56565,26.1,,27.583333
06-031-0004,8/24/2018,36.102244,-119.56565,24.9,,46.508333
06-031-0004,8/27/2018,36.102244,-119.56565,24.9,,14.120833
06-031-0004,8/30/2018,36.102244,-119.56565,23,,14.054167
06-031-0004,9/2/2018,36.102244,-119.56565,26.7,,21.225
06-031-0004,9/5/2018,36.102244,-119.56565,28.6,,21.645833
06-031-0004,9/8/2018,36.102244,-119.56565,27.8,,13.375
06-031-0004,9/14/2018,36.102244,-119.56565,22.3,,8.9
06-031-0004,9/17/2018,36.102244,-119.56565,22.1,,8.795833
06-031-0004,9/20/2018,36.102244,-119.56565,21.4,,15.520833
06-031-0004,9/23/2018,36.102244,-119.56565,24.9,,8.7125
06-031-0004,9/26/2018,36.102244,-119.56565,24.3,,18.0625
06-031-0004,9/27/2018,36.102244,-119.56565,24.3,,19.979167
06-031-0004,9/30/2018,36.102244,-119.56565,20.6,,7.425
06-031-0004,10/3/2018,36.102244,-119.56565,21.9,,7.795652
06-031-0004,10/5/2018,36.102244,-119.56565,19.9,,5.695652
06-031-0004,10/8/2018,36.102244,-119.56565,17.5,,9.408333
06-031-0004,10/11/2018,36.102244,-119.56565,16.9,,10.266667
06-031-0004,10/14/2018,36.102244,-119.56565,19.1,,11.347826
06-031-0004,10/17/2018,36.102244,-119.56565,16.5,,17.604167
06-031-0004,10/20/2018,36.102244,-119.56565,17.2,,21.933333
06-031-0004,10/23/2018,36.102244,-119.56565,17,,14.25
06-031-0004,10/26/2018,36.102244,-119.56565,17.1,,22.975
06-031-0004,10/29/2018,36.102244,-119.56565,17.5,,5.770833
06-031-0004,11/1/2018,36.102244,-119.56565,13.9,,19.75
06-031-0004,11/4/2018,36.102244,-119.56565,15.9,,28.5375
06-031-0004,11/7/2018,36.102244,-119.56565,13.7,,18.5375
06-031-0004,11/10/2018,36.102244,-119.56565,8.6,,37.683333
06-031-0004,11/13/2018,36.102244,-119.56565,9.9,,38.329167
06-031-0004,11/16/2018,36.102244,-119.56565,8.9,,78.5
06-031-0004,11/19/2018,36.102244,-119.56565,8.1,,102.180952
06-031-0004,11/28/2018,36.102244,-119.56565,13.2,,26.970833
06-031-0004,12/1/2018,36.102244,-119.56565,8.3,,8.833333
06-031-0004,12/4/2018,36.102244,-119.56565,10.4,,19.966667
06-031-0004,12/7/2018,36.102244,-119.56565,10.3,,18.195652
06-031-0004,12/10/2018,36.102244,-119.56565,9.5,,22.383333
06-031-0004,12/13/2018,36.102244,-119.56565,7.8,,34.116667
06-031-0004,12/16/2018,36.102244,-119.56565,10.4,,19.0875
06-031-0004,12/22/2018,36.102244,-119.56565,12,,22.504167
06-031-0004,12/25/2018,36.102244,-119.56565,10.7,,12.75
06-031-0004,12/28/2018,36.102244,-119.56565,4.6,,19.641667
06-031-0004,12/31/2018,36.102244,-119.56565,,,36.133333
06-031-0004,1/3/2019,36.102244,-119.56565,4.7,,31.6
06-031-0004,1/6/2019,36.102244,-119.56565,9.2,,6.1
06-031-0004,1/9/2019,36.102244,-119.56565,11.5,,8.6
06-031-0004,1/12/2019,36.102244,-119.56565,11.9,,7.8
06-031-0004,1/15/2019,36.102244,-119.56565,10.7,,7.8
06-031-0004,1/18/2019,36.102244,-119.56565,12.9,,8.8
06-031-0004,1/21/2019,36.102244,-119.56565,9.3,,4.4
06-031-0004,1/24/2019,36.102244,-119.56565,7.5,,27.6
06-031-0004,1/27/2019,36.102244,-119.56565,9.5,,40.9
06-031-0004,1/30/2019,36.102244,-119.56565,11.8,,40.9
06-031-0004,2/2/2019,36.102244,-119.56565,13.1,,3.2
06-031-0004,2/5/2019,36.102244,-119.56565,7.1,,2.1
06-031-0004,2/8/2019,36.102244,-119.56565,6.9,,13.6
06-031-0004,2/11/2019,36.102244,-119.56565,4.4,,7.6
06-031-0004,2/14/2019,36.102244,-119.56565,14.9,,2.8
06-031-0004,2/17/2019,36.102244,-119.56565,5.5,,3.4
06-031-0004,2/20/2019,36.102244,-119.56565,6,,7.6
06-031-0004,2/23/2019,36.102244,-119.56565,6.3,,16.1
06-031-0004,2/26/2019,36.102244,-119.56565,12.7,,7
06-031-0004,3/1/2019,36.102244,-119.56565,12.3,,11.4
06-031-0004,3/4/2019,36.102244,-119.56565,,,4
06-031-0004,3/7/2019,36.102244,-119.56565,11.9,,3.5
06-031-0004,3/10/2019,36.102244,-119.56565,,,8.1
06-031-0004,3/13/2019,36.102244,-119.56565,10.9,,3.7
06-031-0004,3/16/2019,36.102244,-119.56565,12.7,,13.9
06-031-0004,3/19/2019,36.102244,-119.56565,16.1,,7.7
06-031-0004,3/22/2019,36.102244,-119.56565,12.3,,9.7
06-031-0004,3/25/2019,36.102244,-119.56565,15,,11.4
06-031-0004,4/3/2019,36.102244,-119.56565,14.9,,6
06-031-0004,4/6/2019,36.102244,-119.56565,16.7,,8.2
06-031-0004,4/9/2019,36.102244,-119.56565,18.3,,5.7
06-031-0004,4/12/2019,36.102244,-119.56565,14.2,,8.8
06-031-0004,4/15/2019,36.102244,-119.56565,18.1,,5.8
06-031-0004,4/18/2019,36.102244,-119.56565,19,,16.8
06-031-0004,4/21/2019,36.102244,-119.56565,15.6,,7.5
06-031-0004,4/24/2019,36.102244,-119.56565,23,,11.2
06-031-0004,4/27/2019,36.102244,-119.56565,24.1,,7.8
06-031-0004,4/30/2019,36.102244,-119.56565,18.3,,5.7
06-031-0004,5/3/2019,36.102244,-119.56565,21.4,,9.9
06-031-0004,5/6/2019,36.102244,-119.56565,19.5,,6.7
06-031-0004,5/9/2019,36.102244,-119.56565,22.6,,8.3
06-031-0004,5/12/2019,36.102244,-119.56565,24.5,,12.8
06-031-0004,5/15/2019,36.102244,-119.56565,19.9,,4.5
06-031-0004,5/18/2019,36.102244,-119.56565,14.6,,6.6
06-031-0004,5/24/2019,36.102244,-119.56565,18.7,,5.4
06-031-0004,5/27/2019,36.102244,-119.56565,14.3,,5.6
06-031-0004,5/30/2019,36.102244,-119.56565,23.9,,13.1
06-031-0004,6/2/2019,36.102244,-119.56565,24.7,,6.6
06-031-0004,6/5/2019,36.102244,-119.56565,30.9,,10.8
06-031-0004,6/8/2019,36.102244,-119.56565,22.1,,5.3
06-031-0004,6/11/2019,36.102244,-119.56565,27.4,,15.2
06-031-0004,6/14/2019,36.102244,-119.56565,27.5,,7.7
06-031-0004,6/17/2019,36.102244,-119.56565,28.2,,10.1
06-031-0004,6/26/2019,36.102244,-119.56565,25.3,,5.9
06-031-0004,6/29/2019,36.102244,-119.56565,25.5,,6.7
06-031-0004,7/2/2019,36.102244,-119.56565,26.2,,7.6
06-031-0004,7/5/2019,36.102244,-119.56565,27.9,,12.6
06-031-0004,7/8/2019,36.102244,-119.56565,25.1,,7.3
06-031-0004,7/11/2019,36.102244,-119.56565,28.8,,7.5
06-031-0004,7/14/2019,36.102244,-119.56565,30.4,,7.4
06-031-0004,7/17/2019,36.102244,-119.56565,27.7,,5.9
06-031-0004,7/20/2019,36.102244,-119.56565,27.2,,8.1
06-031-0004,7/23/2019,36.102244,-119.56565,31.1,,12
06-031-0004,7/26/2019,36.102244,-119.56565,31.8,,11.7
06-031-0004,7/29/2019,36.102244,-119.56565,30.1,,13.4
06-031-0004,8/1/2019,36.102244,-119.56565,28.4,,10.4
06-031-0004,8/4/2019,36.102244,-119.56565,30,,9.5
06-031-0004,8/7/2019,36.102244,-119.56565,30.3,,10
06-031-0004,8/10/2019,36.102244,-119.56565,26,,5.2
06-031-0004,8/13/2019,36.102244,-119.56565,28.6,,9.6
06-031-0004,8/16/2019,36.102244,-119.56565,30.3,,13.1
06-031-0004,8/19/2019,36.102244,-119.56565,26,,8.3
06-031-0004,8/22/2019,36.102244,-119.56565,27.8,,11.4
06-031-0004,8/25/2019,36.102244,-119.56565,30.9,,10.8
06-031-0004,8/28/2019,36.102244,-119.56565,30.9,,8.1
06-031-0004,8/31/2019,36.102244,-119.56565,29.1,,10.2
06-031-0004,9/3/2019,36.102244,-119.56565,29.7,,8.4
06-031-0004,9/6/2019,36.102244,-119.56565,29.1,,7.6
06-031-0004,9/9/2019,36.102244,-119.56565,23.5,,6
06-031-0004,9/12/2019,36.102244,-119.56565,24,,14.2
06-031-0004,9/15/2019,36.102244,-119.56565,26,,9.4
06-031-0004,9/18/2019,36.102244,-119.56565,21.8,,7.1
06-031-0004,9/24/2019,36.102244,-119.56565,23.5,,14.7
06-031-0004,9/27/2019,36.102244,-119.56565,23.9,,10.9
06-031-0004,9/30/2019,36.102244,-119.56565,16.2,,6.8
06-031-0004,10/3/2019,36.102244,-119.56565,17.3,,13.4
06-031-0004,10/6/2019,36.102244,-119.56565,18.7,,16.1
06-031-0004,10/9/2019,36.102244,-119.56565,18.6,,17.3
06-031-0004,10/15/2019,36.102244,-119.56565,16.3,,21.1
06-031-0004,10/18/2019,36.102244,-119.56565,15.2,,10.2
06-031-0004,10/21/2019,36.102244,-119.56565,16.4,,13.9
06-031-0004,10/24/2019,36.102244,-119.56565,18.9,,19.1
06-031-0004,10/27/2019,36.102244,-119.56565,13.9,,34.4
06-031-0004,10/30/2019,36.102244,-119.56565,10,,19.4
06-031-0004,11/2/2019,36.102244,-119.56565,10.8,,27.4
06-031-0004,11/5/2019,36.102244,-119.56565,13.7,,34.4
06-031-0004,11/8/2019,36.102244,-119.56565,14.2,,50.7
06-031-0004,11/11/2019,36.102244,-119.56565,14.1,,38.9
06-031-0004,11/14/2019,36.102244,-119.56565,15.6,,35.1
06-031-0004,11/17/2019,36.102244,-119.56565,13.4,,37.3
06-031-0004,11/20/2019,36.102244,-119.56565,11.6,,6.2
06-031-0004,11/23/2019,36.102244,-119.56565,11.4,,19.1
06-031-0004,11/26/2019,36.102244,-119.56565,7.9,,8.4
06-031-0004,11/29/2019,36.102244,-119.56565,7.6,,5.4
06-031-0004,12/2/2019,36.102244,-119.56565,13.1,,11
06-031-0004,12/5/2019,36.102244,-119.56565,11.6,,10.3
06-031-0004,12/8/2019,36.102244,-119.56565,13.6,,3.9
06-031-0004,12/11/2019,36.102244,-119.56565,9.4,,15.1
06-031-0004,12/14/2019,36.102244,-119.56565,13.1,,8.4
06-031-0004,12/17/2019,36.102244,-119.56565,5.9,,12.4
06-031-0004,12/20/2019,36.102244,-119.56565,7.2,,18.9
06-031-0004,12/23/2019,36.102244,-119.56565,9.7,,7.2
06-031-0004,12/26/2019,36.102244,-119.56565,8.8,,3.5
06-031-0004,12/29/2019,36.102244,-119.56565,6.6,,12.6
06-031-0004,1/1/2020,36.102244,-119.56565,7.6,,21.5
06-031-0004,1/4/2020,36.102244,-119.56565,10.3,,24.7
06-031-0004,1/7/2020,36.102244,-119.56565,5.4,,14.8
06-031-0004,1/10/2020,36.102244,-119.56565,6.2,,7.7
06-031-0004,1/13/2020,36.102244,-119.56565,4.9,,8.9
06-031-0004,1/16/2020,36.102244,-119.56565,7.9,,10.5
06-031-0004,1/19/2020,36.102244,-119.56565,6.9,,16.2
06-031-0004,1/22/2020,36.102244,-119.56565,12.2,,11.7
06-031-0004,1/25/2020,36.102244,-119.56565,11.4,,24
06-031-0004,1/28/2020,36.102244,-119.56565,9.5,,10.7
06-031-0004,1/31/2020,36.102244,-119.56565,9.7,,20.5
06-031-0004,2/3/2020,36.102244,-119.56565,6.6,,8.1
06-031-0004,2/9/2020,36.102244,-119.56565,8.8,,8.2
06-031-0004,2/12/2020,36.102244,-119.56565,9.6,,14.7
06-031-0004,2/15/2020,36.102244,-119.56565,11.4,,22.3
06-031-0004,2/18/2020,36.102244,-119.56565,11.8,,15
06-031-0004,2/21/2020,36.102244,-119.56565,14.1,,19.7
06-031-0004,2/24/2020,36.102244,-119.56565,12.3,,13.2
06-031-0004,2/27/2020,36.102244,-119.56565,14.1,,18.6
06-031-0004,3/1/2020,36.102244,-119.56565,11.8,,8.3
06-031-0004,3/4/2020,36.102244,-119.56565,13.9,,14.3
06-031-0004,3/7/2020,36.102244,-119.56565,12.7,,5.2
06-031-0004,3/10/2020,36.102244,-119.56565,14.2,,9.4
06-031-0004,3/13/2020,36.102244,-119.56565,16.2,,5.3
06-031-0004,3/19/2020,36.102244,-119.56565,10.2,,7.4
06-031-0004,3/22/2020,36.102244,-119.56565,13.6,,8
06-031-0004,3/25/2020,36.102244,-119.56565,10.3,,3.3
06-031-0004,3/28/2020,36.102244,-119.56565,11.8,,8.2
06-031-0004,3/31/2020,36.102244,-119.56565,15.3,,7.4
06-031-0004,4/9/2020,36.102244,-119.56565,11.3,,2.3
06-031-0004,4/18/2020,36.102244,-119.56565,15.7,,7.8
06-031-0004,4/21/2020,36.102244,-119.56565,16.6,,8.3
06-031-0004,4/24/2020,36.102244,-119.56565,21.5,,8.7
06-031-0004,4/27/2020,36.102244,-119.56565,22.7,,5.4
06-031-0004,4/30/2020,36.102244,-119.56565,23.7,,6.2
06-031-0004,5/3/2020,36.102244,-119.56565,20.3,,4.9
06-031-0004,5/6/2020,36.102244,-119.56565,21.5,,6.6
06-031-0004,5/9/2020,36.102244,-119.56565,25.1,,10
06-031-0004,5/24/2020,36.102244,-119.56565,22.5,,7.9
06-031-0004,5/27/2020,36.102244,-119.56565,29.4,,10.3
06-031-0004,5/30/2020,36.102244,-119.56565,20.9,,3.5
06-031-0004,6/2/2020,36.102244,-119.56565,25.4,,11.2
06-031-0004,6/5/2020,36.102244,-119.56565,24,,8.8
06-031-0004,6/8/2020,36.102244,-119.56565,19.5,,4.7
06-031-0004,6/11/2020,36.102244,-119.56565,27.9,,8.3
06-031-0004,6/14/2020,36.102244,-119.56565,22.1,,4.1
06-031-0004,6/17/2020,36.102244,-119.56565,22.9,,7.5
06-031-0004,6/20/2020,36.102244,-119.56565,28.8,,8.6
06-031-0004,6/23/2020,36.102244,-119.56565,31.1,,10.1
06-031-0004,6/26/2020,36.102244,-119.56565,30.2,,12.1
06-031-0004,7/2/2020,36.102244,-119.56565,25.2,,8.3
06-031-0004,7/5/2020,36.102244,-119.56565,28.7,,13.3
06-031-0004,7/17/2020,36.102244,-119.56565,29.2,,15.7
06-031-0004,7/20/2020,36.102244,-119.56565,28.7,,11.7
06-031-0004,7/23/2020,36.102244,-119.56565,25.9,,9.3
06-031-0004,7/26/2020,36.102244,-119.56565,29.4,,14.4
06-031-0004,7/29/2020,36.102244,-119.56565,30.2,,14.3
06-031-0004,8/1/2020,36.102244,-119.56565,27.9,,8.4
06-031-0004,8/4/2020,36.102244,-119.56565,28.2,,8.3
06-031-0004,8/7/2020,36.102244,-119.56565,26.1,,10
06-031-0004,8/10/2020,36.102244,-119.56565,30.4,,11.1
06-031-0004,8/13/2020,36.102244,-119.56565,28.6,,15.5
06-031-0004,8/16/2020,36.102244,-119.56565,33.5,,15
06-031-0004,8/19/2020,36.102244,-119.56565,33.6,,54.1
06-031-0004,8/22/2020,36.102244,-119.56565,27.6,,144.3
06-031-0004,8/25/2020,36.102244,-119.56565,29.7,,46.1
06-031-0004,8/28/2020,36.102244,-119.56565,27.6,,20.1
06-031-0004,8/31/2020,36.102244,-119.56565,27,,39.2
06-031-0004,9/3/2020,36.102244,-119.56565,25.7,,30
06-031-0004,9/6/2020,36.102244,-119.56565,28.8,,30.2
06-031-0004,9/9/2020,36.102244,-119.56565,25.4,,34.8
06-031-0004,9/12/2020,36.102244,-119.56565,19.7,,44.1
06-031-0004,9/15/2020,36.102244,-119.56565,23.8,,80.7
06-031-0004,9/18/2020,36.102244,-119.56565,25.1,,16.9
06-031-0004,9/21/2020,36.102244,-119.56565,23.5,,38.8
06-031-0004,9/24/2020,36.102244,-119.56565,23.6,,8.1
06-031-0004,9/27/2020,36.102244,-119.56565,23.9,,18.9
06-031-0004,9/30/2020,36.102244,-119.56565,24.3,,33.2
06-031-0004,10/3/2020,36.102244,-119.56565,23,,83.9
06-031-0004,10/6/2020,36.102244,-119.56565,21.4,,35.8
06-031-0004,10/9/2020,36.102244,-119.56565,19.1,,20.1
06-031-0004,10/12/2020,36.102244,-119.56565,19.7,,11.6
06-031-0004,10/15/2020,36.102244,-119.56565,21.3,,26.5
06-031-0004,10/18/2020,36.102244,-119.56565,21.5,,29.8
06-031-0004,10/21/2020,36.102244,-119.56565,18.8,,23.5
06-031-0004,10/24/2020,36.102244,-119.56565,16.7,,12.5
06-031-0004,10/27/2020,36.102244,-119.56565,13.4,,21.1
06-031-0004,10/30/2020,36.102244,-119.56565,13.5,,40.4
06-031-0004,11/2/2020,36.102244,-119.56565,15.8,,47.3
06-031-0004,11/5/2020,36.102244,-119.56565,14.3,,36.6
06-031-0004,11/11/2020,36.102244,-119.56565,8,,25.2
06-031-0004,11/14/2020,36.102244,-119.56565,13.3,,12.1
06-031-0004,11/25/2020,36.102244,-119.56565,9.6,,18.1
06-031-0004,11/26/2020,36.102244,-119.56565,7.1,,13.8
06-031-0004,11/27/2020,36.102244,-119.56565,6.2,,20.9
06-031-0004,11/29/2020,36.102244,-119.56565,6.6,,27
06-031-0004,12/2/2020,36.102244,-119.56565,7.3,,44.5
06-031-0004,12/5/2020,36.102244,-119.56565,9.5,,35
06-031-0004,12/8/2020,36.102244,-119.56565,6.6,,41.2
06-031-0004,12/11/2020,36.102244,-119.56565,6.8,,35.2
06-031-0004,12/14/2020,36.102244,-119.56565,8.1,,7.6
01-113-0003,9/19/2017,32.437028,-84.999653,27.5,,21.1
01-113-0003,9/22/2017,32.437028,-84.999653,27.2,,18.9
01-113-0003,9/25/2017,32.437028,-84.999653,27.2,,14.4
01-113-0003,9/28/2017,32.437028,-84.999653,28.2,,18.7
01-113-0003,10/1/2017,32.437028,-84.999653,22.7,,11.7
01-113-0003,10/4/2017,32.437028,-84.999653,24.1,,13.9
01-113-0003,10/7/2017,32.437028,-84.999653,26.4,,10.5
01-113-0003,10/10/2017,32.437028,-84.999653,27,,17.3
01-113-0003,10/13/2017,32.437028,-84.999653,26.3,,16.3
01-113-0003,10/19/2017,32.437028,-84.999653,18.8,,15.7
01-113-0003,10/22/2017,32.437028,-84.999653,23.4,,12
01-113-0003,10/25/2017,32.437028,-84.999653,14,,9.3
01-113-0003,10/28/2017,32.437028,-84.999653,16.5,,7.9
01-113-0003,10/31/2017,32.437028,-84.999653,14.8,,12.6
01-113-0003,11/9/2017,32.437028,-84.999653,14.7,,5.2
01-113-0003,11/12/2017,32.437028,-84.999653,11,,11.1
01-113-0003,11/15/2017,32.437028,-84.999653,11.7,,16
01-113-0003,11/18/2017,32.437028,-84.999653,16.7,,17.7
01-113-0003,11/21/2017,32.437028,-84.999653,14.8,,17.3
01-113-0003,11/24/2017,32.437028,-84.999653,12.7,,16
01-113-0003,11/27/2017,32.437028,-84.999653,10.6,,11.7
01-113-0003,11/30/2017,32.437028,-84.999653,17.7,,18.4
01-113-0003,12/3/2017,32.437028,-84.999653,16.1,,23.6
01-113-0003,12/6/2017,32.437028,-84.999653,10,,6.3
01-113-0003,12/9/2017,32.437028,-84.999653,4.5,,6.1
01-113-0003,12/12/2017,32.437028,-84.999653,9.5,,13.6
01-113-0003,12/15/2017,32.437028,-84.999653,6.8,,18.8
01-113-0003,12/18/2017,32.437028,-84.999653,16,,15.7
01-113-0003,12/21/2017,32.437028,-84.999653,15.1,,9.7
01-113-0003,12/24/2017,32.437028,-84.999653,12.4,,5.4
01-113-0003,12/27/2017,32.437028,-84.999653,8.1,,10.5
01-113-0003,12/30/2017,32.437028,-84.999653,7.6,,12.4
01-113-0003,1/2/2018,32.437028,-84.999653,-1.4,,12.2
01-113-0003,1/5/2018,32.437028,-84.999653,0.5,,11.5
01-113-0003,1/8/2018,32.437028,-84.999653,6.4,,9.9
01-113-0003,1/11/2018,32.437028,-84.999653,19.1,,11.1
01-113-0003,1/14/2018,32.437028,-84.999653,2,,8.6
01-113-0003,1/17/2018,32.437028,-84.999653,-2.5,,24.5
01-113-0003,1/20/2018,32.437028,-84.999653,7.3,,15.7
01-113-0003,1/23/2018,32.437028,-84.999653,14,,10.5
01-113-0003,1/26/2018,32.437028,-84.999653,10.6,,27.8
01-113-0003,1/29/2018,32.437028,-84.999653,14.1,,5.7
01-113-0003,2/1/2018,32.437028,-84.999653,11.3,,18
01-113-0003,2/4/2018,32.437028,-84.999653,12.1,,8.8
01-113-0003,2/7/2018,32.437028,-84.999653,17.1,,11
01-113-0003,2/10/2018,32.437028,-84.999653,16.7,,10.4
01-113-0003,2/13/2018,32.437028,-84.999653,15.3,,8.1
01-113-0003,2/16/2018,32.437028,-84.999653,21.7,,12.3
01-113-0003,2/19/2018,32.437028,-84.999653,21.7,,17.1
01-113-0003,2/22/2018,32.437028,-84.999653,23.2,,17.5
01-113-0003,2/25/2018,32.437028,-84.999653,20.1,,5.5
01-113-0003,2/28/2018,32.437028,-84.999653,17.9,,10.1
01-113-0003,3/3/2018,32.437028,-84.999653,14.5,,6
01-113-0003,3/6/2018,32.437028,-84.999653,15.3,,13.7
01-113-0003,3/9/2018,32.437028,-84.999653,9.4,,14.5
01-113-0003,3/15/2018,32.437028,-84.999653,10.7,,20.7
01-113-0003,3/18/2018,32.437028,-84.999653,21,,11.2
01-113-0003,3/21/2018,32.437028,-84.999653,10.8,,5.1
01-113-0003,3/24/2018,32.437028,-84.999653,17.7,,18.3
01-113-0003,3/27/2018,32.437028,-84.999653,15.6,,10.2
01-113-0003,3/30/2018,32.437028,-84.999653,18.5,,3.1
01-113-0003,4/2/2018,32.437028,-84.999653,19.8,,9.9
01-113-0003,4/5/2018,32.437028,-84.999653,14.5,,33.8
01-113-0003,4/8/2018,32.437028,-84.999653,10.8,,4.7
01-113-0003,6/16/2018,32.437028,-84.999653,26.3,,9
01-113-0003,6/19/2018,32.437028,-84.999653,30.3,,17.2
01-113-0003,6/22/2018,32.437028,-84.999653,27.3,,8.6
01-113-0003,6/25/2018,32.437028,-84.999653,28.9,,6.7
01-113-0003,6/28/2018,32.437028,-84.999653,25.9,,8
01-113-0003,7/1/2018,32.437028,-84.999653,25.9,,5.5
01-113-0003,7/4/2018,32.437028,-84.999653,28,,9.5
01-113-0003,7/7/2018,32.437028,-84.999653,26.4,,7
01-113-0003,7/10/2018,32.437028,-84.999653,29.4,,11.9
01-113-0003,7/13/2018,32.437028,-84.999653,28.5,,14
01-113-0003,7/16/2018,32.437028,-84.999653,28.3,,7.5
01-113-0003,7/19/2018,32.437028,-84.999653,27.6,,9.4
01-113-0003,7/22/2018,32.437028,-84.999653,27.9,,10.4
01-113-0003,7/25/2018,32.437028,-84.999653,28.3,,9.1
01-113-0003,7/28/2018,32.437028,-84.999653,29.9,,12
01-113-0003,7/31/2018,32.437028,-84.999653,24.9,,6.3
01-113-0003,8/3/2018,32.437028,-84.999653,26.9,,7
01-113-0003,8/6/2018,32.437028,-84.999653,30.4,,8.3
01-113-0003,8/9/2018,32.437028,-84.999653,27.8,,6.2
01-113-0003,8/12/2018,32.437028,-84.999653,28.7,,10.3
01-113-0003,8/15/2018,32.437028,-84.999653,28.8,,12.9
01-113-0003,8/18/2018,32.437028,-84.999653,25.3,,2.7
01-113-0003,8/21/2018,32.437028,-84.999653,26.7,,5.7
01-113-0003,9/2/2018,32.437028,-84.999653,27.8,,3.6
01-113-0003,9/5/2018,32.437028,-84.999653,27.5,,6.7
01-113-0003,9/8/2018,32.437028,-84.999653,28,,6.3
01-113-0003,9/11/2018,32.437028,-84.999653,27.6,,6
01-113-0003,9/14/2018,32.437028,-84.999653,30.4,,13.3
01-113-0003,9/17/2018,32.437028,-84.999653,29.6,,7
01-113-0003,9/20/2018,32.437028,-84.999653,29.8,,11
01-113-0003,9/23/2018,32.437028,-84.999653,27.2,,7.7
01-113-0003,9/26/2018,32.437028,-84.999653,26,,4.3
01-113-0003,9/29/2018,32.437028,-84.999653,27.2,,5.5
01-113-0003,10/2/2018,32.437028,-84.999653,26.3,,7.2
01-113-0003,10/5/2018,32.437028,-84.999653,27.9,,14
01-113-0003,10/8/2018,32.437028,-84.999653,25,,7.1
01-113-0003,10/11/2018,32.437028,-84.999653,25.5,,4.4
01-113-0003,10/14/2018,32.437028,-84.999653,22.9,,12.5
01-113-0003,10/17/2018,32.437028,-84.999653,23.7,,5
01-113-0003,10/20/2018,32.437028,-84.999653,20.8,,8.8
01-113-0003,10/23/2018,32.437028,-84.999653,18.2,,8.1
01-113-0003,10/26/2018,32.437028,-84.999653,15.5,,4.4
01-113-0003,10/29/2018,32.437028,-84.999653,18.5,,7.7
01-113-0003,11/1/2018,32.437028,-84.999653,19.2,,5
01-113-0003,11/4/2018,32.437028,-84.999653,15.1,,6.9
01-113-0003,11/7/2018,32.437028,-84.999653,18.6,,6.7
01-113-0003,11/10/2018,32.437028,-84.999653,9.4,,6
01-113-0003,11/13/2018,32.437028,-84.999653,11.5,,4.4
01-113-0003,11/16/2018,32.437028,-84.999653,4.9,,8.5
01-113-0003,11/19/2018,32.437028,-84.999653,13.9,,15.5
01-113-0003,11/22/2018,32.437028,-84.999653,9.3,,11.8
01-113-0003,11/25/2018,32.437028,-84.999653,11.9,,8.5
01-113-0003,12/1/2018,32.437028,-84.999653,17,,4.5
01-113-0003,12/4/2018,32.437028,-84.999653,9.4,,4.5
01-113-0003,12/13/2018,32.437028,-84.999653,9.9,,10.8
01-113-0003,12/16/2018,32.437028,-84.999653,11.4,,3.2
01-113-0003,12/19/2018,32.437028,-84.999653,12.1,,11.5
01-113-0003,12/22/2018,32.437028,-84.999653,8.2,,6
01-113-0003,12/25/2018,32.437028,-84.999653,8.5,,14.4
01-113-0003,12/28/2018,32.437028,-84.999653,18.7,,4.1
01-113-0003,12/31/2018,32.437028,-84.999653,18.9,,5.5
01-113-0003,1/3/2019,32.437028,-84.999653,16.4,,3.375
01-113-0003,1/6/2019,32.437028,-84.999653,13.2,,7.083333
01-113-0003,1/9/2019,32.437028,-84.999653,11.9,,2.625
01-113-0003,1/12/2019,32.437028,-84.999653,9.9,,9.125
01-113-0003,1/15/2019,32.437028,-84.999653,6,,8.541667
01-113-0003,1/18/2019,32.437028,-84.999653,13.3,,13.875
01-113-0003,1/21/2019,32.437028,-84.999653,3.6,,5.25
01-113-0003,1/24/2019,32.437028,-84.999653,8.2,,4.208333
01-113-0003,1/27/2019,32.437028,-84.999653,6.9,,16.25
01-113-0003,1/30/2019,32.437028,-84.999653,2.6,,5
01-113-0003,2/2/2019,32.437028,-84.999653,15.1,,9.5
01-113-0003,2/5/2019,32.437028,-84.999653,17.2,,9.166667
01-113-0003,2/8/2019,32.437028,-84.999653,15.6,,3.583333
01-113-0003,2/11/2019,32.437028,-84.999653,11.5,,9.375
01-113-0003,2/14/2019,32.437028,-84.999653,9.8,,15.583333
01-113-0003,2/17/2019,32.437028,-84.999653,17.8,,8.833333
01-113-0003,2/20/2019,32.437028,-84.999653,10.6,,8.416667
01-113-0003,2/23/2019,32.437028,-84.999653,17,,9.75
01-113-0003,2/26/2019,32.437028,-84.999653,16.9,,10.958333
01-113-0003,3/1/2019,32.437028,-84.999653,18.9,,4.333333
01-113-0003,3/7/2019,32.437028,-84.999653,9.2,,19.458333
01-113-0003,3/10/2019,32.437028,-84.999653,17.6,,9.166667
01-113-0003,3/13/2019,32.437028,-84.999653,18.1,,8.583333
01-113-0003,3/16/2019,32.437028,-84.999653,11.5,,3
01-113-0003,3/19/2019,32.437028,-84.999653,12.6,,16
01-113-0003,3/22/2019,32.437028,-84.999653,14.5,,8.625
01-113-0003,3/25/2019,32.437028,-84.999653,17.2,,15.958333
01-113-0003,3/28/2019,32.437028,-84.999653,13.9,,18.5
01-113-0003,3/31/2019,32.437028,-84.999653,14.1,,4.541667
01-113-0003,4/3/2019,32.437028,-84.999653,15.4,,13.541667
01-113-0003,4/6/2019,32.437028,-84.999653,19.8,,8.666667
01-113-0003,4/9/2019,32.437028,-84.999653,21.4,,4.875
01-113-0003,4/12/2019,32.437028,-84.999653,23.4,,7.125
01-113-0003,4/15/2019,32.437028,-84.999653,16,,3.625
01-113-0003,4/18/2019,32.437028,-84.999653,22.5,,13.875
01-113-0003,4/21/2019,32.437028,-84.999653,16.8,,4.166667
01-113-0003,4/24/2019,32.437028,-84.999653,22.8,,8.875
01-113-0003,4/27/2019,32.437028,-84.999653,19.4,,7.75
01-113-0003,4/30/2019,32.437028,-84.999653,24.7,,16.708333
01-113-0003,5/3/2019,32.437028,-84.999653,25.4,,9.583333
01-113-0003,5/6/2019,32.437028,-84.999653,22.8,,5.291667
01-113-0003,5/12/2019,32.437028,-84.999653,22.1,,4.333333
01-113-0003,5/15/2019,32.437028,-84.999653,17.8,,8
01-113-0003,5/18/2019,32.437028,-84.999653,26.5,,12.416667
01-113-0003,5/21/2019,32.437028,-84.999653,27.8,,12.916667
01-113-0003,5/24/2019,32.437028,-84.999653,28.8,,12.208333
01-113-0003,5/30/2019,32.437028,-84.999653,29.1,,11
01-113-0003,6/2/2019,32.437028,-84.999653,28.2,,17.875
01-113-0003,6/5/2019,32.437028,-84.999653,27.7,,22.375
01-113-0003,6/8/2019,32.437028,-84.999653,24,,5.291667
01-113-0003,6/11/2019,32.437028,-84.999653,27.3,,9.958333
01-113-0003,6/14/2019,32.437028,-84.999653,24.1,,9.333333
01-113-0003,6/17/2019,32.437028,-84.999653,29.1,,7.5
01-113-0003,6/20/2019,32.437028,-84.999653,28.1,,6.416667
01-113-0003,6/23/2019,32.437028,-84.999653,28.5,,14.375
01-113-0003,6/26/2019,32.437028,-84.999653,28.6,,10.583333
01-113-0003,6/29/2019,32.437028,-84.999653,26.8,,6.541667
01-113-0003,7/2/2019,32.437028,-84.999653,31.3,,12.5
01-113-0003,7/5/2019,32.437028,-84.999653,28.7,,12.958333
01-113-0003,7/8/2019,32.437028,-84.999653,28.7,,8.166667
01-113-0003,7/11/2019,32.437028,-84.999653,28.2,,5.583333
01-113-0003,7/14/2019,32.437028,-84.999653,28.2,,14
01-113-0003,7/17/2019,32.437028,-84.999653,30.4,,13.875
01-113-0003,7/20/2019,32.437028,-84.999653,26.1,,5.458333
01-113-0003,7/23/2019,32.437028,-84.999653,26.5,,5.416667
01-113-0003,7/26/2019,32.437028,-84.999653,27.9,,8.875
01-113-0003,8/1/2019,32.437028,-84.999653,27.7,,10.541667
01-113-0003,8/22/2019,32.437028,-84.999653,29.3,,6.916667
01-113-0003,8/25/2019,32.437028,-84.999653,24.6,,5.458333
01-113-0003,8/28/2019,32.437028,-84.999653,28.5,,6.958333
01-113-0003,8/31/2019,32.437028,-84.999653,27.5,,6.916667
01-113-0003,9/3/2019,32.437028,-84.999653,29.4,,7.625
01-113-0003,9/6/2019,32.437028,-84.999653,27.9,,8.791667
01-113-0003,9/9/2019,32.437028,-84.999653,28.8,,10.714286
01-113-0003,9/12/2019,32.437028,-84.999653,30,,19.833333
01-113-0003,9/15/2019,32.437028,-84.999653,29.4,,9.333333
01-113-0003,9/18/2019,32.437028,-84.999653,30.8,,13.541667
01-113-0003,9/21/2019,32.437028,-84.999653,26.5,,6.583333
01-113-0003,9/24/2019,32.437028,-84.999653,28.3,,11.75
01-113-0003,9/27/2019,32.437028,-84.999653,30.3,,13.583333
01-113-0003,9/30/2019,32.437028,-84.999653,29.1,,9.5
01-113-0003,10/3/2019,32.437028,-84.999653,30.1,,15.708333
01-113-0003,10/6/2019,32.437028,-84.999653,25.8,,7.272727
01-113-0003,10/9/2019,32.437028,-84.999653,24.4,,8.291667
01-113-0003,10/12/2019,32.437028,-84.999653,23.4,,10.166667
01-113-0003,10/15/2019,32.437028,-84.999653,21.8,,5.041667
01-113-0003,10/18/2019,32.437028,-84.999653,15.7,,5.708333
01-113-0003,10/21/2019,32.437028,-84.999653,21.1,,7.208333
01-113-0003,10/24/2019,32.437028,-84.999653,16.7,,8.25
01-113-0003,10/27/2019,32.437028,-84.999653,20.8,,3.875
01-113-0003,10/30/2019,32.437028,-84.999653,23,,5.041667
01-113-0003,11/5/2019,32.437028,-84.999653,18.1,,11.458333
01-113-0003,11/8/2019,32.437028,-84.999653,13.7,,4.166667
01-113-0003,11/11/2019,32.437028,-84.999653,14.5,,17.666667
01-113-0003,11/17/2019,32.437028,-84.999653,15.2,,11.833333
01-113-0003,1/16/2020,32.437028,-84.999653,19.1,,2.541667
01-113-0003,1/19/2020,32.437028,-84.999653,11.5,,1.166667
01-113-0003,1/22/2020,32.437028,-84.999653,5.3,,7.458333
01-113-0003,1/25/2020,32.437028,-84.999653,8.6,,4.708333
01-113-0003,1/28/2020,32.437028,-84.999653,9.7,,7.458333
01-113-0003,1/31/2020,32.437028,-84.999653,8.5,,5.541667
01-113-0003,2/3/2020,32.437028,-84.999653,10.5,,8.083333
01-113-0003,2/6/2020,32.437028,-84.999653,19,,3.708333
01-113-0003,2/9/2020,32.437028,-84.999653,9.7,,5.291667
01-113-0003,2/12/2020,32.437028,-84.999653,20.6,,5.125
01-113-0003,2/15/2020,32.437028,-84.999653,9.2,,7.416667
01-113-0003,2/18/2020,32.437028,-84.999653,16.6,,6.333333
01-113-0003,2/21/2020,32.437028,-84.999653,6.4,,5.875
01-113-0003,2/24/2020,32.437028,-84.999653,12.1,,11.791667
01-113-0003,2/27/2020,32.437028,-84.999653,7.5,,4.125
01-113-0003,3/1/2020,32.437028,-84.999653,11.2,,16.583333
01-113-0003,3/4/2020,32.437028,-84.999653,15,,5
01-113-0003,3/7/2020,32.437028,-84.999653,10.4,,6.583333
01-113-0003,3/10/2020,32.437028,-84.999653,17.3,,11.291667
01-113-0003,3/13/2020,32.437028,-84.999653,21.5,,7.333333
01-113-0003,3/16/2020,32.437028,-84.999653,19.4,,18.875
01-113-0003,3/19/2020,32.437028,-84.999653,23.1,,17
01-113-0003,3/22/2020,32.437028,-84.999653,16.4,,6.833333
01-113-0003,3/25/2020,32.437028,-84.999653,24.2,,8.875
01-113-0003,3/28/2020,32.437028,-84.999653,24.9,,11.916667
01-113-0003,3/31/2020,32.437028,-84.999653,18.1,,11.875
01-113-0003,4/3/2020,32.437028,-84.999653,17.9,,23.666667
01-113-0003,4/6/2020,32.437028,-84.999653,19.5,,19.791667
01-113-0003,4/9/2020,32.437028,-84.999653,23.5,,7.958333
01-113-0003,4/12/2020,32.437028,-84.999653,18.7,,22.083333
01-113-0003,4/15/2020,32.437028,-84.999653,14.9,,6.583333
01-113-0003,4/18/2020,32.437028,-84.999653,21.9,,8.791667
01-113-0003,4/21/2020,32.437028,-84.999653,19.2,,8.5
01-113-0003,4/24/2020,32.437028,-84.999653,20.4,,5.083333
01-113-0003,4/27/2020,32.437028,-84.999653,17.5,,4.75
01-113-0003,4/30/2020,32.437028,-84.999653,17.3,,2.833333
01-113-0003,5/3/2020,32.437028,-84.999653,22.5,,9
01-113-0003,5/6/2020,32.437028,-84.999653,22.1,,3.958333
01-113-0003,5/9/2020,32.437028,-84.999653,16.4,,4.916667
01-113-0003,5/12/2020,32.437028,-84.999653,18.5,,9.333333
01-113-0003,5/15/2020,32.437028,-84.999653,23.5,,9.041667
01-113-0003,5/21/2020,32.437028,-84.999653,20.8,,6.666667
01-113-0003,5/24/2020,32.437028,-84.999653,25.5,,5.333333
01-113-0003,5/27/2020,32.437028,-84.999653,23.6,,3.916667
01-113-0003,5/30/2020,32.437028,-84.999653,27.2,,7
01-113-0003,6/2/2020,32.437028,-84.999653,26.1,,7.583333
01-113-0003,6/5/2020,32.437028,-84.999653,25.2,,6.083333
01-113-0003,6/8/2020,32.437028,-84.999653,27.9,,5.875
01-113-0003,6/11/2020,32.437028,-84.999653,27.1,,7.375
01-113-0003,6/14/2020,32.437028,-84.999653,25.4,,11.25
01-113-0003,6/17/2020,32.437028,-84.999653,21.9,,6.083333
01-113-0003,6/20/2020,32.437028,-84.999653,28.7,,12.375
01-113-0003,6/23/2020,32.437028,-84.999653,26.9,,6
01-113-0003,6/26/2020,32.437028,-84.999653,26.6,,34.958333
01-113-0003,6/29/2020,32.437028,-84.999653,28.4,,7
01-113-0003,7/2/2020,32.437028,-84.999653,27.4,,8
01-113-0003,7/5/2020,32.437028,-84.999653,28.6,,10.375
01-113-0003,7/8/2020,32.437028,-84.999653,27.7,,6.75
01-113-0003,7/11/2020,32.437028,-84.999653,30.6,,8.875
01-113-0003,7/14/2020,32.437028,-84.999653,30.4,,10.208333
01-113-0003,7/17/2020,32.437028,-84.999653,30.3,,10.916667
01-113-0003,7/20/2020,32.437028,-84.999653,29.6,,9.875
01-113-0003,7/23/2020,32.437028,-84.999653,27.8,,4.791667
01-113-0003,7/26/2020,32.437028,-84.999653,26.9,,5.208333
01-113-0003,7/29/2020,32.437028,-84.999653,26.2,,5.375
01-113-0003,8/1/2020,32.437028,-84.999653,29,,12.208333
01-113-0003,8/4/2020,32.437028,-84.999653,28.3,,9.708333
01-113-0003,8/7/2020,32.437028,-84.999653,29.1,,14.416667
01-113-0003,8/10/2020,32.437028,-84.999653,28.3,,10.75
01-113-0003,8/13/2020,32.437028,-84.999653,28.4,,9.916667
01-113-0003,8/16/2020,32.437028,-84.999653,28.6,,8.166667
01-113-0003,8/19/2020,32.437028,-84.999653,27.2,,8
01-113-0003,8/22/2020,32.437028,-84.999653,26.5,,5.333333
01-113-0003,8/25/2020,32.437028,-84.999653,27.1,,8.541667
01-113-0003,8/28/2020,32.437028,-84.999653,27.4,,4.875
01-113-0003,8/31/2020,32.437028,-84.999653,28.4,,5.791667
01-113-0003,9/6/2020,32.437028,-84.999653,27.1,,6.291667
01-113-0003,9/9/2020,32.437028,-84.999653,26.7,,7.875
01-113-0003,9/12/2020,32.437028,-84.999653,28.4,,5.208333
01-113-0003,9/15/2020,32.437028,-84.999653,26,,7.458333
01-113-0003,9/18/2020,32.437028,-84.999653,25,,4.916667
01-113-0003,9/21/2020,32.437028,-84.999653,19.5,,4.166667
01-113-0003,9/24/2020,32.437028,-84.999653,21.5,,7.625
01-113-0003,9/27/2020,32.437028,-84.999653,23.9,,8.416667
01-113-0003,9/30/2020,32.437028,-84.999653,18.2,,6.541667
01-113-0003,10/9/2020,32.437028,-84.999653,22.8,,11.708333
01-113-0003,10/12/2020,32.437028,-84.999653,24.5,,6.333333
01-113-0003,10/15/2020,32.437028,-84.999653,22.8,,16.666667
01-113-0003,10/18/2020,32.437028,-84.999653,18.8,,7.75
01-113-0003,10/21/2020,32.437028,-84.999653,23.3,,8.041667
01-113-0003,10/24/2020,32.437028,-84.999653,21.9,,4.583333
01-113-0003,10/27/2020,32.437028,-84.999653,23.1,,8.708333
01-113-0003,10/30/2020,32.437028,-84.999653,14.6,,4.291667
01-113-0003,11/2/2020,32.437028,-84.999653,12.2,,5.541667
01-113-0003,11/5/2020,32.437028,-84.999653,17.2,,13.75
01-113-0003,11/8/2020,32.437028,-84.999653,21.5,,4.791667
01-113-0003,11/11/2020,32.437028,-84.999653,24.6,,5.416667
01-113-0003,11/14/2020,32.437028,-84.999653,17.2,,12.875
01-113-0003,11/17/2020,32.437028,-84.999653,12.7,,9.25
01-113-0003,11/20/2020,32.437028,-84.999653,15.5,,9.791667
01-113-0003,11/23/2020,32.437028,-84.999653,14.5,,5.666667
01-113-0003,11/26/2020,32.437028,-84.999653,20.2,,6.166667
01-113-0003,11/29/2020,32.437028,-84.999653,14.6,,6.708333
01-113-0003,12/2/2020,32.437028,-84.999653,5.5,,12.75
01-113-0003,12/5/2020,32.437028,-84.999653,8.9,,10.541667
01-113-0003,12/8/2020,32.437028,-84.999653,6.3,,10.208333
01-113-0003,12/11/2020,32.437028,-84.999653,11.9,,21.458333
01-113-0003,12/14/2020,32.437028,-84.999653,14.4,,2.041667
01-113-0003,12/17/2020,32.437028,-84.999653,4.6,,10.166667
01-113-0003,12/20/2020,32.437028,-84.999653,10.8,,11.25
01-113-0003,12/23/2020,32.437028,-84.999653,11.8,,12.666667
01-113-0003,12/26/2020,32.437028,-84.999653,2.3,,9.5
01-113-0003,12/29/2020,32.437028,-84.999653,13.4,,15.166667
04-013-0019,1/1/2016,33.48378,-112.14256,9.9,,152.1125
04-013-0019,1/13/2016,33.48378,-112.14256,11.5,,19.8625
04-013-0019,1/25/2016,33.48378,-112.14256,13.4,,9.9125
04-013-0019,2/18/2016,33.48378,-112.14256,22,,6.758333
04-013-0019,2/24/2016,33.48378,-112.14256,18.5,,5.4375
04-013-0019,3/1/2016,33.48378,-112.14256,23.3,,9.475
04-013-0019,3/13/2016,33.48378,-112.14256,17.4,,7.304167
04-013-0019,3/25/2016,33.48378,-112.14256,20.4,,4.895833
04-013-0019,4/6/2016,33.48378,-112.14256,27.5,,8.504167
04-013-0019,4/18/2016,33.48378,-112.14256,23.3,,3.295833
04-013-0019,4/30/2016,33.48378,-112.14256,23.2,,6.5625
04-013-0019,5/12/2016,33.48378,-112.14256,29.6,,7.559091
04-013-0019,5/24/2016,33.48378,-112.14256,26.4,,5.429167
04-013-0019,6/5/2016,33.48378,-112.14256,37.7,,9.085714
04-013-0019,6/17/2016,33.48378,-112.14256,33.2,,6.266667
04-013-0019,6/29/2016,33.48378,-112.14256,37.4,,4.945833
04-013-0019,7/11/2016,33.48378,-112.14256,37,,6.3
04-013-0019,7/23/2016,33.48378,-112.14256,38.3,,5.120833
04-013-0019,8/4/2016,33.48378,-112.14256,31.9,,4.695455
04-013-0019,8/16/2016,33.48378,-112.14256,37.5,,6.629167
04-013-0019,8/28/2016,33.48378,-112.14256,31.6,,4.679167
04-013-0019,9/9/2016,33.48378,-112.14256,32.2,,4.708333
04-013-0019,9/21/2016,33.48378,-112.14256,29.9,,6.716667
04-013-0019,10/3/2016,33.48378,-112.14256,23.5,,6.25
04-013-0019,10/15/2016,33.48378,-112.14256,26.9,,9.975
04-013-0019,10/27/2016,33.48378,-112.14256,29,,9.079167
04-013-0019,11/8/2016,33.48378,-112.14256,25.3,,7.5875
04-013-0019,11/20/2016,33.48378,-112.14256,21.4,,15.358333
04-013-0019,12/2/2016,33.48378,-112.14256,11.3,,22.829167
04-013-0019,12/14/2016,33.48378,-112.14256,17,,17.195833
04-013-0019,12/26/2016,33.48378,-112.14256,8.6,,21.304167
04-013-0019,1/7/2017,33.48378,-112.14256,12,,30.275
04-013-0019,1/19/2017,33.48378,-112.14256,12.2,,15.220833
04-013-0019,1/31/2017,33.48378,-112.14256,15.2,,17.029167
04-013-0019,2/12/2017,33.48378,-112.14256,19.9,,4.625
04-013-0019,2/24/2017,33.48378,-112.14256,11.5,,7.754167
04-013-0019,3/8/2017,33.48378,-112.14256,17.9,,10.091667
04-013-0019,3/20/2017,33.48378,-112.14256,27.8,,10.933333
04-013-0019,4/1/2017,33.48378,-112.14256,16,,7.483333
04-013-0019,4/13/2017,33.48378,-112.14256,26.2,,8.609091
04-013-0019,4/25/2017,33.48378,-112.14256,26.2,,7.540909
04-013-0019,5/7/2017,33.48378,-112.14256,22.6,,12.141667
04-013-0019,5/19/2017,33.48378,-112.14256,23.4,,1.845833
04-013-0019,5/31/2017,33.48378,-112.14256,32.5,,6.0625
04-013-0019,6/12/2017,33.48378,-112.14256,29.8,,3.8875
04-013-0019,6/24/2017,33.48378,-112.14256,39,,10.95
04-013-0019,7/6/2017,33.48378,-112.14256,38.2,,7.191667
04-013-0019,7/18/2017,33.48378,-112.14256,32.7,,3.8375
04-013-0019,7/30/2017,33.48378,-112.14256,30.8,,4.229167
04-013-0019,8/11/2017,33.48378,-112.14256,34.7,,5.104167
04-013-0019,8/23/2017,33.48378,-112.14256,36.4,,5.658333
04-013-0019,9/4/2017,33.48378,-112.14256,33.1,,4.433333
04-013-0019,9/16/2017,33.48378,-112.14256,30,,4.354167
04-013-0019,9/28/2017,33.48378,-112.14256,26.8,,9.4
04-013-0019,10/10/2017,33.48378,-112.14256,25.3,,7.320833
04-013-0019,10/22/2017,33.48378,-112.14256,24,,12.35
04-013-0019,11/3/2017,33.48378,-112.14256,22.2,,7.5875
04-013-0019,11/15/2017,33.48378,-112.14256,21.5,,11.979167
04-013-0019,11/27/2017,33.48378,-112.14256,20.8,,17.525
04-013-0019,12/9/2017,33.48378,-112.14256,13.5,,18.158333
04-013-0019,12/21/2017,33.48378,-112.14256,12.5,,11.304762
04-013-0019,1/2/2018,33.48378,-112.14256,15.4,,25.579167
04-013-0019,1/14/2018,33.48378,-112.14256,17.2,,24.041667
04-013-0019,1/26/2018,33.48378,-112.14256,15.5,,11.458333
04-013-0019,2/7/2018,33.48378,-112.14256,19,,6.729167
04-013-0019,2/19/2018,33.48378,-112.14256,18,,5.35
04-013-0019,3/3/2018,33.48378,-112.14256,16.9,,12.979167
04-013-0019,3/15/2018,33.48378,-112.14256,19.9,,5.5
04-013-0019,3/27/2018,33.48378,-112.14256,17.6,,4.075
04-013-0019,4/8/2018,33.48378,-112.14256,28.8,,5.520833
04-013-0019,4/20/2018,33.48378,-112.14256,19,,8.879167
04-013-0019,5/2/2018,33.48378,-112.14256,19.5,,5.658333
04-013-0019,5/14/2018,33.48378,-112.14256,26.9,,4.366667
04-013-0019,5/26/2018,33.48378,-112.14256,29.4,,7.420833
04-013-0019,6/7/2018,33.48378,-112.14256,32.6,,5.545833
04-013-0019,6/19/2018,33.48378,-112.14256,32.4,,4.545833
04-013-0019,7/1/2018,33.48378,-112.14256,33,,2.9125
04-013-0019,7/13/2018,33.48378,-112.14256,34.2,,5.720833
04-013-0019,7/25/2018,33.48378,-112.14256,40.7,,7.295833
04-013-0019,8/9/2018,33.48378,-112.14256,32.5,,11.254167
04-013-0019,8/18/2018,33.48378,-112.14256,35.7,,3.4375
04-013-0019,8/30/2018,33.48378,-112.14256,34.5,,5.520833
04-013-0019,9/11/2018,33.48378,-112.14256,34.9,,5.291667
04-013-0019,9/23/2018,33.48378,-112.14256,33.2,,4.004167
04-013-0019,10/5/2018,33.48378,-112.14256,25.4,,4.575
04-013-0019,10/17/2018,33.48378,-112.14256,18.9,,3.254167
04-013-0019,10/29/2018,33.48378,-112.14256,24.4,,11.5875
04-013-0019,11/10/2018,33.48378,-112.14256,19.9,,9.341667
04-013-0019,11/22/2018,33.48378,-112.14256,16.2,,33.2
04-013-0019,12/4/2018,33.48378,-112.14256,11.7,,18.191667
04-013-0019,12/16/2018,33.48378,-112.14256,14.2,,27.854167
04-013-0019,12/28/2018,33.48378,-112.14256,9.3,,6.275
04-013-0019,1/9/2019,33.48378,-112.14256,14.8,,16.995833
04-013-0019,1/21/2019,33.48378,-112.14256,15.3,,10.045833
04-013-0019,2/3/2019,33.48378,-112.14256,17,,4.620833
04-013-0019,2/14/2019,33.48378,-112.14256,15.2,,8.3625
04-013-0019,2/26/2019,33.48378,-112.14256,13.8,,15.283333
04-013-0019,3/10/2019,33.48378,-112.14256,14.5,,8.975
04-013-0019,3/22/2019,33.48378,-112.14256,16.2,,4.1625
04-013-0019,4/3/2019,33.48378,-112.14256,22.4,,5.004167
04-013-0019,4/15/2019,33.48378,-112.14256,24.7,,7.745833
04-013-0019,4/27/2019,33.48378,-112.14256,30.4,,5.045833
04-013-0019,5/9/2019,33.48378,-112.14256,23.2,,3.195833
04-013-0019,5/21/2019,33.48378,-112.14256,20.3,,4.366667
04-013-0019,6/2/2019,33.48378,-112.14256,29.8,,6.808333
04-013-0019,6/14/2019,33.48378,-112.14256,34.1,,4.854167
04-013-0019,6/26/2019,33.48378,-112.14256,33.2,,4.15
04-013-0019,7/8/2019,33.48378,-112.14256,33.4,,3.55
04-013-0019,7/20/2019,33.48378,-112.14256,36,,4.2625
04-013-0019,8/1/2019,33.48378,-112.14256,33,,6.691667
04-013-0019,8/13/2019,33.48378,-112.14256,35.8,,5.570833
04-013-0019,8/25/2019,33.48378,-112.14256,34.1,,2.866667
04-013-0019,9/6/2019,33.48378,-112.14256,36.6,,5.5125
04-013-0019,9/18/2019,33.48378,-112.14256,32.3,,6.672727
04-013-0019,9/30/2019,33.48378,-112.14256,26.8,,4.954167
04-013-0019,10/12/2019,33.48378,-112.14256,24.7,,10.075
04-013-0019,10/24/2019,33.48378,-112.14256,24.2,,8.166667
04-013-0019,11/5/2019,33.48378,-112.14256,23.1,,10.245833
04-013-0019,11/17/2019,33.48378,-112.14256,20.4,,25.141667
04-013-0019,11/29/2019,33.48378,-112.14256,14,,3.416667
04-013-0019,12/11/2019,33.48378,-112.14256,14.4,,15.058333
04-013-0019,12/23/2019,33.48378,-112.14256,15.5,,8.590909
04-013-0019,1/4/2020,33.48378,-112.14256,11.5,,29.770833
04-013-0019,1/16/2020,33.48378,-112.14256,14.3,,14.8875
04-013-0019,1/30/2020,33.48378,-112.14256,14.4,,5
04-013-0019,2/9/2020,33.48378,-112.14256,15.2,,7.966667
04-013-0019,2/21/2020,33.48378,-112.14256,20.9,,7.033333
04-013-0019,3/4/2020,33.48378,-112.14256,16.9,,6.454167
04-013-0019,3/16/2020,33.48378,-112.14256,18.9,,6.325
04-013-0019,3/28/2020,33.48378,-112.14256,14.4,,6.870833
04-013-0019,4/9/2020,33.48378,-112.14256,17.2,,2.525
04-013-0019,4/21/2020,33.48378,-112.14256,23.9,,5.604167
04-013-0019,5/3/2020,33.48378,-112.14256,29.7,,5.579167
04-013-0019,5/15/2020,33.48378,-112.14256,27.9,,7.129167
04-013-0019,5/27/2020,33.48378,-112.14256,32.8,,6.725
04-013-0019,6/8/2020,33.48378,-112.14256,29,,3.85
04-013-0019,6/20/2020,33.48378,-112.14256,33.2,,4.575
04-013-0019,7/2/2020,33.48378,-112.14256,34.3,,6.629167
04-013-0019,7/14/2020,33.48378,-112.14256,38.3,,7.520833
04-013-0019,7/26/2020,33.48378,-112.14256,36.1,,5.1375
04-013-0019,8/7/2020,33.48378,-112.14256,36.3,,6.65
04-013-0019,8/19/2020,33.48378,-112.14256,39.5,,12.7625
04-013-0019,8/31/2020,33.48378,-112.14256,30.2,,6.395833
04-013-0019,9/12/2020,33.48378,-112.14256,29,,15.325
04-013-0019,9/24/2020,33.48378,-112.14256,32.9,,8.066667
04-013-0019,10/6/2020,33.48378,-112.14256,30.9,,12.191667
04-013-0019,10/18/2020,33.48378,-112.14256,27,,13.5875
04-013-0019,10/30/2020,33.48378,-112.14256,22.7,,12.616667
04-013-0019,11/11/2020,33.48378,-112.14256,13.8,,11.970833
04-013-0019,11/23/2020,33.48378,-112.14256,20.5,,11.791667
04-013-0019,12/5/2020,33.48378,-112.14256,12.6,,33.891667
04-013-0019,12/17/2020,33.48378,-112.14256,11.3,,24.240909
04-013-0019,12/29/2020,33.48378,-112.14256,11.5,,7.929167
04-019-1028,1/1/2016,32.29515,-110.9823,9.5,,22.875
04-019-1028,1/7/2016,32.29515,-110.9823,10.6,,3.375
04-019-1028,1/13/2016,32.29515,-110.9823,9.6,,6.625
04-019-1028,1/19/2016,32.29515,-110.9823,13.2,,5
04-019-1028,1/25/2016,32.29515,-110.9823,10.3,,4.347826
04-019-1028,2/6/2016,32.29515,-110.9823,13.9,,3.25
04-019-1028,2/12/2016,32.29515,-110.9823,18.2,,4.666667
04-019-1028,2/18/2016,32.29515,-110.9823,20.6,,5
04-019-1028,2/24/2016,32.29515,-110.9823,14.9,,2.75
04-019-1028,3/1/2016,32.29515,-110.9823,19.8,,4.916667
04-019-1028,3/7/2016,32.29515,-110.9823,16.9,,6
04-019-1028,3/13/2016,32.29515,-110.9823,15.8,,3.666667
04-019-1028,3/25/2016,32.29515,-110.9823,17.9,,3.541667
04-019-1028,3/31/2016,32.29515,-110.9823,13,,3.625
04-019-1028,4/6/2016,32.29515,-110.9823,24.1,,5
04-019-1028,4/12/2016,32.29515,-110.9823,19.3,,2.5
04-019-1028,4/18/2016,32.29515,-110.9823,20.3,,2.695652
04-019-1028,4/30/2016,32.29515,-110.9823,20.6,,5
04-019-1028,5/6/2016,32.29515,-110.9823,24.8,,4.875
04-019-1028,5/12/2016,32.29515,-110.9823,28.3,,3.791667
04-019-1028,5/24/2016,32.29515,-110.9823,25.8,,2.916667
04-019-1028,5/30/2016,32.29515,-110.9823,28,,3.916667
04-019-1028,6/5/2016,32.29515,-110.9823,35,,7.791667
04-019-1028,6/11/2016,32.29515,-110.9823,28,,8.125
04-019-1028,7/5/2016,32.29515,-110.9823,33.5,,3.083333
04-019-1028,7/11/2016,32.29515,-110.9823,35.1,,2.875
04-019-1028,7/17/2016,32.29515,-110.9823,33.7,,2.291667
04-019-1028,7/29/2016,32.29515,-110.9823,34.9,,4.227273
04-019-1028,8/4/2016,32.29515,-110.9823,27.8,0,1.208333
04-019-1028,8/28/2016,32.29515,-110.9823,28.2,,2.666667
04-019-1028,9/15/2016,32.29515,-110.9823,27.4,,2.083333
04-019-1028,9/21/2016,32.29515,-110.9823,29.1,,1.041667
04-019-1028,9/27/2016,32.29515,-110.9823,22.5,,1.826087
04-019-1028,10/21/2016,32.29515,-110.9823,28,,5.583333
04-019-1028,10/27/2016,32.29515,-110.9823,27.5,,5.708333
04-019-1028,11/8/2016,32.29515,-110.9823,21.9,,3.782609
04-019-1028,11/14/2016,32.29515,-110.9823,18.6,,4.916667
04-019-1028,11/20/2016,32.29515,-110.9823,23,,5.166667
04-019-1028,11/26/2016,32.29515,-110.9823,19.3,,4.791667
04-019-1028,12/2/2016,32.29515,-110.9823,10.3,,8.708333
04-019-1028,12/8/2016,32.29515,-110.9823,12.6,,8.541667
04-019-1028,12/14/2016,32.29515,-110.9823,16.8,,5.25
04-019-1028,12/20/2016,32.29515,-110.9823,17,,7.416667
04-019-1028,12/26/2016,32.29515,-110.9823,7.5,,9.916667
04-019-1028,1/1/2017,32.29515,-110.9823,12.3,,3.708333
04-019-1028,1/7/2017,32.29515,-110.9823,11.5,,5.541667
04-019-1028,1/13/2017,32.29515,-110.9823,13.5,,8.833333
04-019-1028,1/19/2017,32.29515,-110.9823,11,,4.75
04-019-1028,1/25/2017,32.29515,-110.9823,6.4,,5.791667
04-019-1028,1/31/2017,32.29515,-110.9823,13.9,,5.291667
04-019-1028,2/6/2017,32.29515,-110.9823,17.1,,5.375
04-019-1028,2/12/2017,32.29515,-110.9823,17.7,,5.375
04-019-1028,2/18/2017,32.29515,-110.9823,17.5,,3.166667
04-019-1028,2/24/2017,32.29515,-110.9823,10.7,,5.125
04-019-1028,3/2/2017,32.29515,-110.9823,14.8,,3
04-019-1028,3/8/2017,32.29515,-110.9823,18.1,,5.125
04-019-1028,3/14/2017,32.29515,-110.9823,23.8,,6.041667
04-019-1028,3/20/2017,32.29515,-110.9823,26.9,,7.833333
04-019-1028,3/26/2017,32.29515,-110.9823,19.9,,6.541667
04-019-1028,4/1/2017,32.29515,-110.9823,14.7,,8.208333
04-019-1028,4/7/2017,32.29515,-110.9823,24.1,,7.125
04-019-1028,4/13/2017,32.29515,-110.9823,24.5,,6.833333
04-019-1028,4/19/2017,32.29515,-110.9823,25.6,,4.666667
04-019-1028,4/25/2017,32.29515,-110.9823,25.5,,11.666667
04-019-1028,5/1/2017,32.29515,-110.9823,22.7,,5.25
04-019-1028,5/7/2017,32.29515,-110.9823,23.9,,6.625
04-019-1028,5/19/2017,32.29515,-110.9823,22.5,,3.333333
04-019-1028,5/25/2017,32.29515,-110.9823,31.8,,3.583333
04-019-1028,5/31/2017,32.29515,-110.9823,30.6,,6.375
04-019-1028,6/6/2017,32.29515,-110.9823,32.7,,6.541667
04-019-1028,6/12/2017,32.29515,-110.9823,29.8,,5.541667
04-019-1028,6/24/2017,32.29515,-110.9823,37.1,,15.125
04-019-1028,6/30/2017,32.29515,-110.9823,32.9,,6.416667
04-019-1028,7/6/2017,32.29515,-110.9823,36,,10.208333
04-019-1028,7/12/2017,32.29515,-110.9823,31.9,,8.130435
04-019-1028,7/18/2017,32.29515,-110.9823,28.8,,3.041667
04-019-1028,7/24/2017,32.29515,-110.9823,26.3,,3.75
04-019-1028,7/30/2017,32.29515,-110.9823,26.9,,2
04-019-1028,8/5/2017,32.29515,-110.9823,33.4,,3.125
04-019-1028,8/11/2017,32.29515,-110.9823,29.1,,3.875
04-019-1028,8/17/2017,32.29515,-110.9823,30,,3.291667
04-019-1028,8/23/2017,32.29515,-110.9823,32,,5.391304
04-019-1028,8/29/2017,32.29515,-110.9823,33.6,,7.833333
04-019-1028,9/4/2017,32.29515,-110.9823,31.1,,6.208333
04-019-1028,9/10/2017,32.29515,-110.9823,30.2,,7.25
04-019-1028,9/22/2017,32.29515,-110.9823,28.5,,4.291667
04-019-1028,9/28/2017,32.29515,-110.9823,23.8,,4.875
04-019-1028,10/4/2017,32.29515,-110.9823,28.2,,9
04-019-1028,10/10/2017,32.29515,-110.9823,26,,5.083333
04-019-1028,10/16/2017,32.29515,-110.9823,28.1,,9.083333
04-019-1028,10/22/2017,32.29515,-110.9823,21.9,,10.583333
04-019-1028,10/28/2017,32.29515,-110.9823,22.6,,8.583333
04-019-1028,11/3/2017,32.29515,-110.9823,21.1,,6.375
04-019-1028,11/9/2017,32.29515,-110.9823,20.8,,4.541667
04-019-1028,11/15/2017,32.29515,-110.9823,20.8,,6.208333
04-019-1028,11/21/2017,32.29515,-110.9823,17,,9.541667
04-019-1028,11/27/2017,32.29515,-110.9823,21.7,,9.875
04-019-1028,12/3/2017,32.29515,-110.9823,19.1,,18.916667
04-019-1028,12/9/2017,32.29515,-110.9823,12.9,,5.5
04-019-1028,12/15/2017,32.29515,-110.9823,13.3,,11.166667
04-019-1028,12/21/2017,32.29515,-110.9823,13,,9.125
04-019-1028,12/27/2017,32.29515,-110.9823,14,,11.458333
04-019-1028,1/8/2018,32.29515,-110.9823,17.1,,6.25
04-019-1028,1/14/2018,32.29515,-110.9823,17,,5.708333
04-019-1028,1/20/2018,32.29515,-110.9823,15.8,,6.083333
04-019-1028,1/26/2018,32.29515,-110.9823,14.1,,6.521739
04-019-1028,2/1/2018,32.29515,-110.9823,16.3,,5.708333
04-019-1028,2/7/2018,32.29515,-110.9823,17.5,,5.375
04-019-1028,2/13/2018,32.29515,-110.9823,16.4,,4.25
04-019-1028,2/19/2018,32.29515,-110.9823,17,,6.625
04-019-1028,2/25/2018,32.29515,-110.9823,8.4,,6.125
04-019-1028,3/3/2018,32.29515,-110.9823,16.6,,4.041667
04-019-1028,3/9/2018,32.29515,-110.9823,18.4,,4.083333
04-019-1028,3/15/2018,32.29515,-110.9823,19,,2.5
04-019-1028,3/21/2018,32.29515,-110.9823,19.2,,3.75
04-019-1028,3/27/2018,32.29515,-110.9823,15.1,,3.458333
04-019-1028,4/2/2018,32.29515,-110.9823,22.4,,3.708333
04-019-1028,4/8/2018,32.29515,-110.9823,26.3,,4.5
04-019-1028,4/14/2018,32.29515,-110.9823,16.3,,4.125
04-019-1028,4/20/2018,32.29515,-110.9823,18.8,,9.208333
04-019-1028,5/2/2018,32.29515,-110.9823,18.6,,5.416667
04-019-1028,5/8/2018,32.29515,-110.9823,29.5,,2.625
04-019-1028,5/14/2018,32.29515,-110.9823,26.6,,2.217391
04-019-1028,5/20/2018,32.29515,-110.9823,27.2,,3.791667
04-019-1028,5/26/2018,32.29515,-110.9823,29.5,,1.958333
04-019-1028,6/1/2018,32.29515,-110.9823,28.9,,2.083333
04-019-1028,6/7/2018,32.29515,-110.9823,32.6,,9.833333
04-019-1028,6/13/2018,32.29515,-110.9823,33.8,,5.041667
04-019-1028,6/19/2018,32.29515,-110.9823,29.6,,1.869565
04-019-1028,6/25/2018,32.29515,-110.9823,32.5,,6.291667
04-019-1028,7/1/2018,32.29515,-110.9823,30.3,,1.375
04-019-1028,7/7/2018,32.29515,-110.9823,36.5,,6
04-019-1028,7/13/2018,32.29515,-110.9823,30,,1.791667
04-019-1028,7/19/2018,32.29515,-110.9823,31,,2.130435
04-019-1028,7/25/2018,32.29515,-110.9823,37.3,,5.041667
04-019-1028,7/31/2018,32.29515,-110.9823,32,,2.291667
04-019-1028,8/6/2018,32.29515,-110.9823,36.4,,5.583333
04-019-1028,8/12/2018,32.29515,-110.9823,29.1,,2.583333
04-019-1028,8/18/2018,32.29515,-110.9823,32,,1.791667
04-019-1028,8/30/2018,32.29515,-110.9823,31.4,,2.173913
04-019-1028,9/5/2018,32.29515,-110.9823,27.8,,3.708333
04-019-1028,9/11/2018,32.29515,-110.9823,31.8,,3.391304
04-019-1028,9/17/2018,32.29515,-110.9823,31.8,,5.208333
04-019-1028,9/23/2018,32.29515,-110.9823,29.4,,2.291667
04-019-1028,9/29/2018,32.29515,-110.9823,29.4,,3.782609
04-019-1028,10/11/2018,32.29515,-110.9823,21.5,,2.826087
04-019-1028,10/17/2018,32.29515,-110.9823,17.1,,1.782609
04-019-1028,10/23/2018,32.29515,-110.9823,21.8,,2.263158
04-019-1028,10/29/2018,32.29515,-110.9823,22.7,,3.333333
04-019-1028,11/4/2018,32.29515,-110.9823,18.4,,2.363636
04-019-1028,11/10/2018,32.29515,-110.9823,19.6,,5.708333
04-019-1028,11/16/2018,32.29515,-110.9823,14.5,,4.833333
04-019-1028,11/22/2018,32.29515,-110.9823,14.5,,9.666667
04-019-1028,11/28/2018,32.29515,-110.9823,15.3,,3.608696
04-019-1028,12/4/2018,32.29515,-110.9823,10.1,,6.541667
04-019-1028,12/10/2018,32.29515,-110.9823,14.2,,2.333333
04-019-1028,12/16/2018,32.29515,-110.9823,15.3,,3.047619
04-019-1028,12/22/2018,32.29515,-110.9823,14,,5.333333
04-019-1028,12/28/2018,32.29515,-110.9823,7,,5.363636
04-019-1028,1/3/2019,32.29515,-110.9823,4.2,,8.208333
04-019-1028,1/9/2019,32.29515,-110.9823,14.9,,3.083333
04-019-1028,1/15/2019,32.29515,-110.9823,13.6,,2.708333
04-019-1028,1/21/2019,32.29515,-110.9823,14.4,,2.791667
04-019-1028,1/27/2019,32.29515,-110.9823,11.8,,5.25
04-019-1028,2/2/2019,32.29515,-110.9823,15.4,,2.875
04-019-1028,2/8/2019,32.29515,-110.9823,8.3,,5.75
04-019-1028,2/14/2019,32.29515,-110.9823,16,,3.571429
04-019-1028,2/20/2019,32.29515,-110.9823,5.4,,6.217391
04-019-1028,2/26/2019,32.29515,-110.9823,13.1,,4.173913
04-019-1028,3/4/2019,32.29515,-110.9823,15.9,,3.791667
04-019-1028,3/10/2019,32.29515,-110.9823,13.9,,2.434783
04-019-1028,3/22/2019,32.29515,-110.9823,14,,1.833333
04-019-1028,3/25/2019,32.29515,-110.9823,18.6,,3.347826
04-019-1028,3/28/2019,32.29515,-110.9823,21.4,,5.083333
04-019-1028,3/31/2019,32.29515,-110.9823,18.8,,3.458333
04-019-1028,4/3/2019,32.29515,-110.9823,20.7,,1.416667
04-019-1028,4/6/2019,32.29515,-110.9823,18.3,,1.75
04-019-1028,4/9/2019,32.29515,-110.9823,24.8,,3.25
04-019-1028,4/12/2019,32.29515,-110.9823,17.3,,2.541667
04-019-1028,4/15/2019,32.29515,-110.9823,22.1,,4
04-019-1028,4/18/2019,32.29515,-110.9823,19.6,,2.333333
04-019-1028,4/21/2019,32.29515,-110.9823,24.9,,1.416667
04-019-1028,4/24/2019,32.29515,-110.9823,20.4,,1.875
04-019-1028,5/3/2019,32.29515,-110.9823,23.4,,2.916667
04-019-1028,5/6/2019,32.29515,-110.9823,24.3,,2.541667
04-019-1028,5/9/2019,32.29515,-110.9823,22.9,,3.916667
04-019-1028,5/12/2019,32.29515,-110.9823,19.6,,2.708333
04-019-1028,5/15/2019,32.29515,-110.9823,27.4,,3.25
04-019-1028,5/18/2019,32.29515,-110.9823,20.5,,0.130435
04-019-1028,5/21/2019,32.29515,-110.9823,18.1,,1.909091
04-019-1028,5/24/2019,32.29515,-110.9823,20.6,,0.347826
04-019-1028,5/27/2019,32.29515,-110.9823,22,,-1.5
04-019-1028,5/30/2019,32.29515,-110.9823,24.8,,2.041667
04-019-1028,6/2/2019,32.29515,-110.9823,27.8,,5.708333
04-019-1028,6/5/2019,32.29515,-110.9823,27.9,,3.041667
04-019-1028,6/8/2019,32.29515,-110.9823,29.6,,3.304348
04-019-1028,6/11/2019,32.29515,-110.9823,32.2,,2.875
04-019-1028,6/14/2019,32.29515,-110.9823,32.9,,-0.086957
04-019-1028,6/20/2019,32.29515,-110.9823,30.4,,0.1
04-019-1028,6/23/2019,32.29515,-110.9823,28.8,,2.333333
04-019-1028,6/26/2019,32.29515,-110.9823,30.9,,2.375
04-019-1028,6/29/2019,32.29515,-110.9823,34.8,,3.333333
04-019-1028,7/2/2019,32.29515,-110.9823,34,,2.291667
04-019-1028,7/5/2019,32.29515,-110.9823,33,,3.916667
04-019-1028,7/8/2019,32.29515,-110.9823,30.6,,-0.375
04-019-1028,7/11/2019,32.29515,-110.9823,35.8,,3.291667
04-019-1028,7/14/2019,32.29515,-110.9823,31.1,,2.375
04-019-1028,7/17/2019,32.29515,-110.9823,33.6,,2.25
04-019-1028,7/20/2019,32.29515,-110.9823,33.5,,1.208333
04-019-1028,7/23/2019,32.29515,-110.9823,28.7,,2.086957
04-019-1028,7/29/2019,32.29515,-110.9823,35,,2.521739
04-019-1028,8/1/2019,32.29515,-110.9823,29.3,,1.333333
04-019-1028,8/4/2019,32.29515,-110.9823,33.3,,-0.041667
04-019-1028,8/7/2019,32.29515,-110.9823,30.8,,2.041667
04-019-1028,8/10/2019,32.29515,-110.9823,30,,1.416667
04-019-1028,8/13/2019,32.29515,-110.9823,32.5,,1.125
04-019-1028,8/16/2019,32.29515,-110.9823,34.4,,2.291667
04-019-1028,8/19/2019,32.29515,-110.9823,33.3,,1.083333
04-019-1028,8/22/2019,32.29515,-110.9823,34.3,,1.75
04-019-1028,8/28/2019,32.29515,-110.9823,34.2,,1.041667
04-019-1028,8/31/2019,32.29515,-110.9823,32.7,,1.125
04-019-1028,9/3/2019,32.29515,-110.9823,31,,2.217391
04-019-1028,9/6/2019,32.29515,-110.9823,32.9,,3.083333
04-019-1028,9/12/2019,32.29515,-110.9823,29.4,,1.5
04-019-1028,9/18/2019,32.29515,-110.9823,29,,1.75
04-019-1028,9/24/2019,32.29515,-110.9823,22.1,,-1.105263
04-019-1028,9/27/2019,32.29515,-110.9823,22.9,,-1.190476
04-019-1028,9/30/2019,32.29515,-110.9823,24.4,,0.782609
04-019-1028,10/3/2019,32.29515,-110.9823,25.5,,1.541667
04-019-1028,10/9/2019,32.29515,-110.9823,25.6,,1
04-019-1028,10/12/2019,32.29515,-110.9823,24.9,,2.791667
04-019-1028,10/15/2019,32.29515,-110.9823,23.9,,3.416667
04-019-1028,10/18/2019,32.29515,-110.9823,24.9,,3.958333
04-019-1028,10/21/2019,32.29515,-110.9823,19.4,,3.666667
04-019-1028,10/24/2019,32.29515,-110.9823,21.1,,3.291667
04-019-1028,10/27/2019,32.29515,-110.9823,20.9,,3.458333
04-019-1028,10/30/2019,32.29515,-110.9823,15,,2.75
04-019-1028,11/2/2019,32.29515,-110.9823,20,,6.416667
04-019-1028,11/5/2019,32.29515,-110.9823,21.9,,3.47619
04-019-1028,11/8/2019,32.29515,-110.9823,20.8,,4.291667
04-019-1028,11/11/2019,32.29515,-110.9823,21.9,,4.958333
04-019-1028,11/14/2019,32.29515,-110.9823,18.1,,5.083333
04-019-1028,11/17/2019,32.29515,-110.9823,19.4,,7.375
04-019-1028,11/20/2019,32.29515,-110.9823,17.2,,1.375
04-019-1028,11/23/2019,32.29515,-110.9823,13.4,,5
04-019-1028,11/26/2019,32.29515,-110.9823,13.9,,3.416667
04-019-1028,11/29/2019,32.29515,-110.9823,13.4,,1.652174
04-019-1028,12/5/2019,32.29515,-110.9823,17.7,,1.227273
04-019-1028,12/8/2019,32.29515,-110.9823,16.5,,5.416667
04-019-1028,12/11/2019,32.29515,-110.9823,12.9,,3.5
04-019-1028,12/17/2019,32.29515,-110.9823,7.5,,1.818182
04-019-1028,12/20/2019,32.29515,-110.9823,8.7,,6
04-019-1028,12/23/2019,32.29515,-110.9823,13.9,,3.695652
04-019-1028,12/26/2019,32.29515,-110.9823,9.9,,3.695652
04-019-1028,1/1/2020,32.29515,-110.9823,8.8,,16.583333
04-019-1028,1/4/2020,32.29515,-110.9823,9.6,,5.791667
04-019-1028,1/7/2020,32.29515,-110.9823,12.9,,1.590909
04-019-1028,1/10/2020,32.29515,-110.9823,10.4,,5.652174
04-019-1028,1/13/2020,32.29515,-110.9823,11.1,,4.619048
04-019-1028,1/16/2020,32.29515,-110.9823,14.3,,2.708333
04-019-1028,1/19/2020,32.29515,-110.9823,14,,3.75
04-019-1028,1/22/2020,32.29515,-110.9823,12.6,,3.173913
04-019-1028,1/25/2020,32.29515,-110.9823,14,,3.782609
04-019-1028,1/28/2020,32.29515,-110.9823,11.6,,2.304348
04-019-1028,1/31/2020,32.29515,-110.9823,10.7,,2.26087
04-019-1028,2/3/2020,32.29515,-110.9823,16.6,,3.318182
04-019-1028,2/6/2020,32.29515,-110.9823,4.7,,6.043478
04-019-1028,2/9/2020,32.29515,-110.9823,15.2,,1.52381
04-019-1028,2/12/2020,32.29515,-110.9823,9.4,,0.791667
04-019-1028,2/15/2020,32.29515,-110.9823,13.2,,3.333333
04-019-1028,2/18/2020,32.29515,-110.9823,15.5,,3.913043
04-019-1028,2/21/2020,32.29515,-110.9823,18.6,,2.5
04-019-1028,2/24/2020,32.29515,-110.9823,11.6,,3.391304
04-019-1028,2/27/2020,32.29515,-110.9823,14.4,,2.583333
04-019-1028,3/1/2020,32.29515,-110.9823,17.9,,0.291667
04-019-1028,3/4/2020,32.29515,-110.9823,13,,1.583333
04-019-1028,3/7/2020,32.29515,-110.9823,20.4,,1.708333
04-019-1028,3/10/2020,32.29515,-110.9823,19.7,,1
04-019-1028,3/13/2020,32.29515,-110.9823,16.1,,0.521739
04-019-1028,3/16/2020,32.29515,-110.9823,17.4,,1.478261
04-019-1028,3/19/2020,32.29515,-110.9823,11.9,,1.916667
04-019-1028,3/22/2020,32.29515,-110.9823,16.4,,2.380952
04-019-1028,3/25/2020,32.29515,-110.9823,19.1,,0
04-019-1028,3/28/2020,32.29515,-110.9823,10.9,,0.85
04-019-1028,3/31/2020,32.29515,-110.9823,17.8,,2
04-019-1028,4/9/2020,32.29515,-110.9823,17.7,,1.043478
04-019-1028,4/12/2020,32.29515,-110.9823,13.1,,1.958333
04-019-1028,4/15/2020,32.29515,-110.9823,18.4,,3.291667
04-019-1028,4/18/2020,32.29515,-110.9823,20.5,,2.8
04-019-1028,4/21/2020,32.29515,-110.9823,22.5,,5.347826
04-019-1028,4/24/2020,32.29515,-110.9823,25.8,,5.916667
04-019-1028,4/27/2020,32.29515,-110.9823,28.6,,4.5
04-019-1028,4/30/2020,32.29515,-110.9823,30.8,,9.291667
04-019-1028,5/3/2020,32.29515,-110.9823,28.5,,6
04-019-1028,5/6/2020,32.29515,-110.9823,30,,11.791667
04-019-1028,5/9/2020,32.29515,-110.9823,29.1,,8.958333
04-019-1028,5/12/2020,32.29515,-110.9823,27.6,,6.565217
04-019-1028,5/15/2020,32.29515,-110.9823,26,,4.875
04-019-1028,5/18/2020,32.29515,-110.9823,28.9,,8.956522
04-019-1028,5/21/2020,32.29515,-110.9823,22.6,,5.2
04-019-1028,5/24/2020,32.29515,-110.9823,25.8,,6.833333
04-019-1028,5/27/2020,32.29515,-110.9823,30.1,,4.458333
04-019-1028,5/30/2020,32.29515,-110.9823,33.3,,5.875
04-019-1028,6/2/2020,32.29515,-110.9823,30.8,,5.291667
04-019-1028,6/5/2020,32.29515,-110.9823,33.4,,7.958333
04-019-1028,6/8/2020,32.29515,-110.9823,27.7,,6.478261
04-019-1028,6/11/2020,32.29515,-110.9823,31.3,,15.521739
04-019-1028,6/14/2020,32.29515,-110.9823,32.3,,5.875
04-019-1028,6/17/2020,32.29515,-110.9823,31.8,,3.708333
04-019-1028,6/20/2020,32.29515,-110.9823,30.6,,3.952381
04-019-1028,6/23/2020,32.29515,-110.9823,32.8,,7.166667
04-019-1028,6/26/2020,32.29515,-110.9823,34.6,,3.714286
04-019-1028,6/29/2020,32.29515,-110.9823,31.4,,6.086957
04-019-1028,7/2/2020,32.29515,-110.9823,28.9,,5.625
04-019-1028,7/5/2020,32.29515,-110.9823,34.4,,3.75
04-019-1028,7/8/2020,32.29515,-110.9823,36.1,,5.041667
04-019-1028,7/11/2020,32.29515,-110.9823,36.6,,6.833333
04-019-1028,7/14/2020,32.29515,-110.9823,35.9,,6.583333
04-019-1028,7/17/2020,32.29515,-110.9823,34.3,,5.333333
04-019-1028,7/20/2020,32.29515,-110.9823,34.5,,7.875
04-019-1028,7/23/2020,32.29515,-110.9823,29.4,,4.75
04-019-1028,7/26/2020,32.29515,-110.9823,32.1,,3.291667
04-019-1028,7/29/2020,32.29515,-110.9823,35.1,,3.583333
04-019-1028,8/1/2020,32.29515,-110.9823,35.7,,8.5
04-019-1028,8/4/2020,32.29515,-110.9823,32.4,,5.5
04-019-1028,8/7/2020,32.29515,-110.9823,34.8,,5.041667
04-019-1028,8/10/2020,32.29515,-110.9823,35.1,,6.045455
04-019-1028,8/13/2020,32.29515,-110.9823,35.9,,6.916667
04-019-1028,8/16/2020,32.29515,-110.9823,34.5,,5.041667
04-019-1028,8/19/2020,32.29515,-110.9823,35.9,,9.958333
04-019-1028,8/22/2020,32.29515,-110.9823,31.9,,7.083333
04-019-1028,8/25/2020,32.29515,-110.9823,34.2,,15.541667
04-019-1028,8/28/2020,32.29515,-110.9823,33.4,,10.625
04-019-1028,8/31/2020,32.29515,-110.9823,27.6,,2.2
04-019-1028,9/6/2020,32.29515,-110.9823,35.6,,4.666667
04-019-1028,9/9/2020,32.29515,-110.9823,28.5,,9.608696
04-019-1028,9/12/2020,32.29515,-110.9823,25.7,,14.625
04-019-1028,9/15/2020,32.29515,-110.9823,30.8,,7.791667
04-019-1028,9/18/2020,32.29515,-110.9823,32.4,,14.478261
04-019-1028,9/21/2020,32.29515,-110.9823,31.8,,10.434783
04-019-1028,9/24/2020,32.29515,-110.9823,29.8,,8.416667
04-019-1028,9/27/2020,32.29515,-110.9823,29.8,,4.083333
04-019-1028,9/30/2020,32.29515,-110.9823,29.7,,6.5
04-019-1028,10/3/2020,32.29515,-110.9823,29.3,,7.916667
04-019-1028,10/6/2020,32.29515,-110.9823,28.3,,10.173913
04-019-1028,10/9/2020,32.29515,-110.9823,27.5,,6.083333
04-019-1028,10/12/2020,32.29515,-110.9823,25.1,,14.208333
04-019-1028,10/15/2020,32.29515,-110.9823,26.7,,12.478261
04-019-1028,10/18/2020,32.29515,-110.9823,25.8,,8.875
04-019-1028,10/21/2020,32.29515,-110.9823,25.4,,13.625
04-019-1028,10/24/2020,32.29515,-110.9823,25,,8.875
04-019-1028,10/27/2020,32.29515,-110.9823,8.6,,7.666667
04-019-1028,10/30/2020,32.29515,-110.9823,22.5,,4.190476
04-019-1028,11/2/2020,32.29515,-110.9823,26.9,,5.304348
04-019-1028,11/5/2020,32.29515,-110.9823,24.3,,6.625
04-019-1028,11/8/2020,32.29515,-110.9823,17,,7.291667
04-019-1028,11/11/2020,32.29515,-110.9823,11,,7.208333
04-019-1028,11/14/2020,32.29515,-110.9823,15.3,,7.958333
04-019-1028,11/17/2020,32.29515,-110.9823,23.9,,6.833333
04-019-1028,11/20/2020,32.29515,-110.9823,22.1,,9.041667
04-019-1028,11/23/2020,32.29515,-110.9823,19.6,,6.782609
04-019-1028,11/26/2020,32.29515,-110.9823,13.9,,7.666667
04-019-1028,11/29/2020,32.29515,-110.9823,11.4,,11.125
04-019-1028,12/2/2020,32.29515,-110.9823,11.4,,6.625
04-019-1028,12/5/2020,32.29515,-110.9823,11.3,,13.541667
04-019-1028,12/8/2020,32.29515,-110.9823,19,,6
04-019-1028,12/11/2020,32.29515,-110.9823,12.5,,8.916667
04-019-1028,12/14/2020,32.29515,-110.9823,12.3,,5.818182
04-019-1028,12/17/2020,32.29515,-110.9823,11.9,,9.375
04-019-1028,12/20/2020,32.29515,-110.9823,10.5,,9.25
04-019-1028,12/23/2020,32.29515,-110.9823,13.3,,8.708333
04-019-1028,12/26/2020,32.29515,-110.9823,12.7,,8.083333
04-019-1028,12/29/2020,32.29515,-110.9823,12.6,,4
04-021-3015,1/12/2016,32.884761,-112.03705,8.1,,6.434783
04-021-3015,1/25/2016,32.884761,-112.03705,9.7,,5.541667
04-021-3015,1/31/2016,32.884761,-112.03705,16.4,,7.65
04-021-3015,2/6/2016,32.884761,-112.03705,14.1,,2.833333
04-021-3015,2/12/2016,32.884761,-112.03705,16.4,,9.333333
04-021-3015,2/18/2016,32.884761,-112.03705,19.1,,6.478261
04-021-3015,2/24/2016,32.884761,-112.03705,16.8,,6.791667
04-021-3015,3/1/2016,32.884761,-112.03705,19.3,,9.25
04-021-3015,3/7/2016,32.884761,-112.03705,15.1,,14.375
04-021-3015,3/13/2016,32.884761,-112.03705,15.6,,7.166667
04-021-3015,3/19/2016,32.884761,-112.03705,,,15.5
04-021-3015,3/25/2016,32.884761,-112.03705,18.1,,27.708333
04-021-3015,3/31/2016,32.884761,-112.03705,14.2,,5.916667
04-021-3015,4/6/2016,32.884761,-112.03705,,,18.875
04-021-3015,4/12/2016,32.884761,-112.03705,,,3.565217
04-021-3015,4/18/2016,32.884761,-112.03705,,,3.416667
04-021-3015,4/24/2016,32.884761,-112.03705,,,12.25
04-021-3015,4/30/2016,32.884761,-112.03705,,,12.708333
04-021-3015,5/6/2016,32.884761,-112.03705,21.1,,4.958333
04-021-3015,5/12/2016,32.884761,-112.03705,27.9,,22.652174
04-021-3015,5/18/2016,32.884761,-112.03705,23.3,,7.25
04-021-3015,5/24/2016,32.884761,-112.03705,24.6,,9.5
04-021-3015,5/30/2016,32.884761,-112.03705,26.5,,15.333333
04-021-3015,6/11/2016,32.884761,-112.03705,30.3,,8.708333
04-021-3015,6/17/2016,32.884761,-112.03705,,,39.083333
04-021-3015,6/23/2016,32.884761,-112.03705,,,46.291667
04-021-3015,6/29/2016,32.884761,-112.03705,34.5,,17.083333
04-021-3015,7/5/2016,32.884761,-112.03705,35.7,,17.869565
04-021-3015,7/17/2016,32.884761,-112.03705,35,,23.869565
04-021-3015,7/23/2016,32.884761,-112.03705,37.2,,12.217391
04-021-3015,7/29/2016,32.884761,-112.03705,35.6,,5.684211
04-021-3015,8/4/2016,32.884761,-112.03705,30.5,,6.652174
04-021-3015,8/16/2016,32.884761,-112.03705,35.2,,17.375
04-021-3015,8/22/2016,32.884761,-112.03705,30.3,,4.8
04-021-3015,8/28/2016,32.884761,-112.03705,30.2,,7
04-021-3015,9/3/2016,32.884761,-112.03705,32.6,,9.695652
04-021-3015,9/15/2016,32.884761,-112.03705,27.6,,19.608696
04-021-3015,9/21/2016,32.884761,-112.03705,29.2,,5.681818
04-021-3015,9/27/2016,32.884761,-112.03705,24.7,,12.181818
04-021-3015,10/4/2016,32.884761,-112.03705,20.5,,10.291667
04-021-3015,10/9/2016,32.884761,-112.03705,28.2,,8.090909
04-021-3015,10/15/2016,32.884761,-112.03705,,,13.041667
04-021-3015,10/21/2016,32.884761,-112.03705,,,14.25
04-021-3015,10/27/2016,32.884761,-112.03705,,,29.086957
04-021-3015,11/2/2016,32.884761,-112.03705,,,9.272727
04-021-3015,11/8/2016,32.884761,-112.03705,,,8.458333
04-021-3015,11/14/2016,32.884761,-112.03705,,,17.291667
04-021-3015,11/20/2016,32.884761,-112.03705,,,7.916667
04-021-3015,11/26/2016,32.884761,-112.03705,,,3.833333
04-021-3015,11/27/2016,32.884761,-112.03705,,,2.95
04-021-3015,12/8/2016,32.884761,-112.03705,,,10.375
04-021-3015,12/14/2016,32.884761,-112.03705,15.3,,8.869565
04-021-3015,12/20/2016,32.884761,-112.03705,16.7,,7.5
04-021-3015,12/29/2016,32.884761,-112.03705,14.4,,11.833333
04-021-3015,1/4/2017,32.884761,-112.03705,12,,12.916667
04-021-3015,1/7/2017,32.884761,-112.03705,10.9,,6.5
04-021-3015,1/13/2017,32.884761,-112.03705,,,18.166667
04-021-3015,1/19/2017,32.884761,-112.03705,10.6,,4.833333
04-021-3015,1/25/2017,32.884761,-112.03705,,,2.478261
04-021-3015,1/31/2017,32.884761,-112.03705,,,8.041667
04-021-3015,2/6/2017,32.884761,-112.03705,14.5,,8.625
04-021-3015,2/12/2017,32.884761,-112.03705,,,0.875
04-021-3015,2/18/2017,32.884761,-112.03705,,,6.5
04-021-3015,2/24/2017,32.884761,-112.03705,,,6.333333
04-021-3015,3/2/2017,32.884761,-112.03705,,,4.541667
04-021-3015,3/8/2017,32.884761,-112.03705,,,12.125
04-021-3015,3/14/2017,32.884761,-112.03705,,,16.25
04-021-3015,3/20/2017,32.884761,-112.03705,,,21.666667
04-021-3015,3/26/2017,32.884761,-112.03705,,,9.791667
04-021-3015,4/1/2017,32.884761,-112.03705,15,,7.125
04-021-3015,4/7/2017,32.884761,-112.03705,23.2,,19.166667
04-021-3015,4/13/2017,32.884761,-112.03705,24.2,,28.791667
04-021-3015,4/19/2017,32.884761,-112.03705,,,5.291667
04-021-3015,4/26/2017,32.884761,-112.03705,24.4,,5.208333
04-021-3015,5/1/2017,32.884761,-112.03705,,,21.083333
04-021-3015,5/7/2017,32.884761,-112.03705,19.4,,6.541667
04-021-3015,5/13/2017,32.884761,-112.03705,,,6.875
04-021-3015,5/19/2017,32.884761,-112.03705,21.9,,3.086957
04-021-3015,5/25/2017,32.884761,-112.03705,30.9,,5.083333
04-021-3015,5/31/2017,32.884761,-112.03705,,,8.782609
04-021-3015,6/6/2017,32.884761,-112.03705,,,15.25
04-021-3015,6/12/2017,32.884761,-112.03705,27.3,,11.791667
04-021-3015,6/18/2017,32.884761,-112.03705,,,24.291667
04-021-3015,6/24/2017,32.884761,-112.03705,,,30.75
04-021-3015,6/30/2017,32.884761,-112.03705,,,34.65
04-021-3015,7/6/2017,32.884761,-112.03705,,,22.208333
04-021-3015,8/29/2017,32.884761,-112.03705,,,25.125
04-021-3015,9/4/2017,32.884761,-112.03705,31.9,,7.291667
04-021-3015,9/12/2017,32.884761,-112.03705,,,8.083333
04-021-3015,9/16/2017,32.884761,-112.03705,,,14.25
04-021-3015,9/22/2017,32.884761,-112.03705,,,8.826087
04-021-3015,9/28/2017,32.884761,-112.03705,,,18.375
04-021-3015,10/4/2017,32.884761,-112.03705,,,14.238095
04-021-3015,10/16/2017,32.884761,-112.03705,,,19.791667
04-021-3015,10/24/2017,32.884761,-112.03705,,,32.272727
04-021-3015,10/28/2017,32.884761,-112.03705,,,23.416667
04-021-3015,11/9/2017,32.884761,-112.03705,,,13.125
04-021-3015,11/15/2017,32.884761,-112.03705,,,32.166667
04-021-3015,11/21/2017,32.884761,-112.03705,,,16.416667
04-021-3015,11/27/2017,32.884761,-112.03705,,,18.25
04-021-3015,12/3/2017,32.884761,-112.03705,,,24.333333
04-021-3015,12/9/2017,32.884761,-112.03705,,,12
04-021-3015,12/15/2017,32.884761,-112.03705,,,8.291667
04-021-3015,12/21/2017,32.884761,-112.03705,,,6.041667
04-021-3015,12/27/2017,32.884761,-112.03705,,,14.416667
04-021-3015,1/3/2018,32.884761,-112.03705,,,10.25
04-021-3015,1/8/2018,32.884761,-112.03705,,,13.708333
04-021-3015,1/14/2018,32.884761,-112.03705,,,5.125
04-021-3015,1/20/2018,32.884761,-112.03705,,,5.208333
04-021-3015,1/26/2018,32.884761,-112.03705,12.6,,5.625
04-021-3015,2/1/2018,32.884761,-112.03705,,,18.208333
04-021-3015,2/7/2018,32.884761,-112.03705,,,6.333333
04-021-3015,2/13/2018,32.884761,-112.03705,17.6,,6.565217
04-021-3015,2/19/2018,32.884761,-112.03705,15.2,,10.25
04-021-3015,2/25/2018,32.884761,-112.03705,,,6.458333
04-021-3015,3/3/2018,32.884761,-112.03705,,,5.041667
04-021-3015,3/9/2018,32.884761,-112.03705,18.9,,12.541667
04-021-3015,3/15/2018,32.884761,-112.03705,17,,9.375
04-021-3015,3/21/2018,32.884761,-112.03705,19.1,,22.541667
04-021-3015,3/27/2018,32.884761,-112.03705,15.7,,10.625
04-021-3015,4/2/2018,32.884761,-112.03705,,,5.833333
04-021-3015,4/8/2018,32.884761,-112.03705,,,7.625
04-021-3015,4/14/2018,32.884761,-112.03705,,,7.791667
04-021-3015,4/20/2018,32.884761,-112.03705,17.4,,17
04-021-3015,4/26/2018,32.884761,-112.03705,26.9,,14.916667
04-021-3015,5/2/2018,32.884761,-112.03705,17.7,,15.333333
04-021-3015,5/8/2018,32.884761,-112.03705,,,19.833333
04-021-3015,5/14/2018,32.884761,-112.03705,,,9.5
04-021-3015,5/20/2018,32.884761,-112.03705,27.6,,14.958333
04-021-3015,5/26/2018,32.884761,-112.03705,,,9.958333
04-021-3015,6/1/2018,32.884761,-112.03705,,,14.304348
04-021-3015,6/7/2018,32.884761,-112.03705,31.5,,25.875
04-021-3015,6/19/2018,32.884761,-112.03705,30.4,,10.125
04-021-3015,6/25/2018,32.884761,-112.03705,,,24.333333
04-021-3015,7/1/2018,32.884761,-112.03705,30.9,,33
04-021-3015,7/7/2018,32.884761,-112.03705,37.8,,41.833333
04-021-3015,7/13/2018,32.884761,-112.03705,33.6,,7.166667
04-021-3015,7/19/2018,32.884761,-112.03705,34.3,,1.916667
04-021-3015,7/25/2018,32.884761,-112.03705,38.6,,10.26087
04-021-3015,7/31/2018,32.884761,-112.03705,33.2,,10.25
04-021-3015,8/6/2018,32.884761,-112.03705,,,10.166667
04-021-3015,8/12/2018,32.884761,-112.03705,31.1,,14.458333
04-021-3015,8/18/2018,32.884761,-112.03705,,,5.083333
04-021-3015,8/24/2018,32.884761,-112.03705,30.6,,13.333333
04-021-3015,8/30/2018,32.884761,-112.03705,32.6,,11.458333
04-021-3015,9/5/2018,32.884761,-112.03705,,,11.625
04-021-3015,9/11/2018,32.884761,-112.03705,33.2,,16.416667
04-021-3015,9/17/2018,32.884761,-112.03705,,,20.5
04-021-3015,9/18/2018,32.884761,-112.03705,33,,16.291667
04-021-3015,9/23/2018,32.884761,-112.03705,31,,8.333333
04-021-3015,9/29/2018,32.884761,-112.03705,30.7,,10
04-021-3015,10/5/2018,32.884761,-112.03705,,,2.217391
04-021-3015,10/17/2018,32.884761,-112.03705,,,2.666667
04-021-3015,10/23/2018,32.884761,-112.03705,,,4.25
04-021-3015,10/29/2018,32.884761,-112.03705,22.4,,4.625
04-021-3015,11/10/2018,32.884761,-112.03705,18.3,,6.708333
04-021-3015,11/16/2018,32.884761,-112.03705,,,11.25
04-021-3015,11/22/2018,32.884761,-112.03705,13.9,,12.25
04-021-3015,11/28/2018,32.884761,-112.03705,13.6,,7.666667
04-021-3015,12/4/2018,32.884761,-112.03705,,,7
04-021-3015,12/10/2018,32.884761,-112.03705,,,7.25
04-021-3015,12/16/2018,32.884761,-112.03705,,,5.791667
04-021-3015,12/22/2018,32.884761,-112.03705,11.6,,8.541667
04-021-3015,12/28/2018,32.884761,-112.03705,6.6,,3.26087
04-021-3015,1/3/2019,32.884761,-112.03705,,,5.916667
04-021-3015,1/9/2019,32.884761,-112.03705,12.8,,7.5
04-021-3015,1/15/2019,32.884761,-112.03705,14,,2.166667
04-021-3015,1/21/2019,32.884761,-112.03705,12.9,,1.666667
04-021-3015,1/27/2019,32.884761,-112.03705,11.5,,5.583333
04-021-3015,2/2/2019,32.884761,-112.03705,16.8,,4.291667
04-021-3015,2/8/2019,32.884761,-112.03705,7.7,,8.166667
04-021-3015,2/14/2019,32.884761,-112.03705,13.7,,3.916667
04-021-3015,2/20/2019,32.884761,-112.03705,6.5,,1.75
04-021-3015,2/26/2019,32.884761,-112.03705,12.5,,11.458333
04-021-3015,3/4/2019,32.884761,-112.03705,15.5,,5.75
04-021-3015,3/10/2019,32.884761,-112.03705,12.8,,4.875
04-021-3015,3/16/2019,32.884761,-112.03705,,,7.625
04-021-3015,3/22/2019,32.884761,-112.03705,13.8,,3.083333
04-021-3015,3/28/2019,32.884761,-112.03705,,,19.791667
04-021-3015,4/3/2019,32.884761,-112.03705,19.7,,7.458333
04-021-3015,4/9/2019,32.884761,-112.03705,25.5,,19.375
04-021-3015,4/15/2019,32.884761,-112.03705,,,10.291667
04-021-3015,4/21/2019,32.884761,-112.03705,24.5,,6.913043
04-021-3015,4/27/2019,32.884761,-112.03705,27.5,,16.666667
04-021-3015,5/3/2019,32.884761,-112.03705,24.1,,20.458333
04-021-3015,5/9/2019,32.884761,-112.03705,23.7,,12.25
04-021-3015,5/15/2019,32.884761,-112.03705,29,,5.458333
04-021-3015,5/21/2019,32.884761,-112.03705,19.9,,8.625
04-021-3015,5/27/2019,32.884761,-112.03705,20.7,,5
04-021-3015,6/2/2019,32.884761,-112.03705,28.1,,9.458333
04-021-3015,6/8/2019,32.884761,-112.03705,29.1,,11.25
04-021-3015,6/14/2019,32.884761,-112.03705,31.7,,9.333333
04-021-3015,6/20/2019,32.884761,-112.03705,30.7,,17.5
04-021-3015,6/26/2019,32.884761,-112.03705,30.6,,23.333333
04-021-3015,7/2/2019,32.884761,-112.03705,34,,25.375
04-021-3015,7/14/2019,32.884761,-112.03705,36.3,,18.25
04-021-3015,7/20/2019,32.884761,-112.03705,35,,14.333333
04-021-3015,7/27/2019,32.884761,-112.03705,37.3,,8.583333
04-021-3015,8/1/2019,32.884761,-112.03705,32,,11.458333
04-021-3015,8/7/2019,32.884761,-112.03705,34,,7.5
04-021-3015,8/13/2019,32.884761,-112.03705,34.7,,9.958333
04-021-3015,8/19/2019,32.884761,-112.03705,33.4,,23.208333
04-021-3015,8/25/2019,32.884761,-112.03705,32.9,,1.833333
04-021-3015,8/31/2019,32.884761,-112.03705,34.9,,8.291667
04-021-3015,9/6/2019,32.884761,-112.03705,,,10.666667
04-021-3015,9/12/2019,32.884761,-112.03705,31,,10.041667
04-021-3015,9/24/2019,32.884761,-112.03705,24,,1.333333
04-021-3015,9/30/2019,32.884761,-112.03705,24.5,,6.041667
04-021-3015,10/6/2019,32.884761,-112.03705,25.4,,12.666667
04-021-3015,10/12/2019,32.884761,-112.03705,23.2,,9.458333
04-021-3015,10/18/2019,32.884761,-112.03705,23,,9.416667
04-021-3015,10/24/2019,32.884761,-112.03705,21,,10.625
04-021-3015,10/30/2019,32.884761,-112.03705,13.8,,7.333333
04-021-3015,11/5/2019,32.884761,-112.03705,21.3,,34.458333
04-021-3015,11/11/2019,32.884761,-112.03705,21.7,,15.583333
04-021-3015,11/19/2019,32.884761,-112.03705,16.1,,22.791667
04-021-3015,11/23/2019,32.884761,-112.03705,13.5,,5.541667
04-021-3015,12/5/2019,32.884761,-112.03705,15.6,,7.916667
04-021-3015,12/11/2019,32.884761,-112.03705,11.1,,5.625
04-021-3015,12/17/2019,32.884761,-112.03705,9.5,,2.125
04-021-3015,12/29/2019,32.884761,-112.03705,4.5,,3
04-021-3015,1/4/2020,32.884761,-112.03705,9.2,,5.416667
04-021-3015,1/10/2020,32.884761,-112.03705,9.4,,3.125
04-021-3015,1/16/2020,32.884761,-112.03705,11.4,,11.083333
04-021-3015,1/22/2020,32.884761,-112.03705,11.8,,4.166667
04-021-3015,1/28/2020,32.884761,-112.03705,11.1,,5
04-021-3015,1/30/2020,32.884761,-112.03705,11.2,,2.083333
04-021-3015,2/9/2020,32.884761,-112.03705,14.8,,8.458333
04-021-3015,2/15/2020,32.884761,-112.03705,12.1,,4.916667
04-021-3015,2/21/2020,32.884761,-112.03705,19.3,,16.291667
04-021-3015,2/27/2020,32.884761,-112.03705,12.8,,4.208333
04-021-3015,3/4/2020,32.884761,-112.03705,13.6,,3.166667
04-021-3015,3/10/2020,32.884761,-112.03705,18.2,,5.541667
04-021-3015,3/16/2020,32.884761,-112.03705,16.9,,1.875
04-021-3015,3/22/2020,32.884761,-112.03705,15.8,,4.958333
04-021-3015,3/28/2020,32.884761,-112.03705,12.6,,11.875
04-021-3015,4/3/2020,32.884761,-112.03705,20.3,,9.416667
04-021-3015,4/9/2020,32.884761,-112.03705,14.9,,12.166667
04-021-3015,4/15/2020,32.884761,-112.03705,17.9,,7.791667
04-021-3015,4/21/2020,32.884761,-112.03705,20.6,,14.958333
04-021-3015,4/27/2020,32.884761,-112.03705,28.8,,14.5
04-021-3015,5/3/2020,32.884761,-112.03705,28.1,,13.5
04-021-3015,5/9/2020,32.884761,-112.03705,30.3,,13.625
04-021-3015,5/15/2020,32.884761,-112.03705,25.7,,13.791667
04-021-3015,5/21/2020,32.884761,-112.03705,23.1,,18.916667
04-021-3015,5/27/2020,32.884761,-112.03705,30.7,,11.958333
04-021-3015,6/2/2020,32.884761,-112.03705,33.7,,11.7
04-021-3015,6/8/2020,32.884761,-112.03705,24.6,,9.625
04-021-3015,6/14/2020,32.884761,-112.03705,30.2,,26.583333
04-021-3015,6/20/2020,32.884761,-112.03705,31.1,,19.416667
04-021-3015,6/26/2020,32.884761,-112.03705,33.4,,43.041667
04-021-3015,7/2/2020,32.884761,-112.03705,31.3,,48.083333
04-021-3015,7/14/2020,32.884761,-112.03705,35.6,,21.458333
04-021-3015,7/21/2020,32.884761,-112.03705,35.5,,18.416667
04-021-3015,7/26/2020,32.884761,-112.03705,34.4,,22.25
04-021-3015,8/1/2020,32.884761,-112.03705,36.8,,18.5
04-021-3015,8/7/2020,32.884761,-112.03705,34.3,,22.791667
04-021-3015,8/13/2020,32.884761,-112.03705,36.2,,17.583333
04-021-3015,8/19/2020,32.884761,-112.03705,36.7,,19.208333
04-021-3015,8/25/2020,32.884761,-112.03705,35.5,,39.333333
04-021-3015,8/31/2020,32.884761,-112.03705,29.2,,4.25
04-021-3015,9/6/2020,32.884761,-112.03705,34.9,,25.416667
04-021-3015,9/18/2020,32.884761,-112.03705,32.1,,29.625
04-021-3015,9/24/2020,32.884761,-112.03705,30.4,,31.375
04-021-3015,9/30/2020,32.884761,-112.03705,28,,67.333333
04-021-3015,10/6/2020,32.884761,-112.03705,28.3,,39.041667
04-021-3015,10/12/2020,32.884761,-112.03705,25.6,,54.565217
04-021-3015,10/18/2020,32.884761,-112.03705,25.3,,37.208333
04-021-3015,10/24/2020,32.884761,-112.03705,23.9,,16.916667
04-021-3015,10/30/2020,32.884761,-112.03705,19.5,,9.833333
04-021-3015,11/5/2020,32.884761,-112.03705,24.2,,24.958333
04-021-3015,11/11/2020,32.884761,-112.03705,9.9,,15.791667
04-021-3015,11/17/2020,32.884761,-112.03705,19,,20.416667
04-021-3015,11/23/2020,32.884761,-112.03705,18.4,,28.285714
04-021-3015,11/29/2020,32.884761,-112.03705,11.2,,12.833333
04-021-3015,12/5/2020,32.884761,-112.03705,9,,13.708333
04-021-3015,12/11/2020,32.884761,-112.03705,11.5,,6.333333
04-021-3015,12/17/2020,32.884761,-112.03705,8,,8.333333
04-021-3015,12/23/2020,32.884761,-112.03705,9.5,,10.869565
04-021-3015,12/29/2020,32.884761,-112.03705,8.5,,3.541667
06-019-0011,1/1/2016,36.78538,-119.77321,4.3,,45.545833
06-019-0011,1/13/2016,36.78538,-119.77321,10.7,,11.854167
06-019-0011,1/25/2016,36.78538,-119.77321,8.7,,19.154167
06-019-0011,2/6/2016,36.78538,-119.77321,9.8,,24.854167
06-019-0011,2/18/2016,36.78538,-119.77321,13.5,,3.404167
06-019-0011,3/13/2016,36.78538,-119.77321,12.3,,6.617391
06-019-0011,4/18/2016,36.78538,-119.77321,22.9,,6.875
06-019-0011,4/30/2016,36.78538,-119.77321,17.9,,7.682609
06-019-0011,5/12/2016,36.78538,-119.77321,25.8,,10.783333
06-019-0011,5/24/2016,36.78538,-119.77321,19,,3.391304
06-019-0011,6/5/2016,36.78538,-119.77321,30.2,,9.466667
06-019-0011,6/17/2016,36.78538,-119.77321,22.1,,3.170833
06-019-0011,6/29/2016,36.78538,-119.77321,33.1,,4.754167
06-019-0011,7/11/2016,36.78538,-119.77321,24.4,,5.630435
06-019-0011,7/23/2016,36.78538,-119.77321,28.6,,7.725
06-019-0011,8/4/2016,36.78538,-119.77321,29.2,,12.945833
06-019-0011,8/16/2016,36.78538,-119.77321,29.7,,15.375
06-019-0011,8/28/2016,36.78538,-119.77321,24.8,,11.25
06-019-0011,9/9/2016,36.78538,-119.77321,25.9,,17.191667
06-019-0011,9/21/2016,36.78538,-119.77321,26.1,,9.033333
06-019-0011,10/3/2016,36.78538,-119.77321,16.7,,4.833333
06-019-0011,10/15/2016,36.78538,-119.77321,21.3,,4.582609
06-019-0011,10/27/2016,36.78538,-119.77321,19.7,,15.0375
06-019-0011,11/8/2016,36.78538,-119.77321,17.1,,26.420833
06-019-0011,11/20/2016,36.78538,-119.77321,13.6,,15.391667
06-019-0011,12/2/2016,36.78538,-119.77321,6.6,,34.191667
06-019-0011,12/14/2016,36.78538,-119.77321,13.2,,20.508333
06-019-0011,12/26/2016,36.78538,-119.77321,4.1,,19.229167
06-019-0011,1/7/2017,36.78538,-119.77321,9.4,,11.3
06-019-0011,1/31/2017,36.78538,-119.77321,9.7,,40
06-019-0011,2/24/2017,36.78538,-119.77321,6.4,,11.1
06-019-0011,3/20/2017,36.78538,-119.77321,18.6,,6.5
06-019-0011,3/25/2017,36.78538,-119.77321,12.6,,5
06-019-0011,3/26/2017,36.78538,-119.77321,13.4,,7.5
06-019-0011,3/27/2017,36.78538,-119.77321,14.4,,2.3
06-019-0011,3/28/2017,36.78538,-119.77321,12.9,,5.6
06-019-0011,3/29/2017,36.78538,-119.77321,15.6,,6.7
06-019-0011,3/30/2017,36.78538,-119.77321,16.7,,6.1
06-019-0011,3/31/2017,36.78538,-119.77321,12.8,,7.5
06-019-0011,4/2/2017,36.78538,-119.77321,18.1,,8.8
06-019-0011,4/3/2017,36.78538,-119.77321,18.7,,5.8
06-019-0011,4/4/2017,36.78538,-119.77321,17.3,,7.6
06-019-0011,4/5/2017,36.78538,-119.77321,19.2,,8.6
06-019-0011,4/6/2017,36.78538,-119.77321,20.2,,9.2
06-019-0011,4/7/2017,36.78538,-119.77321,14.9,,1.4
06-019-0011,4/13/2017,36.78538,-119.77321,16.4,,2.9
06-019-0011,4/25/2017,36.78538,-119.77321,15.6,,4.1
06-019-0011,5/7/2017,36.78538,-119.77321,14.4,,7
06-019-0011,5/19/2017,36.78538,-119.77321,22.9,,9.6
06-019-0011,5/31/2017,36.78538,-119.77321,21.1,,2.9
06-019-0011,6/12/2017,36.78538,-119.77321,16.3,,4.4
06-019-0011,6/24/2017,36.78538,-119.77321,31.5,,10.9
06-019-0011,7/6/2017,36.78538,-119.77321,30.1,,8.8
06-019-0011,7/18/2017,36.78538,-119.77321,31.2,,9.2
06-019-0011,7/30/2017,36.78538,-119.77321,30.4,,8.1
06-019-0011,8/11/2017,36.78538,-119.77321,29,,12.4
06-019-0011,8/23/2017,36.78538,-119.77321,28.2,,12.5
06-019-0011,9/4/2017,36.78538,-119.77321,32.6,,19.2
06-019-0011,9/16/2017,36.78538,-119.77321,22.7,,10.4
06-019-0011,10/10/2017,36.78538,-119.77321,19.7,,16.4
06-019-0011,10/22/2017,36.78538,-119.77321,15.1,,19
06-019-0011,11/3/2017,36.78538,-119.77321,16.1,,14.6
06-019-0011,11/15/2017,36.78538,-119.77321,14.6,,17
06-019-0011,11/27/2017,36.78538,-119.77321,15.6,,5.4
06-019-0011,12/9/2017,36.78538,-119.77321,8.7,,46.3
06-019-0011,12/21/2017,36.78538,-119.77321,5.3,,29.8
06-019-0011,1/2/2018,36.78538,-119.77321,9.9,,78.495833
06-019-0011,1/14/2018,36.78538,-119.77321,10.3,,30.391667
06-019-0011,1/26/2018,36.78538,-119.77321,8.2,,17.708333
06-019-0011,2/7/2018,36.78538,-119.77321,15.8,,32.058333
06-019-0011,2/19/2018,36.78538,-119.77321,8.7,,5.3875
06-019-0011,3/3/2018,36.78538,-119.77321,10.2,,3.1375
06-019-0011,3/15/2018,36.78538,-119.77321,11.4,,3.6125
06-019-0011,3/27/2018,36.78538,-119.77321,12.9,,9.991667
06-019-0011,4/8/2018,36.78538,-119.77321,16,,5.108333
06-019-0011,5/2/2018,36.78538,-119.77321,17.2,,8.583333
06-019-0011,5/14/2018,36.78538,-119.77321,20.4,,5.858333
06-019-0011,5/26/2018,36.78538,-119.77321,18.1,,6.041667
06-019-0011,6/7/2018,36.78538,-119.77321,21.3,,7.766667
06-019-0011,7/13/2018,36.78538,-119.77321,32.1,,9.995833
06-019-0011,7/25/2018,36.78538,-119.77321,32.1,,10.091667
06-019-0011,8/6/2018,36.78538,-119.77321,27.7,,58.733333
06-019-0011,8/18/2018,36.78538,-119.77321,31.8,,11.654167
06-019-0011,8/30/2018,36.78538,-119.77321,23.7,,14.45
06-019-0011,9/11/2018,36.78538,-119.77321,26.7,,12.230435
06-019-0011,9/23/2018,36.78538,-119.77321,26.3,,10.728571
06-019-0011,10/17/2018,36.78538,-119.77321,19.2,,12.570833
06-019-0011,10/29/2018,36.78538,-119.77321,18.8,,5.575
06-019-0011,11/10/2018,36.78538,-119.77321,12.8,,37.579167
06-019-0011,11/22/2018,36.78538,-119.77321,13.7,,15.595833
06-019-0011,12/4/2018,36.78538,-119.77321,10.7,,12.16087
06-019-0011,12/16/2018,36.78538,-119.77321,10.6,,18.004167
06-019-0011,1/3/2019,36.78538,-119.77321,6.1,,26.7
06-019-0011,1/9/2019,36.78538,-119.77321,13.6,,8.2
06-019-0011,1/27/2019,36.78538,-119.77321,11.7,,30.2
06-019-0011,2/2/2019,36.78538,-119.77321,13.7,,2.5
06-019-0011,2/14/2019,36.78538,-119.77321,16.6,,2.8
06-019-0011,2/22/2019,36.78538,-119.77321,6.3,,11.1
06-019-0011,2/26/2019,36.78538,-119.77321,15.1,,6.9
06-019-0011,3/10/2019,36.78538,-119.77321,9.8,,6.6
06-019-0011,3/22/2019,36.78538,-119.77321,13.1,,6.7
06-019-0011,4/3/2019,36.78538,-119.77321,14.8,,4
06-019-0011,4/15/2019,36.78538,-119.77321,19.8,,2.9
06-019-0011,4/27/2019,36.78538,-119.77321,24.8,,11.2
06-019-0011,5/9/2019,36.78538,-119.77321,22.3,,8.7
06-019-0011,5/21/2019,36.78538,-119.77321,15.4,,2.8
06-019-0011,6/2/2019,36.78538,-119.77321,26.3,,9.1
06-019-0011,6/14/2019,36.78538,-119.77321,27.9,,6.9
06-019-0011,6/26/2019,36.78538,-119.77321,25.8,,5.2
06-019-0011,7/20/2019,36.78538,-119.77321,27.2,,8.9
06-019-0011,8/1/2019,36.78538,-119.77321,29.1,,9.2
06-019-0011,8/13/2019,36.78538,-119.77321,29.4,,9.4
06-019-0011,8/25/2019,36.78538,-119.77321,31.1,,9.5
06-019-0011,9/6/2019,36.78538,-119.77321,29.5,,5.6
06-019-0011,9/18/2019,36.78538,-119.77321,21.9,,3.1
06-019-0011,9/30/2019,36.78538,-119.77321,16.4,,4.1
06-019-0011,10/12/2019,36.78538,-119.77321,18.2,,15.5
06-019-0011,10/24/2019,36.78538,-119.77321,20.6,,13
06-019-0011,11/5/2019,36.78538,-119.77321,16.6,,25.1
06-019-0011,11/17/2019,36.78538,-119.77321,14.8,,26.9
06-019-0011,11/29/2019,36.78538,-119.77321,7.4,,5.3
06-019-0011,12/11/2019,36.78538,-119.77321,9.4,,24.7
06-019-0011,12/24/2019,36.78538,-119.77321,9.2,,18.1
06-019-0011,1/4/2020,36.78538,-119.77321,11.4,,14.6
06-019-0011,1/16/2020,36.78538,-119.77321,9.4,,9.7
06-019-0011,1/28/2020,36.78538,-119.77321,10.8,,10.8
06-019-0011,2/9/2020,36.78538,-119.77321,10.3,,11.3
06-019-0011,2/21/2020,36.78538,-119.77321,14.2,,17.1
06-019-0011,3/4/2020,36.78538,-119.77321,15.8,,15
06-019-0011,3/18/2020,36.78538,-119.77321,9.8,,3.9
06-019-0011,3/28/2020,36.78538,-119.77321,11.3,,7.7
06-019-0011,4/21/2020,36.78538,-119.77321,15.1,,6.6
06-019-0011,5/3/2020,36.78538,-119.77321,20.3,,3.8
06-019-0011,5/15/2020,36.78538,-119.77321,20.1,,4.3
06-019-0011,5/29/2020,36.78538,-119.77321,30.6,,7.3
06-019-0011,6/8/2020,36.78538,-119.77321,19,,3.2
06-019-0011,6/20/2020,36.78538,-119.77321,29.8,,7.8
06-019-0011,7/2/2020,36.78538,-119.77321,26.9,,8
06-019-0011,7/16/2020,36.78538,-119.77321,29.6,,8
06-019-0011,7/26/2020,36.78538,-119.77321,30,,7.8
06-019-0011,8/7/2020,36.78538,-119.77321,26.3,,4.5
06-019-0011,8/19/2020,36.78538,-119.77321,34.5,,30.3
06-019-0011,8/31/2020,36.78538,-119.77321,28.7,,40.7
06-019-0011,9/12/2020,36.78538,-119.77321,22.3,,72.6
06-019-0011,9/26/2020,36.78538,-119.77321,24,,15.5
06-019-0011,10/9/2020,36.78538,-119.77321,19.7,,22.2
06-019-0011,10/18/2020,36.78538,-119.77321,24.3,,26.7
06-019-0011,10/30/2020,36.78538,-119.77321,17,,28.4
06-019-0011,11/11/2020,36.78538,-119.77321,9.3,,22.5
06-019-0011,11/23/2020,36.78538,-119.77321,11.5,,28.3
06-019-0011,12/5/2020,36.78538,-119.77321,11.4,,31.2
06-053-1003,1/1/2016,36.694261,-121.623271,6,,15.375
06-053-1003,1/7/2016,36.694261,-121.623271,9.1,,2.375
06-053-1003,1/13/2016,36.694261,-121.623271,12.3,,3.375
06-053-1003,1/19/2016,36.694261,-121.623271,13.3,,4.125
06-053-1003,1/31/2016,36.694261,-121.623271,10.2,,3
06-053-1003,2/6/2016,36.694261,-121.623271,12,,5.541667
06-053-1003,2/12/2016,36.694261,-121.623271,13.3,,7.625
06-053-1003,2/18/2016,36.694261,-121.623271,13.1,,3.375
06-053-1003,2/24/2016,36.694261,-121.623271,13.9,,6.25
06-053-1003,3/1/2016,36.694261,-121.623271,15.5,,1.217391
06-053-1003,3/7/2016,36.694261,-121.623271,11.3,,1.041667
06-053-1003,3/19/2016,36.694261,-121.623271,13.7,,3.416667
06-053-1003,3/25/2016,36.694261,-121.623271,14.2,,6.541667
06-053-1003,3/31/2016,36.694261,-121.623271,12.9,,4.947368
06-053-1003,4/6/2016,36.694261,-121.623271,19.7,,5.875
06-053-1003,4/12/2016,36.694261,-121.623271,14.1,,5.125
06-053-1003,4/18/2016,36.694261,-121.623271,18.3,,4.083333
06-053-1003,4/24/2016,36.694261,-121.623271,14.6,,6.375
06-053-1003,4/30/2016,36.694261,-121.623271,14.6,,8.541667
06-053-1003,5/6/2016,36.694261,-121.623271,14.3,,5
06-053-1003,5/12/2016,36.694261,-121.623271,13.6,,5.708333
06-053-1003,5/18/2016,36.694261,-121.623271,16.7,,9.5
06-053-1003,5/24/2016,36.694261,-121.623271,15.3,,1.333333
06-053-1003,5/30/2016,36.694261,-121.623271,14.3,,7.041667
06-053-1003,6/5/2016,36.694261,-121.623271,15.7,,3.166667
06-053-1003,6/11/2016,36.694261,-121.623271,16,,7.041667
06-053-1003,6/17/2016,36.694261,-121.623271,17.7,,2.25
06-053-1003,6/23/2016,36.694261,-121.623271,16.5,,7
06-053-1003,6/29/2016,36.694261,-121.623271,13.7,,8.791667
06-053-1003,7/5/2016,36.694261,-121.623271,15.3,,2.708333
06-053-1003,7/11/2016,36.694261,-121.623271,16.2,,7.916667
06-053-1003,7/17/2016,36.694261,-121.623271,14.8,,2.916667
06-053-1003,7/23/2016,36.694261,-121.623271,17.1,,11
06-053-1003,7/29/2016,36.694261,-121.623271,15.2,,1.958333
06-053-1003,8/4/2016,36.694261,-121.623271,15.1,,6.291667
06-053-1003,8/10/2016,36.694261,-121.623271,15.4,,28.708333
06-053-1003,8/16/2016,36.694261,-121.623271,15.1,,1.875
06-053-1003,8/22/2016,36.694261,-121.623271,16.7,,4.166667
06-053-1003,8/28/2016,36.694261,-121.623271,17.6,,6.791667
06-053-1003,9/3/2016,36.694261,-121.623271,15.5,,6.625
06-053-1003,9/9/2016,36.694261,-121.623271,14.8,,7.833333
06-053-1003,9/15/2016,36.694261,-121.623271,15.5,,8.125
06-053-1003,9/21/2016,36.694261,-121.623271,15.8,,9.083333
06-053-1003,9/27/2016,36.694261,-121.623271,21.3,,5.708333
06-053-1003,10/3/2016,36.694261,-121.623271,14.6,,2.541667
06-053-1003,10/9/2016,36.694261,-121.623271,16.1,,4.875
06-053-1003,10/15/2016,36.694261,-121.623271,19.8,,3.333333
06-053-1003,10/21/2016,36.694261,-121.623271,15.8,,5.291667
06-053-1003,10/27/2016,36.694261,-121.623271,15.6,,2.833333
06-053-1003,11/2/2016,36.694261,-121.623271,13.7,,4.083333
06-053-1003,11/20/2016,36.694261,-121.623271,14.7,,1.583333
06-053-1003,12/2/2016,36.694261,-121.623271,9.5,,6.708333
06-053-1003,12/8/2016,36.694261,-121.623271,11.2,,2.5
06-053-1003,12/14/2016,36.694261,-121.623271,12.4,,4.217391
06-053-1003,12/20/2016,36.694261,-121.623271,8.5,,3.791667
06-053-1003,12/26/2016,36.694261,-121.623271,8.4,,5
06-053-1003,1/1/2017,36.694261,-121.623271,7.5,,14.9
06-053-1003,1/7/2017,36.694261,-121.623271,10.8,,0.9
06-053-1003,1/13/2017,36.694261,-121.623271,7.6,,3.9
06-053-1003,1/19/2017,36.694261,-121.623271,10.3,,3.7
06-053-1003,1/25/2017,36.694261,-121.623271,6.5,,3
06-053-1003,1/31/2017,36.694261,-121.623271,12.2,,3.7
06-053-1003,2/6/2017,36.694261,-121.623271,14.1,,2.7
06-053-1003,2/12/2017,36.694261,-121.623271,10.7,,3.4
06-053-1003,2/18/2017,36.694261,-121.623271,12.2,,5.2
06-053-1003,2/24/2017,36.694261,-121.623271,6.7,,3
06-053-1003,3/2/2017,36.694261,-121.623271,11.5,,2.7
06-053-1003,3/8/2017,36.694261,-121.623271,11.8,,4.3
06-053-1003,3/14/2017,36.694261,-121.623271,16.8,,5.1
06-053-1003,3/20/2017,36.694261,-121.623271,13.2,,3.7
06-053-1003,3/26/2017,36.694261,-121.623271,12.7,,2.9
06-053-1003,4/1/2017,36.694261,-121.623271,14,,7.8
06-053-1003,4/7/2017,36.694261,-121.623271,14.6,,2.7
06-053-1003,4/13/2017,36.694261,-121.623271,14.7,,1
06-053-1003,4/19/2017,36.694261,-121.623271,14.4,,1.9
06-053-1003,4/25/2017,36.694261,-121.623271,14.2,,2.2
06-053-1003,5/1/2017,36.694261,-121.623271,17.7,,10.2
06-053-1003,5/7/2017,36.694261,-121.623271,13.3,,13.9
06-053-1003,5/13/2017,36.694261,-121.623271,12.8,,2.4
06-053-1003,5/19/2017,36.694261,-121.623271,16.4,,7.3
06-053-1003,5/25/2017,36.694261,-121.623271,15.4,,3.9
06-053-1003,5/31/2017,36.694261,-121.623271,15.8,,2.3
06-053-1003,6/6/2017,36.694261,-121.623271,15,,7.3
06-053-1003,6/12/2017,36.694261,-121.623271,15.7,,6
06-053-1003,6/18/2017,36.694261,-121.623271,19.2,,15.7
06-053-1003,6/24/2017,36.694261,-121.623271,16.4,,1.1
06-053-1003,6/30/2017,36.694261,-121.623271,14.8,,6.6
06-053-1003,7/6/2017,36.694261,-121.623271,16.1,,5
06-053-1003,7/12/2017,36.694261,-121.623271,15.6,,9.3
06-053-1003,7/18/2017,36.694261,-121.623271,16.2,,8.6
06-053-1003,7/24/2017,36.694261,-121.623271,15.6,,1.8
06-053-1003,7/30/2017,36.694261,-121.623271,15.3,,1.2
06-053-1003,8/5/2017,36.694261,-121.623271,18.6,,0.9
06-053-1003,8/11/2017,36.694261,-121.623271,16.4,,9.6
06-053-1003,8/17/2017,36.694261,-121.623271,17.9,,7
06-053-1003,8/23/2017,36.694261,-121.623271,16.3,,9.5
06-053-1003,8/29/2017,36.694261,-121.623271,16.4,,9
06-053-1003,9/4/2017,36.694261,-121.623271,21.6,,42.2
06-053-1003,9/10/2017,36.694261,-121.623271,19.2,,8.5
06-053-1003,9/16/2017,36.694261,-121.623271,15.8,,10.5
06-053-1003,9/22/2017,36.694261,-121.623271,14.3,,2.5
06-053-1003,9/28/2017,36.694261,-121.623271,19.7,,4.8
06-053-1003,10/4/2017,36.694261,-121.623271,14.2,,5.5
06-053-1003,10/12/2017,36.694261,-121.623271,13.4,,25.5
06-053-1003,10/16/2017,36.694261,-121.623271,19.8,,7.7
06-053-1003,11/3/2017,36.694261,-121.623271,15.1,,4
06-053-1003,11/9/2017,36.694261,-121.623271,16.9,,1.2
06-053-1003,11/15/2017,36.694261,-121.623271,14.9,,1
06-053-1003,11/21/2017,36.694261,-121.623271,17.4,,2.2
06-053-1003,11/27/2017,36.694261,-121.623271,13.7,,2
06-053-1003,12/9/2017,36.694261,-121.623271,13.3,,3.2
06-053-1003,12/15/2017,36.694261,-121.623271,11.1,,9.7
06-053-1003,12/21/2017,36.694261,-121.623271,6.4,,3.1
06-053-1003,12/27/2017,36.694261,-121.623271,8.9,,5.1
06-053-1003,1/2/2018,36.694261,-121.623271,13.9,,10.041667
06-053-1003,1/8/2018,36.694261,-121.623271,13.4,,1.25
06-053-1003,1/14/2018,36.694261,-121.623271,14.8,,4.333333
06-053-1003,1/20/2018,36.694261,-121.623271,8.9,,2.208333
06-053-1003,1/26/2018,36.694261,-121.623271,8.4,,2.208333
06-053-1003,2/1/2018,36.694261,-121.623271,13.4,,5.125
06-053-1003,2/7/2018,36.694261,-121.623271,15.9,,1.916667
06-053-1003,2/13/2018,36.694261,-121.623271,9.7,,2.041667
06-053-1003,2/19/2018,36.694261,-121.623271,8.6,,2.458333
06-053-1003,2/25/2018,36.694261,-121.623271,8.8,,5.458333
06-053-1003,3/3/2018,36.694261,-121.623271,9.1,,1.125
06-053-1003,3/9/2018,36.694261,-121.623271,12.6,,2.541667
06-053-1003,3/15/2018,36.694261,-121.623271,10.2,,0.708333
06-053-1003,3/22/2018,36.694261,-121.623271,15.4,,1.333333
06-053-1003,3/27/2018,36.694261,-121.623271,12.3,,3.916667
06-053-1003,4/8/2018,36.694261,-121.623271,14.3,,6.125
06-053-1003,4/14/2018,36.694261,-121.623271,14.6,,7.583333
06-053-1003,4/26/2018,36.694261,-121.623271,13.5,,6.583333
06-053-1003,5/2/2018,36.694261,-121.623271,13.8,,6.5
06-053-1003,5/8/2018,36.694261,-121.623271,14.9,,3.416667
06-053-1003,5/14/2018,36.694261,-121.623271,14.1,,1.791667
06-053-1003,5/20/2018,36.694261,-121.623271,13.9,,4.291667
06-053-1003,5/26/2018,36.694261,-121.623271,14.3,,4.458333
06-053-1003,6/1/2018,36.694261,-121.623271,14.7,,4.25
06-053-1003,6/7/2018,36.694261,-121.623271,15.3,,5.25
06-053-1003,6/13/2018,36.694261,-121.623271,16.2,,10
06-053-1003,6/19/2018,36.694261,-121.623271,15.3,,5.625
06-053-1003,7/1/2018,36.694261,-121.623271,15.6,,3.541667
06-053-1003,7/7/2018,36.694261,-121.623271,19.1,,7.166667
06-053-1003,7/13/2018,36.694261,-121.623271,17.4,,2.75
06-053-1003,7/19/2018,36.694261,-121.623271,16.6,,6
06-053-1003,7/25/2018,36.694261,-121.623271,17.1,,7.75
06-053-1003,7/31/2018,36.694261,-121.623271,14.6,,5.041667
06-053-1003,8/6/2018,36.694261,-121.623271,15.9,,5.125
06-053-1003,8/12/2018,36.694261,-121.623271,16.8,,4.333333
06-053-1003,8/18/2018,36.694261,-121.623271,16.5,,11.208333
06-053-1003,8/24/2018,36.694261,-121.623271,17.6,,34.708333
06-053-1003,8/30/2018,36.694261,-121.623271,17.9,,8.434783
06-053-1003,9/11/2018,36.694261,-121.623271,15.8,,5.958333
06-053-1003,9/17/2018,36.694261,-121.623271,16.1,,2.125
06-053-1003,9/23/2018,36.694261,-121.623271,13.9,,8.791667
06-053-1003,9/29/2018,36.694261,-121.623271,16.4,,5.041667
06-053-1003,10/5/2018,36.694261,-121.623271,16.8,,2.875
06-053-1003,10/11/2018,36.694261,-121.623271,15.6,,4.125
06-053-1003,10/17/2018,36.694261,-121.623271,13.9,,6.208333
06-053-1003,10/23/2018,36.694261,-121.623271,14.5,,4.166667
06-053-1003,10/29/2018,36.694261,-121.623271,16,,3.875
06-053-1003,11/4/2018,36.694261,-121.623271,14.1,,6.166667
06-053-1003,11/10/2018,36.694261,-121.623271,12.1,,64.083333
06-053-1003,11/16/2018,36.694261,-121.623271,12.5,,42
06-053-1003,11/22/2018,36.694261,-121.623271,14.4,,3.166667
06-053-1003,11/28/2018,36.694261,-121.623271,14.4,,0.347826
06-053-1003,12/4/2018,36.694261,-121.623271,11.7,,3.375
06-053-1003,12/10/2018,36.694261,-121.623271,10.2,,6.958333
06-053-1003,12/16/2018,36.694261,-121.623271,10.9,,3.25
06-053-1003,12/22/2018,36.694261,-121.623271,13.1,,6
06-053-1003,12/28/2018,36.694261,-121.623271,9.7,,4.75
06-053-1003,1/3/2019,36.694261,-121.623271,7.4,,5.7
06-053-1003,1/9/2019,36.694261,-121.623271,14.6,,1.5
06-053-1003,1/15/2019,36.694261,-121.623271,11.1,,1.3
06-053-1003,1/21/2019,36.694261,-121.623271,10.9,,3.4
06-053-1003,1/27/2019,36.694261,-121.623271,13.2,,5.1
06-053-1003,2/2/2019,36.694261,-121.623271,13,,2.6
06-053-1003,2/14/2019,36.694261,-121.623271,15.6,,2.6
06-053-1003,2/20/2019,36.694261,-121.623271,10.3,,2
06-053-1003,2/26/2019,36.694261,-121.623271,12.8,,2.2
06-053-1003,3/4/2019,36.694261,-121.623271,12.2,,3.1
06-053-1003,3/10/2019,36.694261,-121.623271,9.7,,2
06-053-1003,3/29/2019,36.694261,-121.623271,13.2,,3.8
06-053-1003,4/3/2019,36.694261,-121.623271,14.1,,0.5
06-053-1003,4/15/2019,36.694261,-121.623271,13.2,,5.9
06-053-1003,4/21/2019,36.694261,-121.623271,13.8,,7.1
06-053-1003,4/27/2019,36.694261,-121.623271,13.5,,4.8
06-053-1003,5/3/2019,36.694261,-121.623271,14.4,,7.1
06-053-1003,5/9/2019,36.694261,-121.623271,14.7,,2.5
06-053-1003,5/15/2019,36.694261,-121.623271,16.3,,2.4
06-053-1003,5/21/2019,36.694261,-121.623271,14.1,,3.6
06-053-1003,5/27/2019,36.694261,-121.623271,14.7,,2.9
06-053-1003,6/2/2019,36.694261,-121.623271,17.1,,0.7
06-053-1003,6/8/2019,36.694261,-121.623271,19.7,,7
06-053-1003,7/2/2019,36.694261,-121.623271,15.9,,4.9
06-053-1003,7/8/2019,36.694261,-121.623271,15.7,,2.5
06-053-1003,7/14/2019,36.694261,-121.623271,15.1,,3.7
06-053-1003,7/20/2019,36.694261,-121.623271,17.7,,1.9
06-053-1003,7/26/2019,36.694261,-121.623271,16,,1.4
06-053-1003,8/1/2019,36.694261,-121.623271,16.1,,0
06-053-1003,8/7/2019,36.694261,-121.623271,15.7,,3.8
06-053-1003,8/13/2019,36.694261,-121.623271,18.8,,5.3
06-053-1003,8/19/2019,36.694261,-121.623271,17.4,,0.1
06-053-1003,8/25/2019,36.694261,-121.623271,17.7,,6.6
06-053-1003,8/31/2019,36.694261,-121.623271,17.8,,4.8
06-053-1003,9/6/2019,36.694261,-121.623271,18.1,,2.9
06-053-1003,9/12/2019,36.694261,-121.623271,20.3,,5.9
06-053-1003,10/6/2019,36.694261,-121.623271,18.6,,3.5
06-053-1003,10/12/2019,36.694261,-121.623271,15.6,,6.2
06-053-1003,10/18/2019,36.694261,-121.623271,14.4,,5.2
06-053-1003,10/24/2019,36.694261,-121.623271,20.7,,4.6
06-053-1003,10/30/2019,36.694261,-121.623271,13.4,,9
06-053-1003,11/5/2019,36.694261,-121.623271,12.5,,8
06-053-1003,11/11/2019,36.694261,-121.623271,13.9,,5.9
06-053-1003,11/17/2019,36.694261,-121.623271,13.9,,8
06-053-1003,11/23/2019,36.694261,-121.623271,12.3,,8.1
06-053-1003,11/29/2019,36.694261,-121.623271,6.3,,2.5
06-053-1003,12/5/2019,36.694261,-121.623271,13.2,,0.3
06-053-1003,12/11/2019,36.694261,-121.623271,13.1,,3.7
06-053-1003,1/4/2020,36.694261,-121.623271,10.4,,5.5
06-053-1003,1/10/2020,36.694261,-121.623271,7.6,,3.1
06-053-1003,1/16/2020,36.694261,-121.623271,7.6,,0
06-053-1003,1/22/2020,36.694261,-121.623271,13.3,,0.7
06-053-1003,1/28/2020,36.694261,-121.623271,12,,1.3
06-053-1003,2/3/2020,36.694261,-121.623271,7.9,,2.1
06-053-1003,2/9/2020,36.694261,-121.623271,10.1,,3.7
06-053-1003,2/15/2020,36.694261,-121.623271,9.6,,6.1
06-053-1003,2/21/2020,36.694261,-121.623271,12.2,,7.8
06-053-1003,2/27/2020,36.694261,-121.623271,14.6,,5.3
06-053-1003,3/4/2020,36.694261,-121.623271,13.5,,5.6
06-053-1003,3/10/2020,36.694261,-121.623271,15.1,,2.4
06-053-1003,3/16/2020,36.694261,-121.623271,10.1,,-0.2
06-053-1003,3/22/2020,36.694261,-121.623271,12.9,,1.6
06-053-1003,3/28/2020,36.694261,-121.623271,10.8,,6.3
06-053-1003,4/3/2020,36.694261,-121.623271,11.3,,3.7
06-053-1003,4/15/2020,36.694261,-121.623271,15.2,,4.6
06-053-1003,4/21/2020,36.694261,-121.623271,15.1,,3.3
06-053-1003,4/27/2020,36.694261,-121.623271,15.4,,3.5
06-053-1003,5/3/2020,36.694261,-121.623271,16.1,,3.5
06-053-1003,5/9/2020,36.694261,-121.623271,13.8,,6.5
06-053-1003,5/15/2020,36.694261,-121.623271,17.2,,1.8
06-053-1003,5/27/2020,36.694261,-121.623271,20.6,,9.3
06-053-1003,6/2/2020,36.694261,-121.623271,18.8,,9.2
06-053-1003,6/8/2020,36.694261,-121.623271,16.6,,4.7
06-053-1003,6/20/2020,36.694261,-121.623271,15.8,,1.9
06-053-1003,6/26/2020,36.694261,-121.623271,17.5,,1.9
06-053-1003,7/2/2020,36.694261,-121.623271,16.9,,2.8
06-053-1003,7/8/2020,36.694261,-121.623271,16.6,,6.1
06-053-1003,7/14/2020,36.694261,-121.623271,16.8,,3.8
06-053-1003,7/20/2020,36.694261,-121.623271,17.8,,1.2
06-053-1003,8/1/2020,36.694261,-121.623271,18.1,,1.6
06-053-1003,8/7/2020,36.694261,-121.623271,18.4,,7.1
06-053-1003,8/13/2020,36.694261,-121.623271,20.8,,8.4
06-053-1003,8/31/2020,36.694261,-121.623271,15.6,,5.1
06-053-1003,9/6/2020,36.694261,-121.623271,24.8,,23.4
06-053-1003,9/12/2020,36.694261,-121.623271,15.2,,69
06-053-1003,9/18/2020,36.694261,-121.623271,19.9,,5.5
06-053-1003,9/24/2020,36.694261,-121.623271,20.1,,3
06-053-1003,9/30/2020,36.694261,-121.623271,17.8,,10.4
06-053-1003,10/6/2020,36.694261,-121.623271,14.1,,8.4
06-053-1003,10/12/2020,36.694261,-121.623271,18.4,,5.9
06-053-1003,10/18/2020,36.694261,-121.623271,18.5,,7
06-053-1003,10/24/2020,36.694261,-121.623271,16.3,,8
06-053-1003,11/5/2020,36.694261,-121.623271,16.4,,3.7
06-053-1003,11/11/2020,36.694261,-121.623271,10,,5.1
06-053-1003,11/17/2020,36.694261,-121.623271,16.6,,4.8
06-053-1003,12/5/2020,36.694261,-121.623271,11.3,,11.6
06-053-1003,12/11/2020,36.694261,-121.623271,10.8,,7.7
06-053-1003,12/17/2020,36.694261,-121.623271,12.4,,5.2
06-053-1003,12/23/2020,36.694261,-121.623271,8.8,,5.6
06-053-1003,12/29/2020,36.694261,-121.623271,9.1,,7.1
06-059-0007,5/1/2017,33.83062,-117.93845,21.8,,11.7
06-059-0007,5/7/2017,33.83062,-117.93845,13.5,,4.2
06-059-0007,5/13/2017,33.83062,-117.93845,19.2,,9.8
06-059-0007,5/19/2017,33.83062,-117.93845,22.4,,11.1
06-059-0007,5/25/2017,33.83062,-117.93845,17.9,,4.8
06-059-0007,5/31/2017,33.83062,-117.93845,18.1,,10.4
06-059-0007,6/6/2017,33.83062,-117.93845,18.4,,9
06-059-0007,6/12/2017,33.83062,-117.93845,19.1,,7.4
06-059-0007,6/18/2017,33.83062,-117.93845,22.9,,12.1
06-059-0007,6/24/2017,33.83062,-117.93845,21.5,,13
06-059-0007,6/30/2017,33.83062,-117.93845,21,,14.2
06-059-0007,7/6/2017,33.83062,-117.93845,24.8,,12.7
06-059-0007,7/12/2017,33.83062,-117.93845,24.6,,12
06-059-0007,7/18/2017,33.83062,-117.93845,24.4,,15
06-059-0007,7/24/2017,33.83062,-117.93845,23.1,,9.5
06-059-0007,7/30/2017,33.83062,-117.93845,24.3,,10.6
06-059-0007,8/5/2017,33.83062,-117.93845,23.8,,8.1
06-059-0007,8/11/2017,33.83062,-117.93845,24.4,,16.8
06-059-0007,8/17/2017,33.83062,-117.93845,22.9,,11.7
06-059-0007,8/23/2017,33.83062,-117.93845,22.2,,13.1
06-059-0007,8/29/2017,33.83062,-117.93845,27.1,,23.9
06-059-0007,9/4/2017,33.83062,-117.93845,24.3,,13.5
06-059-0007,9/10/2017,33.83062,-117.93845,25,,14.5
06-059-0007,9/16/2017,33.83062,-117.93845,21.7,,9.9
06-059-0007,9/22/2017,33.83062,-117.93845,18.9,,7.8
06-059-0007,9/28/2017,33.83062,-117.93845,23.6,,15.5
06-059-0007,10/4/2017,33.83062,-117.93845,20.3,,17.5
06-059-0007,10/10/2017,33.83062,-117.93845,21.6,,20.5
06-059-0007,10/16/2017,33.83062,-117.93845,25,,14.1
06-059-0007,10/22/2017,33.83062,-117.93845,23.8,,7.4
06-059-0007,10/28/2017,33.83062,-117.93845,19.7,,28
06-059-0007,11/3/2017,33.83062,-117.93845,18.3,,7.6
06-059-0007,11/9/2017,33.83062,-117.93845,19.1,,5.7
06-059-0007,11/15/2017,33.83062,-117.93845,18.5,,30.9
06-059-0007,12/3/2017,33.83062,-117.93845,15.2,,19
06-059-0007,12/9/2017,33.83062,-117.93845,20.1,,5.9
06-059-0007,12/15/2017,33.83062,-117.93845,15.9,,16.3
06-059-0007,12/21/2017,33.83062,-117.93845,10.7,,7.7
06-059-0007,12/27/2017,33.83062,-117.93845,14.2,,56.2
06-059-0007,1/2/2018,33.83062,-117.93845,16.1,,68.083333
06-059-0007,1/8/2018,33.83062,-117.93845,17.4,,21.725
06-059-0007,1/14/2018,33.83062,-117.93845,20.8,,6.4375
06-059-0007,1/20/2018,33.83062,-117.93845,13.3,,4.915
06-059-0007,1/26/2018,33.83062,-117.93845,12.6,,9.871429
06-059-0007,2/1/2018,33.83062,-117.93845,16.9,,22.679167
06-059-0007,2/7/2018,33.83062,-117.93845,18.1,,17.645833
06-059-0007,2/13/2018,33.83062,-117.93845,14.4,,5.190476
06-059-0007,2/19/2018,33.83062,-117.93845,12.3,,3.045
06-059-0007,2/25/2018,33.83062,-117.93845,13,,8.6375
06-059-0007,3/3/2018,33.83062,-117.93845,13.3,,5.716667
06-059-0007,3/9/2018,33.83062,-117.93845,15.9,,6.27619
06-059-0007,3/15/2018,33.83062,-117.93845,15.4,,2.683333
06-059-0007,3/21/2018,33.83062,-117.93845,17.5,,9.125
06-059-0007,3/27/2018,33.83062,-117.93845,16.8,,6.025
06-059-0007,4/2/2018,33.83062,-117.93845,16.8,,8.670833
06-059-0007,4/8/2018,33.83062,-117.93845,19,,11.675
06-059-0007,4/14/2018,33.83062,-117.93845,21.4,,11.933333
06-059-0007,4/20/2018,33.83062,-117.93845,17,,11.195833
06-059-0007,4/26/2018,33.83062,-117.93845,16.8,,16.933333
06-059-0007,5/2/2018,33.83062,-117.93845,14.8,,7.509091
06-059-0007,5/8/2018,33.83062,-117.93845,19,,10.4125
06-059-0007,5/14/2018,33.83062,-117.93845,18,,7.45
06-059-0007,5/20/2018,33.83062,-117.93845,18.5,,7.295833
06-059-0007,5/26/2018,33.83062,-117.93845,18.4,,2.575
06-059-0007,6/1/2018,33.83062,-117.93845,20,,8.691667
06-059-0007,6/7/2018,33.83062,-117.93845,20.7,,9.491667
06-059-0007,6/13/2018,33.83062,-117.93845,22.1,,12.391667
06-059-0007,6/19/2018,33.83062,-117.93845,20.2,,11.736842
06-059-0007,6/25/2018,33.83062,-117.93845,21.6,,10.133333
06-059-0007,7/1/2018,33.83062,-117.93845,21.7,,4.958333
06-059-0007,7/7/2018,33.83062,-117.93845,29.3,,17.3625
06-059-0007,7/31/2018,33.83062,-117.93845,27.6,,8.170833
06-059-0007,8/6/2018,33.83062,-117.93845,27.9,,13.758333
06-019-0011,1/1/2016,36.78538,-119.77321,4.3,,43.666667
06-019-0011,1/13/2016,36.78538,-119.77321,10.7,,12.052174
06-019-0011,1/25/2016,36.78538,-119.77321,8.7,,20.020833
06-019-0011,2/6/2016,36.78538,-119.77321,9.8,,26.195833
06-019-0011,2/18/2016,36.78538,-119.77321,13.5,,4.929167
06-019-0011,3/13/2016,36.78538,-119.77321,12.3,,7.083333
06-019-0011,4/18/2016,36.78538,-119.77321,22.9,,8.691667
06-019-0011,4/30/2016,36.78538,-119.77321,17.9,,7.134783
06-019-0011,5/12/2016,36.78538,-119.77321,25.8,,12.1875
06-019-0011,5/24/2016,36.78538,-119.77321,19,,5.920833
06-019-0011,6/5/2016,36.78538,-119.77321,30.2,,10.879167
06-019-0011,6/17/2016,36.78538,-119.77321,22.1,,5.779167
06-019-0011,6/29/2016,36.78538,-119.77321,33.1,,8.46087
06-019-0011,7/11/2016,36.78538,-119.77321,24.4,,7.616667
06-019-0011,7/23/2016,36.78538,-119.77321,28.6,,5.3125
06-019-0011,8/4/2016,36.78538,-119.77321,29.2,,9.079167
06-019-0011,8/16/2016,36.78538,-119.77321,29.7,,13.2
06-019-0011,8/28/2016,36.78538,-119.77321,24.8,,12.490909
06-019-0011,9/9/2016,36.78538,-119.77321,25.9,,15.469565
06-019-0011,9/21/2016,36.78538,-119.77321,26.1,,5.066667
06-019-0011,10/3/2016,36.78538,-119.77321,16.7,,1.766667
06-019-0011,10/15/2016,36.78538,-119.77321,21.3,,4.208333
06-019-0011,10/27/2016,36.78538,-119.77321,19.7,,13.229167
06-019-0011,11/8/2016,36.78538,-119.77321,17.1,,27.120833
06-019-0011,11/20/2016,36.78538,-119.77321,13.6,,10.520833
06-019-0011,12/2/2016,36.78538,-119.77321,6.6,,31.308333
06-019-0011,12/14/2016,36.78538,-119.77321,13.2,,15.783333
06-019-0011,12/26/2016,36.78538,-119.77321,4.1,,15.929167
06-019-0011,1/7/2017,36.78538,-119.77321,9.4,,9.4
06-019-0011,1/31/2017,36.78538,-119.77321,9.7,,39.5
06-019-0011,2/24/2017,36.78538,-119.77321,6.4,,6.8
06-019-0011,3/25/2017,36.78538,-119.77321,12.6,,6
06-019-0011,3/26/2017,36.78538,-119.77321,13.4,,6.7
06-019-0011,3/27/2017,36.78538,-119.77321,14.4,,1.7
06-019-0011,3/28/2017,36.78538,-119.77321,12.9,,5.6
06-019-0011,3/29/2017,36.78538,-119.77321,15.6,,10.2
06-019-0011,3/30/2017,36.78538,-119.77321,16.7,,9.1
06-019-0011,3/31/2017,36.78538,-119.77321,12.8,,7.6
06-019-0011,4/2/2017,36.78538,-119.77321,18.1,,10.8
06-019-0011,4/3/2017,36.78538,-119.77321,18.7,,6.5
06-019-0011,4/4/2017,36.78538,-119.77321,17.3,,8.8
06-019-0011,4/5/2017,36.78538,-119.77321,19.2,,11.7
06-019-0011,4/6/2017,36.78538,-119.77321,20.2,,11.1
06-019-0011,4/7/2017,36.78538,-119.77321,14.9,,4
06-019-0011,4/13/2017,36.78538,-119.77321,16.4,,4.6
06-019-0011,4/25/2017,36.78538,-119.77321,15.6,,3.8
06-019-0011,5/7/2017,36.78538,-119.77321,14.4,,8.5
06-019-0011,5/19/2017,36.78538,-119.77321,22.9,,9.4
06-019-0011,5/31/2017,36.78538,-119.77321,21.1,,5.4
06-019-0011,6/12/2017,36.78538,-119.77321,16.3,,1.3
06-019-0011,6/24/2017,36.78538,-119.77321,31.5,,11.3
06-019-0011,7/6/2017,36.78538,-119.77321,30.1,,5.3
06-019-0011,7/18/2017,36.78538,-119.77321,31.2,,8.4
06-019-0011,7/30/2017,36.78538,-119.77321,30.4,,8.4
06-019-0011,8/11/2017,36.78538,-119.77321,29,,16.5
06-019-0011,8/23/2017,36.78538,-119.77321,28.2,,19.6
06-019-0011,9/4/2017,36.78538,-119.77321,32.6,,20.9
06-019-0011,9/16/2017,36.78538,-119.77321,22.7,,15.2
06-019-0011,10/10/2017,36.78538,-119.77321,19.7,,17.3
06-019-0011,10/22/2017,36.78538,-119.77321,15.1,,13.8
06-019-0011,11/3/2017,36.78538,-119.77321,16.1,,11.5
06-019-0011,11/15/2017,36.78538,-119.77321,14.6,,14.5
06-019-0011,12/9/2017,36.78538,-119.77321,8.7,,43.4
06-019-0011,12/21/2017,36.78538,-119.77321,5.3,,26.3
06-019-0011,1/2/2018,36.78538,-119.77321,9.9,,75.62381
06-019-0011,1/14/2018,36.78538,-119.77321,10.3,,28.1125
06-019-0011,1/26/2018,36.78538,-119.77321,8.2,,14.1125
06-019-0011,2/7/2018,36.78538,-119.77321,15.8,,30.4875
06-019-0011,2/19/2018,36.78538,-119.77321,8.7,,2.342857
06-019-0011,3/15/2018,36.78538,-119.77321,11.4,,-0.011111
06-019-0011,3/27/2018,36.78538,-119.77321,12.9,,6.475
06-019-0011,4/8/2018,36.78538,-119.77321,16,,2.420833
06-019-0011,5/2/2018,36.78538,-119.77321,17.2,,5.625
06-019-0011,5/14/2018,36.78538,-119.77321,20.4,,3.883333
06-019-0011,5/26/2018,36.78538,-119.77321,18.1,,1.8125
06-019-0011,6/7/2018,36.78538,-119.77321,21.3,,4.9
06-019-0011,7/13/2018,36.78538,-119.77321,32.1,,5.516667
06-019-0011,7/25/2018,36.78538,-119.77321,32.1,,6.8125
06-019-0011,8/6/2018,36.78538,-119.77321,27.7,,53.941667
06-019-0011,8/18/2018,36.78538,-119.77321,31.8,,7.708333
06-019-0011,8/30/2018,36.78538,-119.77321,23.7,,11.054167
06-019-0011,9/11/2018,36.78538,-119.77321,26.7,,7.914286
06-019-0011,9/23/2018,36.78538,-119.77321,26.3,,6.266667
06-019-0011,10/5/2018,36.78538,-119.77321,19.7,,3.0375
06-019-0011,10/17/2018,36.78538,-119.77321,19.2,,8.595833
06-019-0011,10/29/2018,36.78538,-119.77321,18.8,,1.883333
06-019-0011,11/10/2018,36.78538,-119.77321,12.8,,33.6375
06-019-0011,11/22/2018,36.78538,-119.77321,13.7,,14.558333
06-019-0011,12/4/2018,36.78538,-119.77321,10.7,,12.233333
06-019-0011,12/16/2018,36.78538,-119.77321,10.6,,17.383333
06-019-0011,1/3/2019,36.78538,-119.77321,6.1,,27.3
06-019-0011,1/9/2019,36.78538,-119.77321,13.6,,10.6
06-019-0011,1/27/2019,36.78538,-119.77321,11.7,,31.1
06-019-0011,2/2/2019,36.78538,-119.77321,13.7,,5.7
06-019-0011,2/14/2019,36.78538,-119.77321,16.6,,4.5
06-019-0011,2/22/2019,36.78538,-119.77321,6.3,,12
06-019-0011,2/26/2019,36.78538,-119.77321,15.1,,7.4
06-019-0011,3/10/2019,36.78538,-119.77321,9.8,,6.4
06-019-0011,3/22/2019,36.78538,-119.77321,13.1,,7.7
06-019-0011,4/3/2019,36.78538,-119.77321,14.8,,3.4
06-019-0011,4/15/2019,36.78538,-119.77321,19.8,,3.5
06-019-0011,4/27/2019,36.78538,-119.77321,24.8,,11.1
06-019-0011,5/9/2019,36.78538,-119.77321,22.3,,10.2
06-019-0011,5/21/2019,36.78538,-119.77321,15.4,,2.5
06-019-0011,6/2/2019,36.78538,-119.77321,26.3,,9.5
06-019-0011,6/14/2019,36.78538,-119.77321,27.9,,6.7
06-019-0011,6/26/2019,36.78538,-119.77321,25.8,,3.8
06-019-0011,7/20/2019,36.78538,-119.77321,27.2,,8.9
06-019-0011,8/1/2019,36.78538,-119.77321,29.1,,10.4
06-019-0011,8/13/2019,36.78538,-119.77321,29.4,,9.8
06-019-0011,8/25/2019,36.78538,-119.77321,31.1,,8.9
06-019-0011,9/6/2019,36.78538,-119.77321,29.5,,6.8
06-019-0011,9/18/2019,36.78538,-119.77321,21.9,,5.7
06-019-0011,9/30/2019,36.78538,-119.77321,16.4,,5.2
06-019-0011,10/12/2019,36.78538,-119.77321,18.2,,15.6
06-019-0011,10/24/2019,36.78538,-119.77321,20.6,,14
06-019-0011,11/5/2019,36.78538,-119.77321,16.6,,25.5
06-019-0011,11/17/2019,36.78538,-119.77321,14.8,,29.9
06-019-0011,11/29/2019,36.78538,-119.77321,7.4,,4.6
06-019-0011,12/11/2019,36.78538,-119.77321,9.4,,27.1
06-019-0011,12/24/2019,36.78538,-119.77321,9.2,,18.3
06-019-0011,1/4/2020,36.78538,-119.77321,11.4,,16
06-019-0011,1/16/2020,36.78538,-119.77321,9.4,,8.7
06-019-0011,1/28/2020,36.78538,-119.77321,10.8,,12.3
06-019-0011,2/9/2020,36.78538,-119.77321,10.3,,11.2
06-019-0011,2/21/2020,36.78538,-119.77321,14.2,,17.4
06-019-0011,3/4/2020,36.78538,-119.77321,15.8,,14
06-019-0011,3/18/2020,36.78538,-119.77321,9.8,,2.2
06-019-0011,4/21/2020,36.78538,-119.77321,15.1,,6.7
06-019-0011,5/3/2020,36.78538,-119.77321,20.3,,2.2
06-019-0011,5/15/2020,36.78538,-119.77321,20.1,,2.6
06-019-0011,5/29/2020,36.78538,-119.77321,30.6,,7.1
06-019-0011,6/8/2020,36.78538,-119.77321,19,,2.2
06-019-0011,6/20/2020,36.78538,-119.77321,29.8,,7.2
06-019-0011,7/2/2020,36.78538,-119.77321,26.9,,8.3
06-019-0011,7/16/2020,36.78538,-119.77321,29.6,,9.2
06-019-0011,7/26/2020,36.78538,-119.77321,30,,9.7
06-019-0011,8/7/2020,36.78538,-119.77321,26.3,,7
06-019-0011,8/19/2020,36.78538,-119.77321,34.5,,31.7
06-019-0011,8/31/2020,36.78538,-119.77321,28.7,,42.5
06-019-0011,9/12/2020,36.78538,-119.77321,22.3,,73.7
06-019-0011,9/26/2020,36.78538,-119.77321,24,,16.9
06-019-0011,10/9/2020,36.78538,-119.77321,19.7,,22.5
06-019-0011,10/18/2020,36.78538,-119.77321,24.3,,27.7
06-019-0011,10/30/2020,36.78538,-119.77321,17,,28.9
06-019-0011,11/11/2020,36.78538,-119.77321,9.3,,21.1
06-019-0011,11/23/2020,36.78538,-119.77321,11.5,,28
06-019-0011,12/5/2020,36.78538,-119.77321,11.4,,30.8
06-065-0009,1/31/2016,33.447867,-117.088649,,,6.875
06-065-0009,2/6/2016,33.447867,-117.088649,13.5,,7.565217
06-065-0009,2/12/2016,33.447867,-117.088649,12.3,,9.583333
06-065-0009,2/18/2016,33.447867,-117.088649,12.4,,8.428571
06-065-0009,2/24/2016,33.447867,-117.088649,16.4,,8.083333
06-065-0009,3/1/2016,33.447867,-117.088649,11.9,,7.166667
06-065-0009,3/7/2016,33.447867,-117.088649,8.2,,2.875
06-065-0009,3/15/2016,33.447867,-117.088649,13.2,,5.956522
06-065-0009,3/19/2016,33.447867,-117.088649,,,7.916667
06-065-0009,4/6/2016,33.447867,-117.088649,13.5,,7.166667
06-065-0009,4/12/2016,33.447867,-117.088649,13.1,,3.666667
06-065-0009,4/20/2016,33.447867,-117.088649,16.4,,4.083333
06-065-0009,4/30/2016,33.447867,-117.088649,13.2,,7.25
06-065-0009,5/6/2016,33.447867,-117.088649,12.3,,3.958333
06-065-0009,5/12/2016,33.447867,-117.088649,15.2,,13.541667
06-065-0009,5/18/2016,33.447867,-117.088649,16.2,,14.083333
06-065-0009,5/24/2016,33.447867,-117.088649,14.2,,4.347826
06-065-0009,5/31/2016,33.447867,-117.088649,,,12.913043
06-065-0009,6/5/2016,33.447867,-117.088649,15.7,,8.75
06-065-0009,6/11/2016,33.447867,-117.088649,15.8,,7.708333
06-065-0009,6/17/2016,33.447867,-117.088649,19.1,,14.833333
06-065-0009,7/17/2016,33.447867,-117.088649,19.2,,11.333333
06-065-0009,7/22/2016,33.447867,-117.088649,21.9,,13.875
06-065-0009,7/29/2016,33.447867,-117.088649,20.5,,16.458333
06-065-0009,8/4/2016,33.447867,-117.088649,20.9,,11.291667
06-065-0009,8/16/2016,33.447867,-117.088649,17.8,,12.75
06-065-0009,8/22/2016,33.447867,-117.088649,16.8,,12.041667
06-065-0009,8/28/2016,33.447867,-117.088649,16.4,,13.916667
06-065-0009,9/3/2016,33.447867,-117.088649,16.6,,14.25
06-065-0009,9/21/2016,33.447867,-117.088649,19.6,,10.541667
06-065-0009,9/27/2016,33.447867,-117.088649,22.8,,8.75
06-065-0009,10/3/2016,33.447867,-117.088649,,,10.833333
06-065-0009,10/9/2016,33.447867,-117.088649,17.8,,7.375
06-065-0009,10/15/2016,33.447867,-117.088649,,,12.590909
06-065-0009,11/20/2016,33.447867,-117.088649,12.7,,9.166667
06-065-0009,11/26/2016,33.447867,-117.088649,5.9,,7.666667
06-065-0009,12/2/2016,33.447867,-117.088649,10.5,,7.875
06-065-0009,12/8/2016,33.447867,-117.088649,8.9,,13.125
06-065-0009,12/14/2016,33.447867,-117.088649,10,,8.041667
06-065-0009,1/19/2017,33.447867,-117.088649,10.6,,9.4
06-065-0009,1/25/2017,33.447867,-117.088649,5.9,,9.1
06-065-0009,1/31/2017,33.447867,-117.088649,9.5,,7.9
06-065-0009,2/6/2017,33.447867,-117.088649,,,6.7
06-065-0009,2/12/2017,33.447867,-117.088649,10.8,,7.7
06-065-0009,2/18/2017,33.447867,-117.088649,,,2.9
06-065-0009,2/24/2017,33.447867,-117.088649,6.2,,3.6
06-065-0009,3/2/2017,33.447867,-117.088649,12.6,,2
06-065-0009,3/8/2017,33.447867,-117.088649,12.3,,5
06-065-0009,3/14/2017,33.447867,-117.088649,13.8,,5.3
06-065-0009,4/1/2017,33.447867,-117.088649,10.9,,9.7
06-065-0009,4/7/2017,33.447867,-117.088649,13.4,,9.8
06-065-0009,4/19/2017,33.447867,-117.088649,15.7,,5.9
06-065-0009,4/25/2017,33.447867,-117.088649,15.2,,9.9
06-065-0009,5/1/2017,33.447867,-117.088649,14.6,,8.9
06-065-0009,5/13/2017,33.447867,-117.088649,14.9,,10.1
06-065-0009,5/20/2017,33.447867,-117.088649,20.4,,10.3
06-065-0009,5/31/2017,33.447867,-117.088649,14.8,,12.7
06-065-0009,6/18/2017,33.447867,-117.088649,,,9
06-065-0009,6/24/2017,33.447867,-117.088649,16.3,,9.8
06-065-0009,6/30/2017,33.447867,-117.088649,17.4,,10.5
06-065-0009,7/6/2017,33.447867,-117.088649,17.6,,10.4
06-065-0009,7/12/2017,33.447867,-117.088649,17.3,,2.6
06-065-0009,7/18/2017,33.447867,-117.088649,14.6,,7.4
06-065-0009,7/26/2017,33.447867,-117.088649,15.3,,4.5
06-065-0009,7/28/2017,33.447867,-117.088649,14,,5.6
06-065-0009,8/5/2017,33.447867,-117.088649,15.1,,2.8
06-065-0009,8/11/2017,33.447867,-117.088649,14,,7
06-065-0009,8/17/2017,33.447867,-117.088649,11.8,,3.2
06-065-0009,8/24/2017,33.447867,-117.088649,,,5.9
06-065-0009,8/29/2017,33.447867,-117.088649,16.7,,5.7
06-065-0009,9/4/2017,33.447867,-117.088649,,,4.5
06-065-0009,9/10/2017,33.447867,-117.088649,,,2.8
06-065-0009,9/16/2017,33.447867,-117.088649,,,2.6
06-065-0009,9/22/2017,33.447867,-117.088649,14.1,,1.2
06-065-0009,9/28/2017,33.447867,-117.088649,,,1.3
06-065-0009,10/4/2017,33.447867,-117.088649,15.2,,4.7
06-065-0009,4/8/2018,33.447867,-117.088649,,,1.866667
06-065-0009,4/26/2018,33.447867,-117.088649,13,,7.783333
06-065-0009,5/2/2018,33.447867,-117.088649,10.3,,2.35
06-065-0009,5/8/2018,33.447867,-117.088649,12.6,,6.416667
06-065-0009,5/14/2018,33.447867,-117.088649,,,3.829167
06-065-0009,5/20/2018,33.447867,-117.088649,13.8,,2.479167
06-065-0009,5/26/2018,33.447867,-117.088649,,,0.566667
06-065-0009,6/1/2018,33.447867,-117.088649,15,,4.1
06-065-0009,6/7/2018,33.447867,-117.088649,15.6,,5.158333
06-065-0009,6/13/2018,33.447867,-117.088649,15.9,,6.129167
06-065-0009,6/19/2018,33.447867,-117.088649,14.6,,7.633333
06-065-0009,6/25/2018,33.447867,-117.088649,16.3,,6.825
06-065-0009,7/1/2018,33.447867,-117.088649,16.8,,1.158333
06-065-0009,7/7/2018,33.447867,-117.088649,23.2,,13.916667
06-065-0009,7/13/2018,33.447867,-117.088649,19.2,,9.008333
06-065-0009,7/19/2018,33.447867,-117.088649,19.8,,6.7625
06-065-0009,7/25/2018,33.447867,-117.088649,20.6,,12.633333
06-065-0009,8/6/2018,33.447867,-117.088649,20.8,,9.825
06-065-0009,8/18/2018,33.447867,-117.088649,21.5,,10.020833
06-065-0009,8/25/2018,33.447867,-117.088649,19.2,,28.9
06-065-0009,8/30/2018,33.447867,-117.088649,18.5,,3.6
06-065-0009,9/5/2018,33.447867,-117.088649,19.3,,7.341667
06-065-0009,9/11/2018,33.447867,-117.088649,17.4,,7.758333
06-065-0009,9/17/2018,33.447867,-117.088649,,,3.6625
06-065-0009,9/23/2018,33.447867,-117.088649,18,,8.608333
06-065-0009,10/5/2018,33.447867,-117.088649,,,0.570833
06-065-0009,10/29/2018,33.447867,-117.088649,11.9,,6.647619
06-065-0009,11/4/2018,33.447867,-117.088649,12.6,,3.629167
06-065-0009,11/16/2018,33.447867,-117.088649,10.4,,3.166667
06-065-0009,11/20/2018,33.447867,-117.088649,,,7.25
06-065-0009,11/28/2018,33.447867,-117.088649,9.5,,2.583333
06-065-0009,12/4/2018,33.447867,-117.088649,8.3,,1.666667
06-065-0009,12/10/2018,33.447867,-117.088649,8.8,,2.166667
06-065-0009,12/16/2018,33.447867,-117.088649,,,4.041667
06-065-0009,12/22/2018,33.447867,-117.088649,7.3,,6.083333
06-065-0009,12/28/2018,33.447867,-117.088649,8.4,,1.916667
06-065-0009,1/3/2019,33.447867,-117.088649,4.2,,3.7
06-065-0009,1/9/2019,33.447867,-117.088649,7.7,,2.6
06-065-0009,1/15/2019,33.447867,-117.088649,9.8,,1.3
06-065-0009,1/21/2019,33.447867,-117.088649,10.4,,2.2
06-065-0009,1/27/2019,33.447867,-117.088649,,,1.6
06-065-0009,2/2/2019,33.447867,-117.088649,10.1,,1.3
06-065-0009,2/8/2019,33.447867,-117.088649,4.7,,2.6
06-065-0009,2/14/2019,33.447867,-117.088649,11.3,,3.2
06-065-0009,2/20/2019,33.447867,-117.088649,,,0.9
06-065-0009,2/26/2019,33.447867,-117.088649,,,6.7
06-065-0009,3/4/2019,33.447867,-117.088649,10,,0.9
06-065-0009,3/10/2019,33.447867,-117.088649,,,1.3
06-065-0009,3/16/2019,33.447867,-117.088649,10.9,,1.5
06-065-0009,3/22/2019,33.447867,-117.088649,8.9,,1.5
06-065-0009,4/3/2019,33.447867,-117.088649,,,0.5
06-065-0009,4/9/2019,33.447867,-117.088649,12.3,,6.9
06-065-0009,4/15/2019,33.447867,-117.088649,11.2,,3.6
06-065-0009,4/21/2019,33.447867,-117.088649,12.3,,3.3
06-065-0009,4/27/2019,33.447867,-117.088649,13.6,,4.3
06-065-0009,5/3/2019,33.447867,-117.088649,13.6,,8.2
06-065-0009,5/9/2019,33.447867,-117.088649,,,1.2
06-065-0009,5/15/2019,33.447867,-117.088649,14,,4.4
06-065-0009,5/21/2019,33.447867,-117.088649,,,1.9
06-065-0009,6/20/2019,33.447867,-117.088649,15.5,,4.1
06-065-0009,6/26/2019,33.447867,-117.088649,15,,6.1
06-065-0009,7/2/2019,33.447867,-117.088649,17,,6.3
06-065-0009,7/8/2019,33.447867,-117.088649,16.7,,8.3
06-065-0009,7/14/2019,33.447867,-117.088649,17.1,,8.5
06-065-0009,7/20/2019,33.447867,-117.088649,18.3,,4.9
06-065-0009,7/26/2019,33.447867,-117.088649,21.1,,7.5
06-065-0009,9/6/2019,33.447867,-117.088649,21.7,,7
06-065-0009,9/12/2019,33.447867,-117.088649,17.8,,8.3
06-065-0009,9/18/2019,33.447867,-117.088649,,,4.1
06-065-0009,9/24/2019,33.447867,-117.088649,17.3,,6.5
06-065-0009,10/6/2019,33.447867,-117.088649,14.2,,4.2
06-065-0009,10/12/2019,33.447867,-117.088649,13,,4.6
06-065-0009,10/18/2019,33.447867,-117.088649,15.2,,7
06-065-0009,11/5/2019,33.447867,-117.088649,11.3,,9.3
06-065-0009,11/11/2019,33.447867,-117.088649,12.6,,8.9
06-065-0009,11/17/2019,33.447867,-117.088649,,,4.2
06-065-0009,11/23/2019,33.447867,-117.088649,10.6,,2.6
06-065-0009,11/29/2019,33.447867,-117.088649,,,1
06-065-0009,12/5/2019,33.447867,-117.088649,12,,1.8
06-065-0009,12/11/2019,33.447867,-117.088649,9,,4.7
06-065-0009,12/17/2019,33.447867,-117.088649,12.3,,2.1
06-065-0009,12/23/2019,33.447867,-117.088649,,,4.7
06-065-0009,12/29/2019,33.447867,-117.088649,6.4,,4.7
06-065-0009,1/4/2020,33.447867,-117.088649,,,4
06-065-0009,1/10/2020,33.447867,-117.088649,7.2,,2.8
06-065-0009,1/16/2020,33.447867,-117.088649,8,,7
06-065-0009,1/22/2020,33.447867,-117.088649,11.6,,3.3
06-065-0009,1/28/2020,33.447867,-117.088649,13.1,,4
06-065-0009,2/3/2020,33.447867,-117.088649,9.9,,2.7
06-065-0009,2/15/2020,33.447867,-117.088649,11.8,,6
06-065-0009,2/21/2020,33.447867,-117.088649,15.8,,6.9
06-065-0009,2/27/2020,33.447867,-117.088649,16.6,,3.7
06-065-0009,3/4/2020,33.447867,-117.088649,13.3,,7.2
06-065-0009,3/16/2020,33.447867,-117.088649,11.2,,3
06-065-0009,3/22/2020,33.447867,-117.088649,12.4,,2.1
06-065-0009,3/28/2020,33.447867,-117.088649,10.1,,3.9
06-065-0009,4/3/2020,33.447867,-117.088649,13.9,,4.3
06-065-0009,4/9/2020,33.447867,-117.088649,9.6,,2.3
06-065-0009,4/15/2020,33.447867,-117.088649,16.8,,4.7
06-065-0009,4/21/2020,33.447867,-117.088649,15.5,,1.6
06-065-0009,4/27/2020,33.447867,-117.088649,20.5,,2.5
06-065-0009,5/3/2020,33.447867,-117.088649,19.3,,1.7
06-065-0009,5/9/2020,33.447867,-117.088649,20.3,,1.9
06-065-0009,5/15/2020,33.447867,-117.088649,18.2,,1.8
06-065-0009,5/21/2020,33.447867,-117.088649,20.1,,3.7
06-065-0009,5/27/2020,33.447867,-117.088649,23.8,,2.1
06-065-0009,6/2/2020,33.447867,-117.088649,23,,2.8
06-065-0009,6/8/2020,33.447867,-117.088649,20.7,,2.6
06-065-0009,6/14/2020,33.447867,-117.088649,19.8,,1.8
06-065-0009,6/20/2020,33.447867,-117.088649,19.3,,1.2
06-065-0009,7/2/2020,33.447867,-117.088649,20.4,,8.5
06-065-0009,7/8/2020,33.447867,-117.088649,22.5,,11.9
06-065-0009,7/14/2020,33.447867,-117.088649,22,,9
06-065-0009,7/20/2020,33.447867,-117.088649,23.2,,6
06-065-0009,7/26/2020,33.447867,-117.088649,24.3,,7.2
06-065-0009,8/1/2020,33.447867,-117.088649,28.4,,9.2
06-065-0009,8/7/2020,33.447867,-117.088649,21.5,,4.5
06-065-0009,8/13/2020,33.447867,-117.088649,29,,11.2
06-065-0009,8/19/2020,33.447867,-117.088649,30,,10.8
06-065-0009,8/25/2020,33.447867,-117.088649,27.3,,9.6
06-065-0009,9/1/2020,33.447867,-117.088649,21.5,,6.8
06-065-0009,9/6/2020,33.447867,-117.088649,33.8,,11.8
06-065-0009,9/12/2020,33.447867,-117.088649,23.6,,28.5
06-065-0009,9/18/2020,33.447867,-117.088649,27.9,,8.6
06-065-0009,9/24/2020,33.447867,-117.088649,23.8,,10.1
06-065-0009,9/30/2020,33.447867,-117.088649,28.6,,8.4
06-065-0009,10/6/2020,33.447867,-117.088649,23.2,,21.9
06-065-0009,10/12/2020,33.447867,-117.088649,25.3,,9.8
06-065-0009,10/18/2020,33.447867,-117.088649,21.5,,8.2
06-065-0009,10/24/2020,33.447867,-117.088649,17.4,,6.3
06-065-0009,10/30/2020,33.447867,-117.088649,18.6,,5
06-065-0009,11/5/2020,33.447867,-117.088649,23.5,,8.2
06-065-0009,11/11/2020,33.447867,-117.088649,10.3,,4
06-065-0009,11/17/2020,33.447867,-117.088649,16.8,,3.3
06-065-0009,11/29/2020,33.447867,-117.088649,12.1,,5
06-065-0009,12/5/2020,33.447867,-117.088649,10.3,,9.2
06-065-0009,12/11/2020,33.447867,-117.088649,9.3,,6.4
06-065-0009,12/17/2020,33.447867,-117.088649,9.7,,7.2
06-065-0009,12/23/2020,33.447867,-117.088649,11.8,,8.4
06-065-0500,8/1/2020,33.71969,-116.1897,36.8,,12.5
06-065-0500,8/7/2020,33.71969,-116.1897,31.6,,8.6
06-065-0500,8/13/2020,33.71969,-116.1897,39.6,,9.2
06-065-0500,8/19/2020,33.71969,-116.1897,35.7,,15.6
06-065-0500,8/25/2020,33.71969,-116.1897,38.9,,9.5
06-065-0500,8/31/2020,33.71969,-116.1897,34.4,,11.1
06-065-0500,9/6/2020,33.71969,-116.1897,41.7,,10.3
06-065-0500,9/12/2020,33.71969,-116.1897,31.4,,17.1
06-065-0500,9/18/2020,33.71969,-116.1897,36.7,,16.3
06-065-0500,9/24/2020,33.71969,-116.1897,34.8,,17.5
06-065-0500,9/30/2020,33.71969,-116.1897,29.5,,7.8
06-065-0500,10/6/2020,33.71969,-116.1897,29.6,,26
06-065-0500,10/12/2020,33.71969,-116.1897,27.2,,10.8
06-065-0500,10/18/2020,33.71969,-116.1897,25.5,,15.7
06-065-0500,10/24/2020,33.71969,-116.1897,23.9,,14.6
06-065-0500,11/5/2020,33.71969,-116.1897,24.5,,8.9
06-065-0500,11/17/2020,33.71969,-116.1897,17,,5.8
06-065-0500,11/23/2020,33.71969,-116.1897,17,,11.5
06-065-0500,11/29/2020,33.71969,-116.1897,12.1,,5.5
06-065-0500,12/5/2020,33.71969,-116.1897,9.3,,7.4
06-065-0500,12/11/2020,33.71969,-116.1897,11,,17.9
06-065-0500,12/23/2020,33.71969,-116.1897,13.4,,5.6
06-065-0500,12/29/2020,33.71969,-116.1897,12.3,,2.2
06-065-1016,1/1/2016,33.944713,-116.830074,,,2.75
06-065-1016,1/9/2016,33.944713,-116.830074,,,13.708333
06-065-1016,1/13/2016,33.944713,-116.830074,,,6.791667
06-065-1016,1/19/2016,33.944713,-116.830074,,,16.333333
06-065-1016,1/25/2016,33.944713,-116.830074,,,3.25
06-065-1016,1/31/2016,33.944713,-116.830074,,,4.125
06-065-1016,2/6/2016,33.944713,-116.830074,,,2.25
06-065-1016,2/12/2016,33.944713,-116.830074,,,4.5
06-065-1016,2/19/2016,33.944713,-116.830074,,,7.375
06-065-1016,2/24/2016,33.944713,-116.830074,,,3.166667
06-065-1016,3/7/2016,33.944713,-116.830074,,,5.25
06-065-1016,3/13/2016,33.944713,-116.830074,,,9.958333
06-065-1016,3/19/2016,33.944713,-116.830074,,,17.25
06-065-1016,3/25/2016,33.944713,-116.830074,,,8.041667
06-065-1016,3/31/2016,33.944713,-116.830074,,,9.458333
06-065-1016,4/6/2016,33.944713,-116.830074,,,6.833333
06-065-1016,4/12/2016,33.944713,-116.830074,,,15.083333
06-065-1016,4/18/2016,33.944713,-116.830074,,,5.208333
06-065-1016,4/24/2016,33.944713,-116.830074,,,7.166667
06-065-1016,4/30/2016,33.944713,-116.830074,,,11.958333
06-065-1016,5/7/2016,33.944713,-116.830074,,,6.541667
06-065-1016,5/12/2016,33.944713,-116.830074,,,8.541667
06-065-1016,5/18/2016,33.944713,-116.830074,,,15.458333
06-065-1016,5/24/2016,33.944713,-116.830074,,,7.833333
06-065-1016,5/30/2016,33.944713,-116.830074,,,22.75
06-065-1016,6/5/2016,33.944713,-116.830074,,,16.125
06-065-1016,6/23/2016,33.944713,-116.830074,,,14
06-065-1016,6/29/2016,33.944713,-116.830074,,,17.375
06-065-1016,7/5/2016,33.944713,-116.830074,,,23.458333
06-065-1016,7/11/2016,33.944713,-116.830074,,,10.666667
06-065-1016,7/17/2016,33.944713,-116.830074,,,7.958333
06-065-1016,7/23/2016,33.944713,-116.830074,,,13.458333
06-065-1016,8/4/2016,33.944713,-116.830074,,,19
06-065-1016,8/10/2016,33.944713,-116.830074,,,7.041667
06-065-1016,8/16/2016,33.944713,-116.830074,,,5.5
06-065-1016,8/22/2016,33.944713,-116.830074,,,11.333333
06-065-1016,8/28/2016,33.944713,-116.830074,,,16.041667
06-065-1016,9/3/2016,33.944713,-116.830074,,,13.125
06-065-1016,9/9/2016,33.944713,-116.830074,,,19.583333
06-065-1016,9/15/2016,33.944713,-116.830074,,,9.583333
06-065-1016,9/21/2016,33.944713,-116.830074,,,15.75
06-065-1016,9/27/2016,33.944713,-116.830074,,,10.458333
06-065-1016,10/3/2016,33.944713,-116.830074,,,14.125
06-065-1016,10/9/2016,33.944713,-116.830074,,,7.083333
06-065-1016,10/15/2016,33.944713,-116.830074,,,21.666667
06-065-1016,10/21/2016,33.944713,-116.830074,,,4.583333
06-065-1016,10/27/2016,33.944713,-116.830074,,,6.5
06-065-1016,11/2/2016,33.944713,-116.830074,,,7.125
06-065-1016,11/8/2016,33.944713,-116.830074,,,4.5
06-065-1016,11/15/2016,33.944713,-116.830074,,,7.333333
06-065-1016,11/20/2016,33.944713,-116.830074,,,6.708333
06-065-1016,11/26/2016,33.944713,-116.830074,,,6.291667
06-065-1016,12/2/2016,33.944713,-116.830074,,,5.416667
06-065-1016,12/8/2016,33.944713,-116.830074,,,16.125
06-065-1016,12/14/2016,33.944713,-116.830074,,,4.333333
06-065-1016,12/20/2016,33.944713,-116.830074,,,3.208333
06-065-1016,12/26/2016,33.944713,-116.830074,,,4.75
06-065-1016,1/1/2017,33.944713,-116.830074,,,6.4
06-065-1016,1/10/2017,33.944713,-116.830074,,,12
06-065-1016,1/14/2017,33.944713,-116.830074,,,4.2
06-065-1016,1/20/2017,33.944713,-116.830074,,,5.1
06-065-1016,1/27/2017,33.944713,-116.830074,,,3.7
06-065-1016,1/31/2017,33.944713,-116.830074,,,4.5
06-065-1016,2/6/2017,33.944713,-116.830074,,,6.8
06-065-1016,2/12/2017,33.944713,-116.830074,,,4.2
06-065-1016,2/18/2017,33.944713,-116.830074,,,3.8
06-065-1016,2/24/2017,33.944713,-116.830074,,,6
06-065-1016,3/2/2017,33.944713,-116.830074,,,3
06-065-1016,3/8/2017,33.944713,-116.830074,,,3.7
06-065-1016,3/14/2017,33.944713,-116.830074,,,6.6
06-065-1016,3/20/2017,33.944713,-116.830074,,,14.4
06-065-1016,3/26/2017,33.944713,-116.830074,,,14
06-065-1016,4/1/2017,33.944713,-116.830074,,,10.1
06-065-1016,4/7/2017,33.944713,-116.830074,,,5.7
06-065-1016,4/13/2017,33.944713,-116.830074,,,9.8
06-065-1016,4/19/2017,33.944713,-116.830074,,,12.3
06-065-1016,4/25/2017,33.944713,-116.830074,,,15.3
06-065-1016,5/1/2017,33.944713,-116.830074,,,8.6
06-065-1016,5/7/2017,33.944713,-116.830074,,,3
06-065-1016,5/13/2017,33.944713,-116.830074,,,15.5
06-065-1016,10/4/2017,33.944713,-116.830074,,,8.3
06-065-1016,10/10/2017,33.944713,-116.830074,,,2.2
06-065-1016,10/23/2017,33.944713,-116.830074,,,0.4
06-065-1016,10/30/2017,33.944713,-116.830074,,,15.6
06-065-1016,11/3/2017,33.944713,-116.830074,,,9.2
06-065-1016,11/10/2017,33.944713,-116.830074,,,18.3
06-065-1016,11/15/2017,33.944713,-116.830074,,,7.2
06-065-1016,11/21/2017,33.944713,-116.830074,,,1.7
06-065-1016,11/27/2017,33.944713,-116.830074,,,21.1
06-065-1016,12/3/2017,33.944713,-116.830074,,,18.3
06-065-1016,12/9/2017,33.944713,-116.830074,,,-0.9
06-065-1016,12/15/2017,33.944713,-116.830074,,,1
06-065-1016,12/21/2017,33.944713,-116.830074,,,0.8
06-065-1016,12/27/2017,33.944713,-116.830074,,,0
06-065-1016,1/2/2018,33.944713,-116.830074,,,-0.375
06-065-1016,1/8/2018,33.944713,-116.830074,,,5.041667
06-065-1016,1/14/2018,33.944713,-116.830074,,,0.291667
06-065-1016,1/20/2018,33.944713,-116.830074,,,2.833333
06-065-1016,2/1/2018,33.944713,-116.830074,,,2.291667
06-065-1016,2/7/2018,33.944713,-116.830074,,,0.541667
06-065-1016,2/13/2018,33.944713,-116.830074,,,2.791667
06-065-1016,3/3/2018,33.944713,-116.830074,,,2.375
06-065-1016,3/9/2018,33.944713,-116.830074,,,14.791667
06-065-1016,3/15/2018,33.944713,-116.830074,,,3.166667
06-065-1016,3/21/2018,33.944713,-116.830074,,,9.666667
06-065-1016,3/27/2018,33.944713,-116.830074,,,1.583333
06-065-1016,4/2/2018,33.944713,-116.830074,,,15.708333
06-065-1016,4/8/2018,33.944713,-116.830074,,,11.75
06-065-1016,4/14/2018,33.944713,-116.830074,,,6.333333
06-065-1016,4/20/2018,33.944713,-116.830074,,,7.833333
06-065-1016,4/26/2018,33.944713,-116.830074,,,13.875
06-065-1016,5/2/2018,33.944713,-116.830074,,,5.708333
06-065-1016,5/8/2018,33.944713,-116.830074,,,12.458333
06-065-1016,5/14/2018,33.944713,-116.830074,,,16.166667
06-065-1016,5/20/2018,33.944713,-116.830074,,,22.666667
06-065-1016,6/1/2018,33.944713,-116.830074,,,15.041667
06-065-1016,6/7/2018,33.944713,-116.830074,,,12.791667
06-065-1016,6/13/2018,33.944713,-116.830074,,,13.75
06-065-1016,6/19/2018,33.944713,-116.830074,,,18.541667
06-065-1016,6/25/2018,33.944713,-116.830074,,,11.583333
06-065-1016,7/1/2018,33.944713,-116.830074,,,10.916667
06-065-1016,7/7/2018,33.944713,-116.830074,,,12.416667
06-065-1016,7/13/2018,33.944713,-116.830074,,,13.958333
06-065-1016,7/19/2018,33.944713,-116.830074,,,14.833333
06-065-1016,7/25/2018,33.944713,-116.830074,,,17.083333
06-065-1016,7/31/2018,33.944713,-116.830074,,,13.75
06-065-1016,8/6/2018,33.944713,-116.830074,,,8.875
06-065-1016,8/12/2018,33.944713,-116.830074,,,15.375
06-065-1016,8/18/2018,33.944713,-116.830074,,,20.25
06-065-1016,8/24/2018,33.944713,-116.830074,,,19.041667
06-065-1016,8/30/2018,33.944713,-116.830074,,,6.458333
06-065-1016,9/5/2018,33.944713,-116.830074,,,13.478261
06-065-1016,9/11/2018,33.944713,-116.830074,,,6.458333
06-065-1016,9/17/2018,33.944713,-116.830074,,,7.208333
06-065-1016,9/23/2018,33.944713,-116.830074,,,10.166667
06-065-1016,9/29/2018,33.944713,-116.830074,,,6.208333
06-065-1016,10/5/2018,33.944713,-116.830074,,,14.541667
06-065-1016,10/11/2018,33.944713,-116.830074,,,11.375
06-065-1016,10/17/2018,33.944713,-116.830074,,,0.375
06-065-1016,10/23/2018,33.944713,-116.830074,,,5.916667
06-065-1016,10/29/2018,33.944713,-116.830074,,,6.041667
06-065-1016,11/4/2018,33.944713,-116.830074,,,4.25
06-065-1016,11/10/2018,33.944713,-116.830074,,,7.458333
06-065-1016,11/16/2018,33.944713,-116.830074,,,1.875
06-065-1016,11/22/2018,33.944713,-116.830074,,,5.875
06-065-1016,11/28/2018,33.944713,-116.830074,,,3.375
06-065-1016,12/4/2018,33.944713,-116.830074,,,-0.083333
06-065-1016,12/10/2018,33.944713,-116.830074,,,0.090909
06-065-1016,12/16/2018,33.944713,-116.830074,,,1
06-065-1016,12/22/2018,33.944713,-116.830074,,,3.416667
06-065-1016,1/1/2019,33.944713,-116.830074,,,0.2
06-065-1016,6/12/2019,33.944713,-116.830074,,,13.9
06-065-1016,6/14/2019,33.944713,-116.830074,,,13.6
06-065-1016,6/20/2019,33.944713,-116.830074,,,16.2
06-065-1016,7/2/2019,33.944713,-116.830074,,,12.3
06-065-1016,7/8/2019,33.944713,-116.830074,,,17.9
06-065-1016,7/14/2019,33.944713,-116.830074,,,10
06-065-1016,7/20/2019,33.944713,-116.830074,,,7.2
06-065-1016,7/26/2019,33.944713,-116.830074,,,15.6
06-065-1016,8/1/2019,33.944713,-116.830074,,,10.3
06-065-1016,8/7/2019,33.944713,-116.830074,,,13.6
06-065-1016,8/13/2019,33.944713,-116.830074,,,10
06-065-1016,8/19/2019,33.944713,-116.830074,,,11
06-065-1016,8/25/2019,33.944713,-116.830074,,,10.7
06-065-1016,8/31/2019,33.944713,-116.830074,,,8.8
06-065-1016,9/6/2019,33.944713,-116.830074,,,14.3
06-065-1016,9/12/2019,33.944713,-116.830074,,,6.8
06-065-1016,9/18/2019,33.944713,-116.830074,,,6.3
06-065-1016,9/24/2019,33.944713,-116.830074,,,5.5
06-065-1016,9/30/2019,33.944713,-116.830074,,,9
06-065-1016,10/6/2019,33.944713,-116.830074,,,5
06-065-1016,10/12/2019,33.944713,-116.830074,,,3.5
06-065-1016,10/18/2019,33.944713,-116.830074,,,9.2
06-065-1016,10/24/2019,33.944713,-116.830074,,,2.7
06-065-1016,11/5/2019,33.944713,-116.830074,,,1.7
06-065-1016,11/11/2019,33.944713,-116.830074,,,2
06-065-1016,11/17/2019,33.944713,-116.830074,,,0.8
06-065-1016,11/23/2019,33.944713,-116.830074,,,2.5
06-065-1016,11/29/2019,33.944713,-116.830074,,,2.2
06-065-1016,12/5/2019,33.944713,-116.830074,,,3
06-065-1016,12/11/2019,33.944713,-116.830074,,,2.8
06-065-1016,12/17/2019,33.944713,-116.830074,,,1.5
06-065-1016,12/23/2019,33.944713,-116.830074,,,4.1
06-065-1016,12/29/2019,33.944713,-116.830074,,,2.5
06-065-1016,1/4/2020,33.944713,-116.830074,,,4.7
06-065-1016,1/10/2020,33.944713,-116.830074,,,2.2
06-065-1016,1/16/2020,33.944713,-116.830074,5.6,,7.8
06-065-1016,1/22/2020,33.944713,-116.830074,9.1,,8.5
06-065-1016,1/28/2020,33.944713,-116.830074,10.1,,2.3
06-065-1016,2/9/2020,33.944713,-116.830074,6.9,,8.4
06-065-1016,2/15/2020,33.944713,-116.830074,8.9,,5.8
06-065-1016,2/21/2020,33.944713,-116.830074,13.1,,2.1
06-065-1016,2/27/2020,33.944713,-116.830074,12.4,,0.1
06-065-1016,3/4/2020,33.944713,-116.830074,11.2,,4.5
06-065-1016,3/10/2020,33.944713,-116.830074,12.4,,3.1
